arch,init,train_condition,attacker_type,eval_condition,eval_split,k_gallery,k_probe,n_subjects,level,rank1,rank5,top1_sim,margin,p_top1,auc,tar_at_far_1pct,mean_sim_same,mean_sim_diff
resnet18,pretrained,raw,adaptive,raw,train,1,1,3843,slice_level,0.1667967733541504,0.258391881342701,0.8699187874918086,0.009327356095057181,0.001818159361952863,0.8606538697276914,0.3424408014571949,0.810563493699355,0.7216960674185415
resnet18,pretrained,raw,adaptive,raw,train,1,1,3843,subject_level,0.1667967733541504,0.258391881342701,0.8699188354484991,0.009327358902353748,0.0018181595236711028,0.8605348713345413,0.3403590944574551,0.8105635387556893,0.721743037764647
resnet18,pretrained,gs50,adaptive,gs50,train,1,1,3843,slice_level,0.0078064012490242,0.023158990372105125,0.9427704798533152,0.00370763761439486,0.0016734148259517005,0.7598697611067877,0.08847254748894093,0.8541319204158471,0.7820325027363951
resnet18,pretrained,gs50,adaptive,gs50,train,1,1,3843,subject_level,0.0078064012490242,0.023158990372105125,0.9427705357355778,0.0037076364821702775,0.0016734149715693044,0.7597368207477881,0.08847254748894093,0.8541319733512237,0.7821940553008099
resnet18,pretrained,gs50,blind,raw,train,1,1,3843,slice_level,0.06739526411657559,0.12151964610981004,0.9845780463166576,0.0013370456684389494,0.00042067427698168016,0.7428166093594614,0.18553213635180849,0.9648665604943755,0.949695806116013
resnet18,pretrained,gs50,blind,raw,train,1,1,3843,subject_level,0.06739526411657559,0.12151964610981004,0.98457810432378,0.0013370443656051838,0.0004206742905225724,0.7428074823905694,0.18371064272703616,0.9648666175088627,0.9497066168099556
resnet18,pretrained,gs40,adaptive,gs40,train,1,1,3843,slice_level,0.009627894873796514,0.03408795212073901,0.9397742489710035,0.004015200342202665,0.001600324579085859,0.7657610814638496,0.10876919073640386,0.8550680412186517,0.7885788323899094
resnet18,pretrained,gs40,adaptive,gs40,train,1,1,3843,subject_level,0.009627894873796514,0.03408795212073901,0.9397743033022735,0.004015200311182813,0.0016003247156307623,0.7658696880127627,0.1082487639864689,0.855068088989223,0.788444491625344
resnet18,pretrained,gs40,blind,raw,train,1,1,3843,slice_level,0.07702315899037211,0.14025500910746813,0.9800157065879173,0.001690827168557224,0.0004694155246637216,0.7510959380915615,0.20608899297423888,0.9563569986755079,0.9368535208946369
resnet18,pretrained,gs40,blind,raw,train,1,1,3843,subject_level,0.07702315899037211,0.14025500910746813,0.9800157665492903,0.0016908308754294856,0.00046941555990184883,0.7514214913632246,0.20634920634920634,0.9563570539063536,0.9368236102570229
resnet18,pretrained,gs30,adaptive,gs30,train,1,1,3843,slice_level,0.008066614623991674,0.02654176424668228,0.9381680318132342,0.004007555344686079,0.0015166205690709345,0.7656997640745609,0.10668748373666406,0.8557649380894585,0.7917031921907743
resnet18,pretrained,gs30,adaptive,gs30,train,1,1,3843,subject_level,0.008066614623991674,0.02654176424668228,0.9381680851673788,0.0040075554377456335,0.0015166207083573383,0.7654721106175655,0.10981004423627375,0.8557649864028773,0.7917967067648898
resnet18,pretrained,gs30,blind,raw,train,1,1,3843,slice_level,0.08873276086390841,0.15274525110590684,0.976950594527691,0.0018489211138542389,0.0005062764735194226,0.7552061510501062,0.20817069997397866,0.9502894809523381,0.9275460065278168
resnet18,pretrained,gs30,blind,raw,train,1,1,3843,subject_level,0.08873276086390841,0.15274525110590684,0.9769506504099535,0.001848917701670567,0.0005062764955195859,0.7552348683349438,0.20791048659901118,0.9502895354231974,0.9275482181042332
resnet18,pretrained,gs20,adaptive,gs20,train,1,1,3843,slice_level,0.012750455373406194,0.0429352068696331,0.9227864568257685,0.005085758731106498,0.0020203298215903127,0.782386783821594,0.12516263335935468,0.827715854439424,0.7521890009766348
resnet18,pretrained,gs20,adaptive,gs20,train,1,1,3843,subject_level,0.012750455373406194,0.0429352068696331,0.922786509606046,0.005085760700867073,0.002020330030020087,0.7827202740751711,0.12620348685922456,0.8277158992941294,0.7521146508591764
resnet18,pretrained,gs20,blind,raw,train,1,1,3843,slice_level,0.1053864168618267,0.17408274785323966,0.9585679530508034,0.003344425877772859,0.0006950232694779152,0.7875485706241647,0.24460057246942493,0.9219916917804377,0.8851335938350471
resnet18,pretrained,gs20,blind,raw,train,1,1,3843,subject_level,0.1053864168618267,0.17408274785323966,0.9585680075681926,0.003344427227136402,0.000695023311138121,0.7876209596422802,0.24538121259432735,0.9219917436456295,0.8851387867668535
resnet18,pretrained,gs10,adaptive,gs10,train,1,1,3843,slice_level,0.026801977621649754,0.0653135571168358,0.917835358279216,0.005100987632542019,0.0017496589215599812,0.7999438352485729,0.1579495186052563,0.8369132997063402,0.762643580537521
resnet18,pretrained,gs10,adaptive,gs10,train,1,1,3843,subject_level,0.026801977621649754,0.0653135571168358,0.9178354115403011,0.005100988795786452,0.001749659081475798,0.7997601870692437,0.15820973198022378,0.8369133484385269,0.7627029515725543
resnet18,pretrained,gs10,blind,raw,train,1,1,3843,slice_level,0.060109289617486336,0.10408534998698933,0.9752372203939073,0.0018103425620032139,0.0006419343763834916,0.6146619120340663,0.0809263596148842,0.9226160877978712,0.8976573161428371
resnet18,pretrained,gs10,blind,raw,train,1,1,3843,subject_level,0.060109289617486336,0.10408534998698933,0.9752372792695855,0.0018103442370751982,0.0006419344145373032,0.6144347266970731,0.0809263596148842,0.9226161412760953,0.8977349664018454
resnet18,pretrained,gs0,adaptive,gs0,train,1,1,3843,slice_level,0.09549830861306272,0.17512360135310956,0.903862494107742,0.006574896220704276,0.001675428746359274,0.8465938301126937,0.27712724434035907,0.840433451135488,0.7580760502635332
resnet18,pretrained,gs0,adaptive,gs0,train,1,1,3843,subject_level,0.09549830861306272,0.17512360135310956,0.9038625445305107,0.006574897352928859,0.0016754289090317378,0.8464776210742097,0.27660681759042416,0.840433498363212,0.758113297467349
resnet18,pretrained,gs0,blind,raw,train,1,1,3843,slice_level,0.13817330210772832,0.21831902159771013,0.9215786082186861,0.005802500582969719,0.0010883437150072926,0.824013811791451,0.26880041634139995,0.8742368514575656,0.8118692245831673
resnet18,pretrained,gs0,blind,raw,train,1,1,3843,subject_level,0.13817330210772832,0.21831902159771013,0.9215786606732551,0.005802499233606176,0.0010883437871496524,0.8238837250448569,0.26880041634139995,0.8742369007791295,0.8119658408369709
resnet18,scratch,raw,adaptive,raw,train,1,1,3843,slice_level,0.04345563361956804,0.10304449648711944,0.9758749496431175,0.004976216871354408,0.005102750853705165,0.8164294135841402,0.2196200884725475,0.8339600688834814,0.644769648026899
resnet18,scratch,raw,adaptive,raw,train,1,1,3843,subject_level,0.04345563361956804,0.10304449648711944,0.9758750083016567,0.004976218717035576,0.005102751547138195,0.816098669282478,0.21727816809784023,0.8339601186858532,0.6451044457208945
resnet18,scratch,gs50,adaptive,gs50,train,1,1,3843,slice_level,0.022118136872235232,0.06115014311735623,0.950846464861007,0.007227244846776783,0.004811765522441134,0.7937777527924186,0.15014311735623212,0.8068156449117916,0.674845179668355
resnet18,scratch,gs50,adaptive,gs50,train,1,1,3843,subject_level,0.022118136872235232,0.06115014311735623,0.9508465163074308,0.007227243745572052,0.004811766028149533,0.7935150838103066,0.1493624772313297,0.8068156890142656,0.6750494227585633
resnet18,scratch,gs50,blind,raw,train,1,1,3843,slice_level,0.053864168618266976,0.11007025761124122,0.9748837002205284,0.004177118368270402,0.0019624530874357993,0.7588397440754399,0.1725214676034348,0.8888266876188691,0.8050586129407413
resnet18,scratch,gs50,blind,raw,train,1,1,3843,subject_level,0.053864168618266976,0.11007025761124122,0.9748837552652551,0.004177119981302682,0.001962453256106242,0.7588384475113465,0.17096018735362997,0.8888267391040677,0.805092919649803
resnet18,scratch,gs40,adaptive,gs40,train,1,1,3843,slice_level,0.03590944574551132,0.08534998698933126,0.9672507109692902,0.0060748009051378275,0.005136580482966696,0.8055002480253949,0.17330210772833723,0.8324518040183184,0.6702630258671844
resnet18,scratch,gs40,adaptive,gs40,train,1,1,3843,subject_level,0.03590944574551132,0.08534998698933126,0.9672507641838455,0.006074800936157679,0.005136581143107912,0.8055376923779555,0.17330210772833723,0.8324518499509637,0.6701729710055319
resnet18,scratch,gs40,blind,raw,train,1,1,3843,slice_level,0.032266458495966696,0.0663544106167057,0.9962179024890162,0.000741839812132582,0.0005863226268792124,0.738079097485491,0.13895394223263074,0.9635681872283485,0.9314411705904506
resnet18,scratch,gs40,blind,raw,train,1,1,3843,subject_level,0.032266458495966696,0.0663544106167057,0.9962179657695134,0.0007418382921598555,0.0005863226602467578,0.7380737301699023,0.13895394223263074,0.9635682477790988,0.9314316731771082
resnet18,scratch,gs30,adaptive,gs30,train,1,1,3843,slice_level,0.03747072599531616,0.08066614623991673,0.9717876810193713,0.004702696988212234,0.0030119330783413625,0.814186101585866,0.18058808222742648,0.8668164730289161,0.740167237282916
resnet18,scratch,gs30,adaptive,gs30,train,1,1,3843,subject_level,0.03747072599531616,0.08066614623991673,0.9717877332568013,0.004702695669868542,0.0030119333510070694,0.8140848505506496,0.17824616185271924,0.866816520264395,0.7402509232509455
resnet18,scratch,gs30,blind,raw,train,1,1,3843,slice_level,0.05958886286755139,0.11891751236013531,0.9753350277074824,0.004476149442634513,0.002611052316968285,0.8100666315178865,0.2157168878480354,0.881710502060943,0.7621965489870569
resnet18,scratch,gs30,blind,raw,train,1,1,3843,subject_level,0.05958886286755139,0.11891751236013531,0.9753350792624756,0.004476149597733771,0.0026110524332321424,0.8102135184470838,0.21441582097319803,0.8817105507931299,0.7621006577013062
resnet18,scratch,gs20,adaptive,gs20,train,1,1,3843,slice_level,0.04215456674473068,0.09549830861306272,0.967008464928254,0.005667105103854304,0.004345051623394239,0.8153063936315366,0.18319021597710122,0.8478376696018574,0.6934098404813039
resnet18,scratch,gs20,adaptive,gs20,train,1,1,3843,subject_level,0.04215456674473068,0.09549830861306272,0.9670085186081071,0.005667101877789742,0.0043450519487088736,0.8153513793306348,0.18371064272703616,0.847837717302634,0.6934019861115148
resnet18,scratch,gs20,blind,raw,train,1,1,3843,slice_level,0.05256310174342961,0.1082487639864689,0.9802311318571482,0.0034271062521645406,0.0018739470301548345,0.8034753102670393,0.1930783242258652,0.9064274003596905,0.8078526957355965
resnet18,scratch,gs20,blind,raw,train,1,1,3843,subject_level,0.05256310174342961,0.1082487639864689,0.9802311882822581,0.0034271092921099935,0.0018739472587899222,0.8034805732738315,0.19099661722612543,0.9064274517750944,0.8077745242044543
resnet18,scratch,gs10,adaptive,gs10,train,1,1,3843,slice_level,0.04996096799375488,0.11007025761124122,0.9580884887128022,0.00700158634565474,0.005593511751514135,0.834863645279944,0.23341139734582358,0.825545294890328,0.6608206989224336
resnet18,scratch,gs10,adaptive,gs10,train,1,1,3843,subject_level,0.04996096799375488,0.11007025761124122,0.9580885417567483,0.00700158494976142,0.005593512216387809,0.8346149155552411,0.23237054384595368,0.8255453408307282,0.6609561031258978
resnet18,scratch,gs10,blind,raw,train,1,1,3843,slice_level,0.04137392661982826,0.07910486599011189,0.9928220828281167,0.0010976622478744186,0.0006346322508133083,0.7133657083325633,0.14181628935727297,0.9528929541392033,0.9231909883058369
resnet18,scratch,gs10,blind,raw,train,1,1,3843,subject_level,0.04137392661982826,0.07910486599011189,0.9928221413780866,0.00109766227889427,0.0006346322961086531,0.713446481394473,0.14311735623211033,0.9528930100524857,0.9231495229912834
resnet18,scratch,gs0,adaptive,gs0,train,1,1,3843,slice_level,0.03460837887067395,0.08873276086390841,0.9693149302640434,0.005974943412023381,0.006326980483192333,0.8244293977059107,0.19359875097580015,0.8190411868549529,0.6174560678666136
resnet18,scratch,gs0,adaptive,gs0,train,1,1,3843,subject_level,0.03460837887067395,0.08873276086390841,0.9693149863789549,0.005974944606287666,0.006326981264474551,0.8244968237108216,0.19151704397606037,0.8190412342067562,0.6173447939875711
resnet18,scratch,gs0,blind,raw,train,1,1,3843,slice_level,0.03747072599531616,0.08404892011449389,0.9747897133118716,0.004819668009353745,0.003917021817426412,0.7868042107304466,0.15690866510538642,0.8442541243134766,0.7009379858585841
resnet18,scratch,gs0,blind,raw,train,1,1,3843,subject_level,0.03747072599531616,0.08404892011449389,0.9747897690700548,0.004819667311407085,0.00391702208473029,0.7865359721799875,0.15820973198022378,0.8442541730534183,0.7012302136927835
densenet121,pretrained,raw,adaptive,raw,train,1,1,3843,slice_level,0.20634920634920634,0.3044496487119438,0.83381351753352,0.013020284809298172,0.003694306094950196,0.8792216229460121,0.4129586260733802,0.7596775944146705,0.6314920458518649
densenet121,pretrained,raw,adaptive,raw,train,1,1,3843,subject_level,0.20634920634920634,0.3044496487119438,0.8338135654281708,0.013020285801933422,0.003694306477033583,0.8793404704790533,0.4129586260733802,0.7596776385791842,0.6315242310116882
densenet121,pretrained,gs50,adaptive,gs50,train,1,1,3843,slice_level,0.013010668748373666,0.04111371324486079,0.905300236588929,0.006153274382770666,0.0032695037607070143,0.7834166441019758,0.13088732760863908,0.7854304773684067,0.6899945720705303
densenet121,pretrained,gs50,adaptive,gs50,train,1,1,3843,subject_level,0.013010668748373666,0.04111371324486079,0.9053002883300414,0.006153273545234674,0.0032695041042882216,0.783477556613337,0.13114754098360656,0.7854305225022907,0.6900536673544069
densenet121,pretrained,gs50,blind,raw,train,1,1,3843,slice_level,0.08014571948998178,0.14077543585740307,0.9667597467657988,0.0028500122202581146,0.0007517643046680224,0.7469279205904343,0.21623731459797033,0.9220664120421508,0.8849465472576303
densenet121,pretrained,gs50,blind,raw,train,1,1,3843,subject_level,0.08014571948998178,0.14077543585740307,0.9667598256027515,0.002850015074084458,0.0007517643847622486,0.7469900779008288,0.21337496747332813,0.9220664850008417,0.884913532392854
densenet121,pretrained,gs40,adaptive,gs40,train,1,1,3843,slice_level,0.0195160031225605,0.06115014311735623,0.9004335308676736,0.006784920452970594,0.003385138442735482,0.7980618437068956,0.16341399947957325,0.7818588018339809,0.6801121285272752
densenet121,pretrained,gs40,adaptive,gs40,train,1,1,3843,subject_level,0.0195160031225605,0.06115014311735623,0.900433584718136,0.006784920546030148,0.0033851388329070526,0.7978953383616878,0.16315378610460576,0.7818588501939294,0.6800440031390559
densenet121,pretrained,gs40,blind,raw,train,1,1,3843,slice_level,0.037991152745251104,0.07468123861566485,0.9877244862081977,0.001271204885765193,0.0005851060713697933,0.6634282575542285,0.12230028623471247,0.9470476702790133,0.9243752080806215
densenet121,pretrained,gs40,blind,raw,train,1,1,3843,subject_level,0.037991152745251104,0.07468123861566485,0.9877245550877782,0.0012712052580034115,0.000585106103169685,0.6637055803817938,0.12151964610981004,0.9470477355602909,0.9243417947268443
densenet121,pretrained,gs30,adaptive,gs30,train,1,1,3843,slice_level,0.017434296122820714,0.04918032786885246,0.916014742935011,0.005018346792951153,0.002172426465624178,0.792210754856453,0.1444184231069477,0.8214452631796768,0.7403992702236344
densenet121,pretrained,gs30,adaptive,gs30,train,1,1,3843,subject_level,0.017434296122820714,0.04918032786885246,0.9160147989878827,0.0050183488712812075,0.0021724266495773505,0.7919015305326843,0.14467863648191517,0.8214453123616514,0.7405204506759187
densenet121,pretrained,gs30,blind,raw,train,1,1,3843,slice_level,0.02966432474629196,0.05802758261774655,0.990123148576189,0.0010970728862046762,0.000519165753315666,0.6567816289424984,0.10226385636221702,0.9584322937323406,0.9408536126425249
densenet121,pretrained,gs30,blind,raw,train,1,1,3843,subject_level,0.02966432474629196,0.05802758261774655,0.9901232127252421,0.0010970728086550472,0.0005191657918632843,0.657052917094854,0.10226385636221702,0.9584323548259382,0.9408479895729464
densenet121,pretrained,gs20,adaptive,gs20,train,1,1,3843,slice_level,0.02810304449648712,0.07233931824095759,0.8884857605591188,0.007456208637162108,0.0038855727580832783,0.8095086910116153,0.18214936247723132,0.7695345436645739,0.663241641329945
densenet121,pretrained,gs20,adaptive,gs20,train,1,1,3843,subject_level,0.02810304449648712,0.07233931824095759,0.8884858145336605,0.007456207318818417,0.0038855733560030346,0.8095296650357119,0.18162893572729638,0.7695345908922979,0.6631630394235273
densenet121,pretrained,gs20,blind,raw,train,1,1,3843,slice_level,0.04918032786885246,0.08014571948998178,0.967919374982609,0.0029069096850381057,0.0012057132848664234,0.6433712294875449,0.04709862086911267,0.8619733976412031,0.8172763049239964
densenet121,pretrained,gs20,blind,raw,train,1,1,3843,subject_level,0.04918032786885246,0.08014571948998178,0.9679194423577266,0.002906908180575305,0.0012057134151861513,0.6437165782056301,0.04787926099401509,0.8619734562377026,0.8171959226238767
densenet121,pretrained,gs10,adaptive,gs10,train,1,1,3843,slice_level,0.04631798074421025,0.10668748373666406,0.8828973085533478,0.008584045879920883,0.004372363059365632,0.8318992844233756,0.2235232890970596,0.766775005199684,0.6450164756964434
densenet121,pretrained,gs10,adaptive,gs10,train,1,1,3843,subject_level,0.04631798074421025,0.10668748373666406,0.8828973614732145,0.008584046391748432,0.0043723636827616525,0.8316062592455138,0.2235232890970596,0.766775050558462,0.6451426857466068
densenet121,pretrained,gs10,blind,raw,train,1,1,3843,slice_level,0.056726515742909184,0.09888108248763987,0.9635361652339526,0.003180048706442808,0.0017033514409560363,0.6704917435237306,0.050481394743689824,0.8213101779533617,0.7167582488624946
densenet121,pretrained,gs10,blind,raw,train,1,1,3843,subject_level,0.056726515742909184,0.09888108248763987,0.9635362250092065,0.0031800483807343663,0.001703351591314467,0.6707566842437654,0.0507416081186573,0.8213102292214214,0.7166446182609628
densenet121,pretrained,gs0,adaptive,gs0,train,1,1,3843,slice_level,0.12334113973458236,0.21779859484777517,0.8479208122030572,0.010298672176542737,0.004036874890704539,0.8651773896176963,0.33619568045797554,0.7575933639034764,0.6285507334270903
densenet121,pretrained,gs0,adaptive,gs0,train,1,1,3843,subject_level,0.12334113973458236,0.21779859484777517,0.8479208631996931,0.010298671339006743,0.004036875394716541,0.8653333967108298,0.3359354670830081,0.7575934098981614,0.6285051308146933
densenet121,pretrained,gs0,blind,raw,train,1,1,3843,slice_level,0.156128024980484,0.2469424928441322,0.8834796002405619,0.008243703001525108,0.0018189996947299795,0.8436322689367187,0.31355711683580534,0.8231119088539691,0.7355243884589627
densenet121,pretrained,gs0,blind,raw,train,1,1,3843,subject_level,0.156128024980484,0.2469424928441322,0.8834796596901074,0.008243702210518894,0.0018189999718335851,0.8435381121184475,0.31433775696070776,0.8231119643484835,0.7355738682724553
densenet121,scratch,raw,adaptive,raw,train,1,1,3843,slice_level,0.06609419724173822,0.12802498048399688,0.9523379856678399,0.007916681164104492,0.007893668485729297,0.8361189232677952,0.2557897475930263,0.8005734851141321,0.6193462214339549
densenet121,scratch,raw,adaptive,raw,train,1,1,3843,subject_level,0.06609419724173822,0.12802498048399688,0.9523380419533606,0.007916681489812933,0.007893669553187821,0.8360369527368414,0.25709081446786364,0.8005735324659355,0.619394996143321
densenet121,scratch,gs50,adaptive,gs50,train,1,1,3843,slice_level,0.0273224043715847,0.06895654436638043,0.9727004390658732,0.00556491294814186,0.006575662993508261,0.7982462825475777,0.1873536299765808,0.79623709933509,0.6218017587150807
densenet121,scratch,gs50,adaptive,gs50,train,1,1,3843,subject_level,0.0273224043715847,0.06895654436638043,0.9727004923269583,0.005564909985746036,0.006575663481646824,0.7979472275358428,0.1873536299765808,0.796237143453074,0.6220875114475242
densenet121,scratch,gs50,blind,raw,train,1,1,3843,slice_level,0.043195420244600574,0.0947176684881603,0.9746967629780845,0.005276034035286865,0.005309517455347621,0.7620144501707637,0.1912568306010929,0.8031682514706968,0.6641650589376557
densenet121,scratch,gs50,blind,raw,train,1,1,3843,subject_level,0.043195420244600574,0.0947176684881603,0.9746968198219624,0.005276036501365064,0.005309518144569948,0.76220091485687,0.1920374707259953,0.8031682960694884,0.6640590137798371
densenet121,scratch,gs40,adaptive,gs40,train,1,1,3843,slice_level,0.029404111371324485,0.06713505074160812,0.9521756889514243,0.008561851207148492,0.01085270375726808,0.7877519382443174,0.16237314597970337,0.7398223455936189,0.5648764249482154
densenet121,scratch,gs40,adaptive,gs40,train,1,1,3843,subject_level,0.029404111371324485,0.06713505074160812,0.9521757445234884,0.00856185353363736,0.010852705165884387,0.7882725163960493,0.16237314597970337,0.7398223885948882,0.5644884391584155
densenet121,scratch,gs40,blind,raw,train,1,1,3843,slice_level,0.029924538121259434,0.06375227686703097,0.9642469677303472,0.00634072183973306,0.0064930012817982895,0.7283423129969437,0.11345303148581837,0.7653969938544721,0.6369748205513988
densenet121,scratch,gs40,blind,raw,train,1,1,3843,subject_level,0.029924538121259434,0.06375227686703097,0.96424702356608,0.006340723871533336,0.006493001889896434,0.728471624452582,0.11085089773614364,0.7653970381353102,0.6368710754499162
densenet121,scratch,gs30,adaptive,gs30,train,1,1,3843,slice_level,0.04033307311995837,0.08873276086390841,0.9614835031759047,0.007349549762414143,0.0096371109254349,0.8132713701503773,0.2128545407233932,0.7710638888918916,0.5761030696809772
densenet121,scratch,gs30,adaptive,gs30,train,1,1,3843,subject_level,0.04033307311995837,0.08873276086390841,0.9614835587479688,0.007349548754268967,0.009637111908194688,0.8132074767976407,0.21337496747332813,0.7710639342041398,0.5761642736011252
densenet121,scratch,gs30,blind,raw,train,1,1,3843,slice_level,0.044756700494405416,0.09315638823835545,0.9760443886648451,0.00487624671413909,0.004300635960443814,0.7604985787799547,0.16341399947957325,0.8346288814508694,0.7090055224549723
densenet121,scratch,gs30,blind,raw,train,1,1,3843,subject_level,0.044756700494405416,0.09315638823835545,0.9760444458654515,0.004876248203091965,0.004300636475967089,0.760918134488808,0.1649752797293781,0.8346289296014341,0.7087547805939697
densenet121,scratch,gs20,adaptive,gs20,train,1,1,3843,slice_level,0.043195420244600574,0.09445745511319281,0.9528741200485795,0.008600082693390321,0.011511230252507706,0.8138291082007567,0.21467603434816548,0.7508835766329729,0.554580014889404
densenet121,scratch,gs20,adaptive,gs20,train,1,1,3843,subject_level,0.043195420244600574,0.09445745511319281,0.9528741790948669,0.008600085593746443,0.011511232102490455,0.813815785993695,0.21467603434816548,0.7508836220925654,0.5545740953582108
densenet121,scratch,gs20,blind,raw,train,1,1,3843,slice_level,0.04813947436898257,0.08821233411397346,0.9674981296326138,0.006276695004919064,0.006447693249845653,0.7534846288242072,0.1592505854800937,0.7935957748955685,0.654090017649657
densenet121,scratch,gs20,blind,raw,train,1,1,3843,subject_level,0.04813947436898257,0.08821233411397346,0.9674981855614062,0.00627669443105181,0.006447694064025878,0.7538015936325659,0.16341399947957325,0.7935958194478303,0.6539356889837799
densenet121,scratch,gs10,adaptive,gs10,train,1,1,3843,slice_level,0.04787926099401509,0.10174342961228207,0.9514436558792437,0.008815110536282986,0.011005709924357801,0.8222118499126088,0.21779859484777517,0.7572448397796352,0.5599942328199073
densenet121,scratch,gs10,adaptive,gs10,train,1,1,3843,subject_level,0.04787926099401509,0.10174342961228207,0.9514437127541416,0.00881511390193688,0.011005711591735409,0.8221103578939415,0.21883944834764507,0.7572448853400422,0.5601191237074709
densenet121,scratch,gs10,blind,raw,train,1,1,3843,slice_level,0.04709862086911267,0.09888108248763987,0.9634215412833497,0.0064644120088815996,0.006200383272296583,0.7751288953376847,0.2019255789747593,0.7983008494313235,0.660242921835761
densenet121,scratch,gs10,blind,raw,train,1,1,3843,subject_level,0.04709862086911267,0.09888108248763987,0.9634215982202872,0.006464411450524272,0.006200384044400076,0.7753975069080454,0.20348685922456414,0.7983008968529216,0.6601353223259145
densenet121,scratch,gs0,adaptive,gs0,train,1,1,3843,slice_level,0.06843611761644548,0.12984647410876918,0.9574204373570615,0.0080080910210432,0.009625501679949659,0.8394483530619491,0.2625552953421806,0.7832979450320751,0.5633424231523249
densenet121,scratch,gs0,adaptive,gs0,train,1,1,3843,subject_level,0.06843611761644548,0.12984647410876918,0.9574204967600772,0.008008094603836056,0.009625503028889102,0.8394951919434201,0.2607338017174083,0.7832979915889948,0.563215689594543
densenet121,scratch,gs0,blind,raw,train,1,1,3843,slice_level,0.06479313036690086,0.12125943273484258,0.9622469672677791,0.0068253284470972345,0.006331445923779812,0.7947131948223564,0.21701795472287275,0.7984786149024219,0.6359804219081552
densenet121,scratch,gs0,blind,raw,train,1,1,3843,subject_level,0.06479313036690086,0.12125943273484258,0.9622470287801448,0.006825333255174227,0.006331446878367276,0.794742380024063,0.21727816809784023,0.7984786651856013,0.635936744568584
resnet18,pretrained,raw,adaptive,raw,val,1,1,599,slice_level,0.2687813021702838,0.4290484140233723,0.8594665791037087,0.013032033964867186,0.009792475849203454,0.8703368371325609,0.35225375626043404,0.8154065704504915,0.7241968302167516
resnet18,pretrained,raw,adaptive,raw,val,1,1,599,subject_level,0.2687813021702838,0.4290484140233723,0.8594666209961218,0.013032028491986614,0.009792475665737571,0.8704403527303436,0.35225375626043404,0.815406615427619,0.7241923833266523
resnet18,pretrained,gs50,adaptive,gs50,val,1,1,599,slice_level,0.02003338898163606,0.08681135225375626,0.9340103409923177,0.005796227212342277,0.00934879642791536,0.7656315966231979,0.09181969949916527,0.854509534441768,0.7815330220915638
resnet18,pretrained,gs50,adaptive,gs50,val,1,1,599,subject_level,0.02003338898163606,0.08681135225375626,0.9340103940295058,0.0057962308940982974,0.009348796587281912,0.765975323368664,0.09181969949916527,0.8545095838967071,0.7812918730599057
resnet18,pretrained,gs50,blind,raw,val,1,1,599,slice_level,0.14524207011686144,0.23205342237061768,0.9823220432899233,0.0018719455634612272,0.00260033090684395,0.7488505397142149,0.1986644407345576,0.9654928945340776,0.9499429637576782
resnet18,pretrained,gs50,blind,raw,val,1,1,599,subject_level,0.14524207011686144,0.23205342237061768,0.9823220973221806,0.001871947752613456,0.0026003307455339047,0.7484508014191711,0.1986644407345576,0.9654929531436531,0.949960980727995
resnet18,pretrained,gs40,adaptive,gs40,val,1,1,599,slice_level,0.03005008347245409,0.12186978297161936,0.9305854390977022,0.006162776672382387,0.009035933754237396,0.7745327075454082,0.10350584307178631,0.8561154823868422,0.7879034368987374
resnet18,pretrained,gs40,adaptive,gs40,val,1,1,599,subject_level,0.03005008347245409,0.12186978297161936,0.930585491338835,0.006162775876327031,0.009035934984858128,0.7742819891806321,0.10350584307178631,0.8561155266674214,0.7880349942114397
resnet18,pretrained,gs40,blind,raw,val,1,1,599,slice_level,0.1636060100166945,0.2604340567612688,0.97699397444128,0.002311198560144746,0.0028968972339759734,0.7480244202217943,0.2287145242070117,0.9563717368449114,0.936341566042928
resnet18,pretrained,gs40,blind,raw,val,1,1,599,subject_level,0.1636060100166945,0.2604340567612688,0.9769940307621964,0.002311199356200102,0.0028968971760598367,0.7483393552414848,0.2287145242070117,0.9563717973451185,0.936310756371893
resnet18,pretrained,gs30,adaptive,gs30,val,1,1,599,slice_level,0.028380634390651086,0.09849749582637729,0.928824108709676,0.005835166359584598,0.00859253739282016,0.7738619666611855,0.1018363939899833,0.8556192718782091,0.7906002111170746
resnet18,pretrained,gs30,adaptive,gs30,val,1,1,599,subject_level,0.028380634390651086,0.09849749582637729,0.9288241633389749,0.005835166260077678,0.00859253802873157,0.7730825192794891,0.1001669449081803,0.8556193241690953,0.7908538029611807
resnet18,pretrained,gs30,blind,raw,val,1,1,599,slice_level,0.15025041736227046,0.25542570951585974,0.974294877510039,0.0028491185384123077,0.0031267224852996995,0.7521731126724842,0.21535893155258765,0.9504190699285975,0.927152723845138
resnet18,pretrained,gs30,blind,raw,val,1,1,599,subject_level,0.15025041736227046,0.25542570951585974,0.9742949376122183,0.0028491177423569515,0.0031267224254400683,0.7517822720672462,0.21535893155258765,0.9504191294337354,0.9272013666922342
resnet18,pretrained,gs20,adaptive,gs20,val,1,1,599,slice_level,0.048414023372287146,0.1419031719532554,0.9116630108408219,0.007358723769402862,0.011000170806991885,0.7899765399204572,0.1636060100166945,0.8296275363740618,0.7517548631442608
resnet18,pretrained,gs20,adaptive,gs20,val,1,1,599,subject_level,0.048414023372287146,0.1419031719532554,0.9116630696494114,0.0073587287447488365,0.011000172849993326,0.7900791302142414,0.16193656093489148,0.8296275838388625,0.7517173920378263
resnet18,pretrained,gs20,blind,raw,val,1,1,599,slice_level,0.18030050083472454,0.2888146911519199,0.9536878351178113,0.004853634782545952,0.004147618789014365,0.7895827213413564,0.2337228714524207,0.9221163451771107,0.8850654114745495
resnet18,pretrained,gs20,blind,raw,val,1,1,599,subject_level,0.18030050083472454,0.2888146911519199,0.9536878922347831,0.004853637568739699,0.004147619311814391,0.7890186649424054,0.2337228714524207,0.9221163976172573,0.8851950231683076
resnet18,pretrained,gs10,adaptive,gs10,val,1,1,599,slice_level,0.06010016694490818,0.16193656093489148,0.9074012565493385,0.006800940418880253,0.009500771365245067,0.8118342967271552,0.15859766277128548,0.839776297642512,0.7632342529411308
resnet18,pretrained,gs10,adaptive,gs10,val,1,1,599,subject_level,0.06010016694490818,0.16193656093489148,0.9074013069993466,0.006800936239589634,0.00950077182857416,0.8117282560527981,0.16026711185308848,0.8397763501821655,0.7633439255184642
resnet18,pretrained,gs10,blind,raw,val,1,1,599,slice_level,0.11018363939899833,0.19031719532554256,0.9723781871676246,0.0024358022193080794,0.0038478406059100152,0.6194100977979438,0.09348914858096828,0.9243571726428049,0.8984719596089226
resnet18,pretrained,gs10,blind,raw,val,1,1,599,subject_level,0.11018363939899833,0.19031719532554256,0.9723782380156605,0.0024358010252250456,0.0038478407396224383,0.6202369586483872,0.09348914858096828,0.9243572235903478,0.8982523130833207
resnet18,pretrained,gs0,adaptive,gs0,val,1,1,599,slice_level,0.18196994991652754,0.332220367278798,0.8944163956307808,0.009442088500486192,0.009219371003156313,0.8468755452186588,0.2871452420701169,0.8428218575670245,0.7595878595723234
resnet18,pretrained,gs0,adaptive,gs0,val,1,1,599,subject_level,0.18196994991652754,0.332220367278798,0.8944164494640242,0.009442094271887523,0.009219371919708329,0.8472434915175822,0.2888146911519199,0.8428219094101296,0.7594221116156132
resnet18,pretrained,gs0,blind,raw,val,1,1,599,slice_level,0.24540901502504173,0.4040066777963272,0.913324417375364,0.008875542968660843,0.0063784335816095585,0.8252442022179426,0.2854757929883139,0.8745742146678281,0.8101078211490021
resnet18,pretrained,gs0,blind,raw,val,1,1,599,subject_level,0.24540901502504173,0.4040066777963272,0.9133244730992389,0.008875540580494773,0.0063784339773050435,0.8254156064225017,0.2871452420701169,0.8745742638242464,0.810022663272482
resnet18,scratch,raw,adaptive,raw,val,1,1,599,slice_level,0.09015025041736227,0.21702838063439064,0.964143292931762,0.008985115013058874,0.02721887010185418,0.8292506291788484,0.20701168614357263,0.8407736043500184,0.6446429701859694
resnet18,scratch,raw,adaptive,raw,val,1,1,599,subject_level,0.09015025041736227,0.21702838063439064,0.9641433434812772,0.00898511561010039,0.027218872315883137,0.829610031744616,0.20534223706176963,0.8407736506704894,0.6441249467367322
resnet18,scratch,gs50,adaptive,gs50,val,1,1,599,slice_level,0.05008347245409015,0.14858096828046743,0.9354315912584231,0.010559058846137758,0.023074198480017596,0.7867047262967494,0.1318864774624374,0.8037360084673797,0.6757478133371357
resnet18,scratch,gs50,adaptive,gs50,val,1,1,599,subject_level,0.05008347245409015,0.14858096828046743,0.9354316459872288,0.01055906043824847,0.023074201228896245,0.7870251141997933,0.1318864774624374,0.8037360561809476,0.6758691954753037
resnet18,scratch,gs50,blind,raw,val,1,1,599,slice_level,0.1018363939899833,0.2003338898163606,0.9675824313808562,0.006667201725986844,0.010511659741096932,0.768977559984504,0.1636060100166945,0.8921188779784761,0.8068172242319545
resnet18,scratch,gs50,blind,raw,val,1,1,599,subject_level,0.1018363939899833,0.2003338898163606,0.9675824938712017,0.006667206800839738,0.01051166083100866,0.7693348764356844,0.1636060100166945,0.892118934448653,0.8068907548661821
resnet18,scratch,gs40,adaptive,gs40,val,1,1,599,slice_level,0.08180300500834725,0.18864774624373956,0.9551351373900158,0.009472404577099223,0.02448310501226698,0.8053776466620773,0.17362270450751252,0.8335426632370893,0.6707664570247192
resnet18,scratch,gs40,adaptive,gs40,val,1,1,599,subject_level,0.08180300500834725,0.18864774624373956,0.9551351941089599,0.009472407263786049,0.024483106940213547,0.804568613242438,0.17696160267111852,0.8335427133388232,0.6715223948042063
resnet18,scratch,gs40,blind,raw,val,1,1,599,slice_level,0.07178631051752922,0.1302170283806344,0.9947256016014813,0.0012922294947858247,0.003698056456065412,0.7371336966730861,0.1419031719532554,0.9624515971874753,0.9299989904535434
resnet18,scratch,gs40,blind,raw,val,1,1,599,subject_level,0.07178631051752922,0.1302170283806344,0.9947256589174669,0.001292230987389617,0.003698056393096189,0.7373562782712423,0.14023372287145242,0.9624516541054332,0.9298702784402542
resnet18,scratch,gs30,adaptive,gs30,val,1,1,599,slice_level,0.09515859766277128,0.21368948247078465,0.9623584267691101,0.008060678814806804,0.015784350932826083,0.8152306362022403,0.17362270450751252,0.8701035937602214,0.7438222300227676
resnet18,scratch,gs30,adaptive,gs30,val,1,1,599,subject_level,0.09515859766277128,0.21368948247078465,0.9623584852791788,0.008060678715299884,0.0157843531973859,0.8152480204904669,0.18530884808013356,0.870103647294944,0.7439643255271179
resnet18,scratch,gs30,blind,raw,val,1,1,599,slice_level,0.1001669449081803,0.21535893155258765,0.9664404771363795,0.0076126080124525475,0.01421812581339966,0.8236505820775304,0.19532554257095158,0.8857397815221936,0.7624968826151352
resnet18,scratch,gs30,blind,raw,val,1,1,599,subject_level,0.1001669449081803,0.21535893155258765,0.9664405338553236,0.007612610102097857,0.014218127685373583,0.8239912458437963,0.1986644407345576,0.8857398284894596,0.7621845526788787
resnet18,scratch,gs20,adaptive,gs20,val,1,1,599,slice_level,0.07846410684474124,0.2036727879799666,0.9554498866324831,0.009284536806689279,0.021474561772195744,0.8145409293731065,0.17195325542570952,0.848305933513307,0.6972610588341902
resnet18,scratch,gs20,adaptive,gs20,val,1,1,599,subject_level,0.07846410684474124,0.2036727879799666,0.9554499379780536,0.00928453262739866,0.02147456394890961,0.8147281334221477,0.17195325542570952,0.8483059785899415,0.6971426870134318
resnet18,scratch,gs20,blind,raw,val,1,1,599,slice_level,0.09515859766277128,0.2287145242070117,0.9734726192955183,0.005834349606789412,0.010847145763812011,0.8151046192736364,0.21535893155258765,0.908726325118681,0.8053238393214589
resnet18,scratch,gs20,blind,raw,val,1,1,599,subject_level,0.09515859766277128,0.2287145242070117,0.973472675218407,0.005834343138839645,0.010847146738668864,0.8148406303215432,0.21535893155258765,0.9087263780563622,0.8054142721590395
resnet18,scratch,gs10,adaptive,gs10,val,1,1,599,slice_level,0.09015025041736227,0.22203672787979967,0.9427562124144055,0.01108654154361986,0.026931315536093035,0.8217534998508922,0.20534223706176963,0.8218701057422141,0.6651316854050492
resnet18,scratch,gs10,adaptive,gs10,val,1,1,599,subject_level,0.09015025041736227,0.22203672787979967,0.9427562617698376,0.011086532388983267,0.02693131580818227,0.821063480871012,0.20534223706176963,0.8218701572370449,0.6656882915325176
resnet18,scratch,gs10,blind,raw,val,1,1,599,slice_level,0.08013355592654424,0.1636060100166945,0.9905793025019969,0.0017320822196731185,0.0038642123720930496,0.7052229648189386,0.14691151919866444,0.9534323952830892,0.924687773073854
resnet18,scratch,gs10,blind,raw,val,1,1,599,subject_level,0.08013355592654424,0.1636060100166945,0.9905793572308026,0.0017320781398894195,0.0038642123596546846,0.7049727759956077,0.14524207011686144,0.9534324483202773,0.9247335663241815
resnet18,scratch,gs0,adaptive,gs0,val,1,1,599,slice_level,0.09348914858096828,0.24373956594323873,0.9558490779443655,0.010577426927913608,0.031568599144970136,0.8304239327649588,0.21535893155258765,0.8267341011852175,0.6179977976486012
resnet18,scratch,gs0,adaptive,gs0,val,1,1,599,subject_level,0.09348914858096828,0.24373956594323873,0.9558491337677473,0.010577429117065837,0.0315686028826988,0.8298237072917857,0.21535893155258765,0.8267341493465665,0.6184792768127333
resnet18,scratch,gs0,blind,raw,val,1,1,599,slice_level,0.08848080133555926,0.2003338898163606,0.964713255232682,0.007822068485871381,0.020758755290523196,0.7845173578111544,0.17362270450751252,0.8470701637968595,0.7050077480122522
resnet18,scratch,gs0,blind,raw,val,1,1,599,subject_level,0.08848080133555926,0.2003338898163606,0.964713314538806,0.007822065998198393,0.020758756874082532,0.784319260537178,0.17362270450751252,0.8470702157892249,0.7048783177427438
densenet121,pretrained,raw,adaptive,raw,val,1,1,599,slice_level,0.2921535893155259,0.4590984974958264,0.8213215017557542,0.019161506168830375,0.01928972409266935,0.8901407047360514,0.4273789649415693,0.7653701917356959,0.6335819603229106
densenet121,pretrained,raw,adaptive,raw,val,1,1,599,subject_level,0.2921535893155259,0.4590984974958264,0.8213215475289372,0.019161506367844215,0.019289725677783483,0.8897325091067193,0.42237061769616024,0.7653702352202197,0.6337005854344527
densenet121,pretrained,gs50,adaptive,gs50,val,1,1,599,slice_level,0.03672787979966611,0.12353923205342238,0.891550514057204,0.009165863958941476,0.01653505323566683,0.7812117859203291,0.12020033388981637,0.7850339105212828,0.6903163442550497
densenet121,pretrained,gs50,adaptive,gs50,val,1,1,599,subject_level,0.03672787979966611,0.12353923205342238,0.8915505652037606,0.009165862267323846,0.01653505461477054,0.7813424544524681,0.12020033388981637,0.7850339551003828,0.6902586341079368
densenet121,pretrained,gs50,blind,raw,val,1,1,599,slice_level,0.1285475792988314,0.2303839732888147,0.9623037506025502,0.0040460836907261,0.004550121032721511,0.739837354132235,0.20534223706176963,0.9212978256365691,0.8829133780402612
densenet121,pretrained,gs50,blind,raw,val,1,1,599,subject_level,0.1285475792988314,0.2303839732888147,0.962303825033726,0.004046083292698423,0.004550121222406576,0.7391847876678159,0.20534223706176963,0.9212979015603487,0.8830621100272081
densenet121,pretrained,gs40,adaptive,gs40,val,1,1,599,slice_level,0.05676126878130217,0.14524207011686144,0.8869392140480831,0.010376406233378365,0.017486195227687865,0.8065086705443965,0.1636060100166945,0.7842864398168204,0.6786460804600947
densenet121,pretrained,gs40,adaptive,gs40,val,1,1,599,subject_level,0.05676126878130217,0.14524207011686144,0.8869392671847781,0.010376410711189742,0.017486197326661946,0.8062289737208092,0.1636060100166945,0.7842864857890172,0.6787422587093408
densenet121,pretrained,gs40,blind,raw,val,1,1,599,slice_level,0.07345575959933222,0.1352253756260434,0.9856217703556577,0.0018841714811245467,0.003536281701432345,0.6635934473426774,0.1285475792988314,0.9475051150696107,0.9258183020039871
densenet121,pretrained,gs40,blind,raw,val,1,1,599,subject_level,0.07345575959933222,0.1352253756260434,0.9856218328460031,0.001884169689999996,0.0035362817713981477,0.6628465751210282,0.1285475792988314,0.9475051808436844,0.9259481526077888
densenet121,pretrained,gs30,adaptive,gs30,val,1,1,599,slice_level,0.05008347245409015,0.1419031719532554,0.9056205636073831,0.007026403595091704,0.011616906213367324,0.7832237786405277,0.1335559265442404,0.8207658970097269,0.7413520877157806
densenet121,pretrained,gs30,adaptive,gs30,val,1,1,599,subject_level,0.05008347245409015,0.1419031719532554,0.9056206137588705,0.007026399515308005,0.01161690726440916,0.7833288981914767,0.13689482470784642,0.8207659490518459,0.7412725717328824
densenet121,pretrained,gs30,blind,raw,val,1,1,599,slice_level,0.06176961602671119,0.12353923205342238,0.9884182168963755,0.0018369573384573144,0.003058083873951127,0.6646292582796591,0.11018363939899833,0.9616756480006822,0.9448680246567885
densenet121,pretrained,gs30,blind,raw,val,1,1,599,subject_level,0.06176961602671119,0.12353923205342238,0.988418271923702,0.0018369504724798696,0.0030580841168879416,0.6642200439798105,0.11018363939899833,0.9616757040230778,0.9449274456423392
densenet121,pretrained,gs20,adaptive,gs20,val,1,1,599,slice_level,0.07846410684474124,0.17195325542570952,0.8746072935540609,0.011450736470930962,0.019146383517672103,0.80241476473031,0.18030050083472454,0.769264983464163,0.6657435097039144
densenet121,pretrained,gs20,adaptive,gs20,val,1,1,599,subject_level,0.07846410684474124,0.17195325542570952,0.8746073395262577,0.011450729206925839,0.019146385380317252,0.8019393702916101,0.17863105175292154,0.7692650254063296,0.6659295740545492
densenet121,pretrained,gs20,blind,raw,val,1,1,599,slice_level,0.1018363939899833,0.16026711185308848,0.9637524548277433,0.004483641487529162,0.007210587780263418,0.656354274374932,0.05342237061769616,0.8661039933338388,0.8176972467470945
densenet121,pretrained,gs20,blind,raw,val,1,1,599,subject_level,0.1018363939899833,0.16026711185308848,0.9637525216963932,0.004483635019579395,0.007210588203167826,0.6558339079322522,0.05509181969949917,0.8661040506498244,0.8179632960176826
densenet121,pretrained,gs10,adaptive,gs10,val,1,1,599,slice_level,0.08514190317195326,0.19532554257095158,0.8666863606648771,0.011870640944160881,0.02172143140555871,0.8271760739239857,0.19198664440734559,0.7642675293904911,0.6445380987639917
densenet121,pretrained,gs10,adaptive,gs10,val,1,1,599,subject_level,0.08514190317195326,0.19532554257095158,0.866686417682342,0.011870648208166005,0.0217214344591773,0.827077020409642,0.19031719532554256,0.7642675771538124,0.6447138040604098
densenet121,pretrained,gs10,blind,raw,val,1,1,599,slice_level,0.10350584307178631,0.18697829716193656,0.9600409169825966,0.004746164125273741,0.009722010476611094,0.6773097901064935,0.05676126878130217,0.8252564665172654,0.7169375155388513
densenet121,pretrained,gs10,blind,raw,val,1,1,599,subject_level,0.10350584307178631,0.18697829716193656,0.9600409786768868,0.004746164921329097,0.0097220112547863,0.6769198915276156,0.05676126878130217,0.8252565184598774,0.7171988277293008
densenet121,pretrained,gs0,adaptive,gs0,val,1,1,599,slice_level,0.22370617696160267,0.35392320534223703,0.832642617528148,0.016022663184119785,0.020957430404842596,0.8763124196978269,0.333889816360601,0.761216099801565,0.6289240869548862
densenet121,pretrained,gs0,adaptive,gs0,val,1,1,599,subject_level,0.22370617696160267,0.35392320534223703,0.8326426694707599,0.016022664477709735,0.02095743232190559,0.8761951555318965,0.330550918196995,0.761216147962914,0.6290053896457206
densenet121,pretrained,gs0,blind,raw,val,1,1,599,slice_level,0.2587646076794658,0.4023372287145242,0.8745075227422189,0.012256373845675154,0.01035097825071947,0.853967366311688,0.29716193656093487,0.8270284515589426,0.7361227856277922
densenet121,pretrained,gs0,blind,raw,val,1,1,599,subject_level,0.2587646076794658,0.4023372287145242,0.8745075857300989,0.012256378422993451,0.010350980689416395,0.8539177677877152,0.29549248747913187,0.8270285064867622,0.7360695518425391
densenet121,scratch,raw,adaptive,raw,val,1,1,599,slice_level,0.1335559265442404,0.25041736227045075,0.9358757448713847,0.015612238436589057,0.04088734436114762,0.8339465469717198,0.2570951585976628,0.799192020262223,0.6209003640846885
densenet121,scratch,raw,adaptive,raw,val,1,1,599,subject_level,0.1335559265442404,0.25041736227045075,0.9358757992021628,0.015612246596156456,0.04088735164536508,0.8336385768155608,0.25542570951585974,0.7991920630501984,0.6208482626647702
densenet121,scratch,gs50,adaptive,gs50,val,1,1,599,slice_level,0.05676126878130217,0.13689482470784642,0.9593701349673964,0.01074676451977585,0.03492372330334131,0.7931369338435511,0.15191986644407346,0.7903242847557259,0.6180778540575096
densenet121,scratch,gs50,adaptive,gs50,val,1,1,599,subject_level,0.05676126878130217,0.13689482470784642,0.9593701886016259,0.01074676621139348,0.0349237255780073,0.7933514901017554,0.15191986644407346,0.7903243281904963,0.6181084958775612
densenet121,scratch,gs50,blind,raw,val,1,1,599,slice_level,0.08514190317195326,0.1652754590984975,0.9633037350412601,0.00997987245279481,0.02836354380980358,0.7529096072753421,0.1652754590984975,0.7942796948059573,0.658810018912107
densenet121,scratch,gs50,blind,raw,val,1,1,599,subject_level,0.08514190317195326,0.1652754590984975,0.963303789571052,0.009979875836030072,0.028363548099484687,0.753292100635171,0.1686143572621035,0.7942797382407276,0.6586524684349563
densenet121,scratch,gs40,adaptive,gs40,val,1,1,599,slice_level,0.08514190317195326,0.18363939899833054,0.9334959460419288,0.01496537539716157,0.04996911954066292,0.7895961410363962,0.18530884808013356,0.7462205005707048,0.5708332897406787
densenet121,scratch,gs40,adaptive,gs40,val,1,1,599,subject_level,0.08514190317195326,0.18363939899833054,0.9334959995766514,0.014965374800120054,0.049969126450174636,0.7896200623744081,0.18697829716193656,0.7462205441049821,0.5709590068663998
densenet121,scratch,gs40,blind,raw,val,1,1,599,slice_level,0.07679465776293823,0.1636060100166945,0.9504996351089223,0.012047649424939801,0.03384032305050175,0.7422391520647935,0.1335559265442404,0.7686161040662725,0.6339404852325112
densenet121,scratch,gs40,blind,raw,val,1,1,599,subject_level,0.07679465776293823,0.1636060100166945,0.9504996900367418,0.012047655992396487,0.03384032810203271,0.7423046201097543,0.1335559265442404,0.7686161473517824,0.6337371133719143
densenet121,scratch,gs30,adaptive,gs30,val,1,1,599,slice_level,0.08013355592654424,0.19031719532554256,0.9443795882003734,0.01280286564850847,0.04629037359135477,0.8091283747815642,0.19532554257095158,0.7695540910173139,0.5757374034063247
densenet121,scratch,gs30,adaptive,gs30,val,1,1,599,subject_level,0.08013355592654424,0.19031719532554256,0.9443796388493954,0.01280286763864686,0.046290378697303576,0.8089415441985948,0.19532554257095158,0.7695541353974,0.5759339167284647
densenet121,scratch,gs30,blind,raw,val,1,1,599,slice_level,0.08180300500834725,0.17028380634390652,0.9649567546350928,0.00847333201979954,0.022420995145762505,0.7640855446333762,0.16193656093489148,0.8344090859062087,0.7068321728029713
densenet121,scratch,gs30,blind,raw,val,1,1,599,subject_level,0.08180300500834725,0.17028380634390652,0.9649568110555161,0.008473337691693951,0.022420997000633675,0.7634581536840755,0.16193656093489148,0.8344091344158319,0.7070135431636454
densenet121,scratch,gs20,adaptive,gs20,val,1,1,599,slice_level,0.07011686143572621,0.19365609348914858,0.932774406542165,0.015017333532215557,0.05367604679799637,0.8048488089498078,0.17195325542570952,0.7463334925186654,0.5622354229661529
densenet121,scratch,gs20,adaptive,gs20,val,1,1,599,subject_level,0.07011686143572621,0.19365609348914858,0.9327744577882285,0.015017333333201719,0.053676050723855305,0.8046943514650182,0.17195325542570952,0.7463335375953,0.5623141960479779
densenet121,scratch,gs20,blind,raw,val,1,1,599,slice_level,0.08013355592654424,0.1686143572621035,0.9533316213419919,0.01078870529324463,0.030417237640708337,0.7592758520739908,0.13689482470784642,0.7928256586517436,0.650244227262814
densenet121,scratch,gs20,blind,raw,val,1,1,599,subject_level,0.08013355592654424,0.1686143572621035,0.9533316751752353,0.01078871146267364,0.03041724096641616,0.7593442130874775,0.13689482470784642,0.7928257023352813,0.6500698162881978
densenet121,scratch,gs10,adaptive,gs10,val,1,1,599,slice_level,0.1018363939899833,0.2036727879799666,0.9319147574085624,0.015348945814301454,0.05175662995043999,0.8203927385932592,0.20868113522537562,0.7577128138685465,0.5657253509273563
densenet121,scratch,gs10,adaptive,gs10,val,1,1,599,subject_level,0.1018363939899833,0.2036727879799666,0.9319148150230688,0.015348947008384487,0.05175663463970357,0.8201932659050559,0.21368948247078465,0.7577128570545496,0.5659492079984266
densenet121,scratch,gs10,blind,raw,val,1,1,599,slice_level,0.09181969949916527,0.17696160267111852,0.9492374942179316,0.01234235668023162,0.032530115923544205,0.7778737308424447,0.17863105175292154,0.7970229175333586,0.6578359077559887
densenet121,scratch,gs10,blind,raw,val,1,1,599,subject_level,0.09181969949916527,0.17696160267111852,0.9492375458620227,0.012342350013268014,0.0325301161365512,0.7782133494611219,0.17863105175292154,0.7970229679833668,0.6575195626564735
densenet121,scratch,gs0,adaptive,gs0,val,1,1,599,slice_level,0.1352253756260434,0.25208681135225375,0.9415654016655555,0.013981304304030582,0.0482344158438465,0.8391696232730678,0.24707846410684475,0.7821385149466176,0.5648300268030874
densenet121,scratch,gs0,adaptive,gs0,val,1,1,599,subject_level,0.1352253756260434,0.25208681135225375,0.9415654643549147,0.013981308781841959,0.048234426872011814,0.8390325556506253,0.24874791318864775,0.7821385623616647,0.5649493965760296
densenet121,scratch,gs0,blind,raw,val,1,1,599,slice_level,0.11018363939899833,0.22537562604340566,0.9483914526555693,0.011394857265714414,0.03412566928718494,0.7919653652024381,0.21202003338898165,0.7970574153882634,0.6346387727955397
densenet121,scratch,gs0,blind,raw,val,1,1,599,subject_level,0.11018363939899833,0.22537562604340566,0.9483915095735272,0.011394859554373561,0.03412567107053551,0.7918378153907041,0.21202003338898165,0.7970574636988728,0.6347662803736672
resnet18,pretrained,raw,adaptive,raw,test,1,1,1060,slice_level,0.19811320754716982,0.31981132075471697,0.861909730029556,0.011445583937303076,0.005709747390443776,0.8499700293698824,0.32169811320754715,0.8090916178136501,0.7249725145358803
resnet18,pretrained,raw,adaptive,raw,test,1,1,1060,subject_level,0.19811320754716982,0.31981132075471697,0.8619097777695026,0.011445582643994746,0.005709747788452385,0.8500412771448915,0.32169811320754715,0.8090916645976732,0.7249701547277986
resnet18,pretrained,gs50,adaptive,gs50,test,1,1,1060,slice_level,0.014150943396226415,0.04339622641509434,0.9372713062560784,0.004851419801981944,0.005470989570504863,0.7494680446778212,0.06886792452830189,0.8512102181619068,0.7820020526411399
resnet18,pretrained,gs50,adaptive,gs50,test,1,1,1060,subject_level,0.014150943396226415,0.04339622641509434,0.9372713609124129,0.00485142227613701,0.005470990261528641,0.7496827073691705,0.06981132075471698,0.8512102637088523,0.7819021603601721
resnet18,pretrained,gs50,blind,raw,test,1,1,1060,slice_level,0.11226415094339623,0.20471698113207548,0.9832706272039773,0.001791647526453126,0.0014922741135002448,0.7410235849056603,0.18396226415094338,0.9652781661389009,0.9499371093039243
resnet18,pretrained,gs50,blind,raw,test,1,1,1060,subject_level,0.11226415094339623,0.20471698113207548,0.9832706864150065,0.0017916512376857253,0.0014922741770893686,0.7412346422214311,0.18679245283018867,0.965278219558158,0.9498912672300384
resnet18,pretrained,gs40,adaptive,gs40,test,1,1,1060,slice_level,0.017924528301886792,0.06792452830188679,0.9335918851056189,0.004691569816391423,0.005258746936539505,0.7647667163581345,0.10943396226415095,0.85439403664391,0.7867224287486301
resnet18,pretrained,gs40,adaptive,gs40,test,1,1,1060,subject_level,0.017924528301886792,0.06792452830188679,0.9335919433044937,0.0046915736400856166,0.00525874771081122,0.7646935653257387,0.11132075471698114,0.8543940853960109,0.7869011317111411
resnet18,pretrained,gs40,blind,raw,test,1,1,1060,slice_level,0.12547169811320755,0.20849056603773586,0.9784761851126293,0.0022752224836709366,0.0016539087900145084,0.7558721787112852,0.2018867924528302,0.9570954653452027,0.9373419236942845
resnet18,pretrained,gs40,blind,raw,test,1,1,1060,subject_level,0.12547169811320755,0.20849056603773586,0.978476245279582,0.002275222933517312,0.0016539088114305347,0.7563787922748307,0.2028301886792453,0.9570955246124627,0.9372899946452312
resnet18,pretrained,gs30,adaptive,gs30,test,1,1,1060,slice_level,0.017924528301886792,0.06792452830188679,0.9329722903809458,0.005075850464263052,0.004961141788418282,0.7697923927554291,0.1018867924528302,0.8571233171899364,0.7921726614108907
resnet18,pretrained,gs30,adaptive,gs30,test,1,1,1060,subject_level,0.017924528301886792,0.06792452830188679,0.9329723442500493,0.005075852207417758,0.004961142244195249,0.7691471199715201,0.1018867924528302,0.857123362174574,0.7922881319556034
resnet18,pretrained,gs30,blind,raw,test,1,1,1060,slice_level,0.13584905660377358,0.2358490566037736,0.9752293694694087,0.0025154519193577316,0.0017908730494728276,0.7562495416518333,0.23018867924528302,0.9509110333784572,0.927443273172626
resnet18,pretrained,gs30,blind,raw,test,1,1,1060,subject_level,0.13584905660377358,0.2358490566037736,0.9752294260375904,0.00251545158197295,0.0017908730730853695,0.7564413154147382,0.23018867924528302,0.9509110878098685,0.9273791445371115
resnet18,pretrained,gs20,adaptive,gs20,test,1,1,1060,slice_level,0.02830188679245283,0.10471698113207548,0.9162318207182975,0.006548931070093839,0.006563335932782447,0.7825183584015664,0.1339622641509434,0.8280023969006989,0.750845475629675
resnet18,pretrained,gs20,adaptive,gs20,test,1,1,1060,subject_level,0.02830188679245283,0.10471698113207548,0.9162318781861719,0.006548934612634047,0.0065633367255048935,0.7825836000355998,0.1330188679245283,0.8280024464962618,0.7509888991077553
resnet18,pretrained,gs20,blind,raw,test,1,1,1060,slice_level,0.14622641509433962,0.25849056603773585,0.955360459212987,0.004395833555257546,0.0024142790036627425,0.78517030749377,0.2650943396226415,0.9217681727881701,0.8846903036799071
resnet18,pretrained,gs20,blind,raw,test,1,1,1060,subject_level,0.14622641509433962,0.25849056603773585,0.9553605138130907,0.004395835410873845,0.002414279159505518,0.7850232315770737,0.2660377358490566,0.9217682277256588,0.8847137622920972
resnet18,pretrained,gs10,adaptive,gs10,test,1,1,1060,slice_level,0.04433962264150943,0.14056603773584905,0.9125793444660475,0.0064892699695983025,0.0057875909822782115,0.7949821778212887,0.14528301886792452,0.8361386308130229,0.7623265300816241
resnet18,pretrained,gs10,adaptive,gs10,test,1,1,1060,subject_level,0.04433962264150943,0.14056603773584905,0.9125793927120712,0.006489271544060617,0.005787591219062583,0.7949226023495906,0.14528301886792452,0.8361386786092002,0.762314380436967
resnet18,pretrained,gs10,blind,raw,test,1,1,1060,slice_level,0.08962264150943396,0.1641509433962264,0.9734450530893398,0.0022345809441692423,0.0022312726126983763,0.6349356799572802,0.09528301886792453,0.9275655595761425,0.8973689864457778
resnet18,pretrained,gs10,blind,raw,test,1,1,1060,subject_level,0.08962264150943396,0.1641509433962264,0.9734451085891364,0.00223458302470873,0.0022312728290551534,0.6344594126023495,0.09433962264150944,0.9275656114209373,0.897534738009156
resnet18,pretrained,gs0,adaptive,gs0,test,1,1,1060,slice_level,0.13867924528301886,0.2518867924528302,0.8974849346111405,0.007910177280318063,0.005392985612171579,0.835602156016376,0.2679245283018868,0.8399624236912098,0.7599587836389272
resnet18,pretrained,gs0,adaptive,gs0,test,1,1,1060,subject_level,0.13867924528301886,0.2518867924528302,0.8974849834757032,0.007910173962701042,0.005392985984041654,0.8358368876824493,0.27075471698113207,0.8399624696880017,0.7598476217631461
resnet18,pretrained,gs0,blind,raw,test,1,1,1060,slice_level,0.2,0.32169811320754715,0.9169307740791789,0.007430078004891018,0.003703254920799496,0.821470616767533,0.27735849056603773,0.874327271783127,0.8115302216601822
resnet18,pretrained,gs0,blind,raw,test,1,1,1060,subject_level,0.2,0.32169811320754715,0.9169308244619729,0.007430080591507677,0.0037032551351794092,0.8213906746173016,0.27735849056603773,0.874327322728229,0.8115656458454312
resnet18,scratch,raw,adaptive,raw,test,1,1,1060,slice_level,0.0830188679245283,0.17641509433962263,0.9682327298623211,0.007273540238164506,0.01644030662104136,0.8141871395514417,0.2179245283018868,0.8313918174156603,0.6404574627313271
resnet18,scratch,raw,adaptive,raw,test,1,1,1060,subject_level,0.0830188679245283,0.17641509433962263,0.9682327834502706,0.007273539507164146,0.016440308427895015,0.8138919499822,0.22264150943396227,0.831391863328106,0.6408273162906463
resnet18,scratch,gs50,adaptive,gs50,test,1,1,1060,slice_level,0.045283018867924525,0.1179245283018868,0.9417386410371312,0.009415263668546137,0.014490580256536321,0.7804755473478105,0.1481132075471698,0.8017897479939011,0.675519395277115
resnet18,scratch,gs50,adaptive,gs50,test,1,1,1060,subject_level,0.045283018867924525,0.1179245283018868,0.941738697324159,0.009415265861547218,0.014490582022534788,0.7809684131363475,0.1509433962264151,0.8017897965210788,0.6753146041183258
resnet18,scratch,gs50,blind,raw,test,1,1,1060,slice_level,0.09150943396226414,0.1641509433962264,0.9703896054119434,0.005536480219858997,0.006334521502634194,0.7645233668565325,0.16132075471698112,0.891172635386575,0.8050149432268907
resnet18,scratch,gs50,blind,raw,test,1,1,1060,subject_level,0.09150943396226414,0.1641509433962264,0.9703896590561237,0.005536479601320231,0.00633452191140573,0.7647206399074404,0.16132075471698112,0.8911726869502158,0.804845413486294
resnet18,scratch,gs40,adaptive,gs40,test,1,1,1060,slice_level,0.05377358490566038,0.1349056603773585,0.9590476432498896,0.007791820787033945,0.01524803533201229,0.7969200605197578,0.1650943396226415,0.8273866585403119,0.6704031626984196
resnet18,scratch,gs40,adaptive,gs40,test,1,1,1060,subject_level,0.05377358490566038,0.1349056603773585,0.9590476963879927,0.007791820168495178,0.015248037737196768,0.7971755446778211,0.1650943396226415,0.8273867027096029,0.6705367833659616
resnet18,scratch,gs40,blind,raw,test,1,1,1060,slice_level,0.05188679245283019,0.1169811320754717,0.9952724810478822,0.0010480468565562985,0.0020748725537658792,0.7434531550373797,0.14622641509433962,0.9642786901514485,0.9313559083067021
resnet18,scratch,gs40,blind,raw,test,1,1,1060,subject_level,0.05188679245283019,0.1169811320754717,0.9952725440826056,0.001048048993326583,0.0020748727346489313,0.7435018289426842,0.14622641509433962,0.9642787503746321,0.931325302482551
resnet18,scratch,gs30,adaptive,gs30,test,1,1,1060,slice_level,0.06132075471698113,0.12641509433962264,0.9656237159697515,0.006480479071725089,0.009583539389653728,0.8071697712709148,0.1641509433962264,0.864330521563314,0.7418163652584518
resnet18,scratch,gs30,adaptive,gs30,test,1,1,1060,subject_level,0.06132075471698113,0.12641509433962264,0.96562376455316,0.0064804810960337805,0.00958353970990569,0.8068134594161623,0.16132075471698112,0.8643305689658759,0.7419268377823087
resnet18,scratch,gs30,blind,raw,test,1,1,1060,slice_level,0.1018867924528302,0.17452830188679244,0.9702484056072415,0.00655305638628186,0.008711340161093142,0.815077425240299,0.19528301886792454,0.881741113820166,0.7596357768689687
resnet18,scratch,gs30,blind,raw,test,1,1,1060,subject_level,0.1018867924528302,0.17452830188679244,0.970248459757499,0.006553058579282941,0.008711340842012949,0.8151398593805625,0.19622641509433963,0.8817411627690747,0.7594830197146478
resnet18,scratch,gs20,adaptive,gs20,test,1,1,1060,slice_level,0.06320754716981132,0.15377358490566037,0.9604784067509309,0.008158200079540037,0.013717924322897814,0.8044080789426842,0.17735849056603772,0.8413802003523089,0.6932043312273498
resnet18,scratch,gs20,adaptive,gs20,test,1,1,1060,subject_level,0.06320754716981132,0.15377358490566037,0.9604784565714171,0.008158202272541118,0.013717925601709141,0.8042031683873264,0.17452830188679244,0.841380246433447,0.6933267621591125
resnet18,scratch,gs20,blind,raw,test,1,1,1060,slice_level,0.09245283018867924,0.1830188679245283,0.9760133542542188,0.005064511748979677,0.0063460509167579966,0.8048383254716981,0.19622641509433963,0.9043297548620206,0.8040705746648447
resnet18,scratch,gs20,blind,raw,test,1,1,1060,subject_level,0.09245283018867924,0.1830188679245283,0.976013404580782,0.005064508150208671,0.006346051190443829,0.8042145042719829,0.19245283018867926,0.9043298066505846,0.8040043754426938
resnet18,scratch,gs10,adaptive,gs10,test,1,1,1060,slice_level,0.08396226415094339,0.1811320754716981,0.9499122844552094,0.01007262777607396,0.016843646791113435,0.8193447690459239,0.20943396226415095,0.8200880407443586,0.6642295317296993
resnet18,scratch,gs10,adaptive,gs10,test,1,1,1060,subject_level,0.08396226415094339,0.1811320754716981,0.9499123397300828,0.010072632611922499,0.0168436492793262,0.8195358357066571,0.20943396226415095,0.8200880868817275,0.664263933849897
resnet18,scratch,gs10,blind,raw,test,1,1,1060,slice_level,0.06509433962264151,0.13584905660377358,0.9913981260556095,0.001436908739917683,0.0022293138313370774,0.7179908775364898,0.13773584905660377,0.9538186885838239,0.9227741404052051
resnet18,scratch,gs10,blind,raw,test,1,1,1060,subject_level,0.06509433962264151,0.13584905660377358,0.991398190721026,0.0014369120575347036,0.0022293141396180285,0.718064809540762,0.13867924528301886,0.9538187467264679,0.9228030578304012
resnet18,scratch,gs0,adaptive,gs0,test,1,1,1060,slice_level,0.059433962264150944,0.1330188679245283,0.9610912616522806,0.00842391752971793,0.01920167151135656,0.8127627647739408,0.18490566037735848,0.8106986885644355,0.6166559532382437
resnet18,scratch,gs0,adaptive,gs0,test,1,1,1060,subject_level,0.059433962264150944,0.1330188679245283,0.9610913163086153,0.008423916292640398,0.01920167285694196,0.8130611925952296,0.18679245283018867,0.8106987368385746,0.616505754676883
resnet18,scratch,gs0,blind,raw,test,1,1,1060,slice_level,0.07075471698113207,0.14433962264150943,0.9682856347201005,0.006378378227071942,0.01234928936047374,0.7678937811498755,0.1660377358490566,0.8383975585114282,0.7041460119476015
resnet18,scratch,gs0,blind,raw,test,1,1,1060,subject_level,0.07075471698113207,0.14433962264150943,0.9682856882518193,0.00637837845199513,0.012349290999513611,0.7677637896048416,0.1660377358490566,0.8383976058015283,0.7042780601409527
densenet121,pretrained,raw,adaptive,raw,test,1,1,1060,slice_level,0.2688679245283019,0.3839622641509434,0.8251852889105958,0.017038988392308073,0.011279630204794472,0.8760259945710216,0.39339622641509436,0.7600329112612976,0.6353831984728293
densenet121,pretrained,raw,adaptive,raw,test,1,1,1060,subject_level,0.2688679245283019,0.3839622641509434,0.8251853333891562,0.01703898586192221,0.011279631576518406,0.8763760154859381,0.39339622641509436,0.7600329549526269,0.635330785113798
densenet121,pretrained,gs50,adaptive,gs50,test,1,1,1060,slice_level,0.03018867924528302,0.07924528301886792,0.8963724896592914,0.008269994832434744,0.010079303567016603,0.7826546858312566,0.10660377358490566,0.7838729594113691,0.6899281256333837
densenet121,pretrained,gs50,adaptive,gs50,test,1,1,1060,subject_level,0.03018867924528302,0.07924528301886792,0.8963725395360083,0.008269995057357931,0.010079304562038127,0.7825275320398718,0.10754716981132076,0.7838730002911586,0.6899962427473856
densenet121,pretrained,gs50,blind,raw,test,1,1,1060,slice_level,0.1320754716981132,0.2028301886792453,0.9638274444161721,0.003743994910761995,0.0025732288390775825,0.7545152211641154,0.219811320754717,0.9245026809426974,0.8855674499849666
densenet121,pretrained,gs50,blind,raw,test,1,1,1060,subject_level,0.1320754716981132,0.2028301886792453,0.963827513130206,0.003743991143298599,0.0025732287703266474,0.7550720567817729,0.219811320754717,0.9245027518497323,0.8855015387336038
densenet121,pretrained,gs40,adaptive,gs40,test,1,1,1060,slice_level,0.031132075471698113,0.10377358490566038,0.8920635516913432,0.008429293643753484,0.010587957022351406,0.7889418921324314,0.1311320754716981,0.7788671613864179,0.6791640840543891
densenet121,pretrained,gs40,adaptive,gs40,test,1,1,1060,subject_level,0.031132075471698113,0.10377358490566038,0.8920636103400644,0.008429295499369783,0.010587958740465834,0.7891009309362762,0.1339622641509434,0.7788672091263645,0.6792133797439764
densenet121,pretrained,gs40,blind,raw,test,1,1,1060,slice_level,0.06981132075471698,0.14150943396226415,0.9863791821700222,0.0016502642406607574,0.0020054122171681023,0.6819725947846208,0.1339622641509434,0.9506176169750825,0.9267856323946759
densenet121,pretrained,gs40,blind,raw,test,1,1,1060,subject_level,0.06981132075471698,0.14150943396226415,0.9863792449235916,0.001650261991428879,0.0020054121802666417,0.6823077491990033,0.1339622641509434,0.9506176796724212,0.9266935899821093
densenet121,pretrained,gs30,adaptive,gs30,test,1,1,1060,slice_level,0.035849056603773584,0.09905660377358491,0.9101234429849768,0.006736181085964419,0.007110880484435496,0.7850365922036312,0.13584905660377358,0.8190596312846777,0.7390190388236968
densenet121,pretrained,gs30,adaptive,gs30,test,1,1,1060,subject_level,0.035849056603773584,0.09905660377358491,0.9101234996656202,0.00673618198565717,0.007110881550624123,0.7849052029191883,0.13584905660377358,0.8190596751446994,0.7391110180762016
densenet121,pretrained,gs30,blind,raw,test,1,1,1060,slice_level,0.04905660377358491,0.10566037735849057,0.9888531752914752,0.0014638187750330512,0.0017302677999602033,0.6679026188145247,0.11226415094339623,0.9611220688190101,0.9433083584016224
densenet121,pretrained,gs30,blind,raw,test,1,1,1060,subject_level,0.04905660377358491,0.10566037735849057,0.9888532368641979,0.0014638207993417417,0.0017302679040750383,0.6683077527589889,0.11226415094339623,0.9611221306166559,0.9432952787896373
densenet121,pretrained,gs20,adaptive,gs20,test,1,1,1060,slice_level,0.0660377358490566,0.15754716981132075,0.8787298567452521,0.009222703947211211,0.011755501242565377,0.7967032351370594,0.19245283018867926,0.7668027712489074,0.662667171061039
densenet121,pretrained,gs20,adaptive,gs20,test,1,1,1060,subject_level,0.0660377358490566,0.15754716981132075,0.8787299087025084,0.009222704059672805,0.011755502981327052,0.7964995291918833,0.18867924528301888,0.7668028169083145,0.6626670956130297
densenet121,pretrained,gs20,blind,raw,test,1,1,1060,slice_level,0.08773584905660377,0.14339622641509434,0.9639849692020777,0.003677799566736761,0.00412298481942172,0.636286187255251,0.04339622641509434,0.860341691464748,0.8182908676019255
densenet121,pretrained,gs20,blind,raw,test,1,1,1060,subject_level,0.08773584905660377,0.14339622641509434,0.9639850355544181,0.003677800129044731,0.0041229850105185695,0.6369724021003916,0.04339622641509434,0.8603417537684711,0.8179879670301136
densenet121,pretrained,gs10,adaptive,gs10,test,1,1,1060,slice_level,0.09245283018867924,0.180188679245283,0.8716451674137475,0.010991822379939961,0.013182046727655139,0.8259461018155927,0.20471698113207548,0.7650630066979606,0.6468191146528665
densenet121,pretrained,gs10,adaptive,gs10,test,1,1,1060,subject_level,0.09245283018867924,0.180188679245283,0.8716452188649267,0.010991823785709886,0.013182047779127112,0.8260443956924173,0.2037735849056604,0.7650630498269819,0.6466829477041397
densenet121,pretrained,gs10,blind,raw,test,1,1,1060,slice_level,0.09150943396226414,0.15943396226415094,0.9604877865539407,0.0042835912052190525,0.005741888692795808,0.6781797993058027,0.048113207547169815,0.8295030688902117,0.7191543286498987
densenet121,pretrained,gs10,blind,raw,test,1,1,1060,subject_level,0.09150943396226414,0.15943396226415094,0.9604878474518938,0.004283587831371235,0.005741889441587945,0.6775758810964756,0.048113207547169815,0.8295031207350065,0.7195980583628956
densenet121,pretrained,gs0,adaptive,gs0,test,1,1,1060,slice_level,0.1632075471698113,0.2811320754716981,0.8380942411580176,0.013404775115678896,0.012116703998631323,0.8577117056781773,0.3179245283018868,0.7557151687313926,0.6320742035737297
densenet121,pretrained,gs0,adaptive,gs0,test,1,1,1060,subject_level,0.1632075471698113,0.2811320754716981,0.8380942877171175,0.01340477539683288,0.012116705321372961,0.8576635795656817,0.31981132075471697,0.755715211241875,0.6320244635611211
densenet121,pretrained,gs0,blind,raw,test,1,1,1060,slice_level,0.20849056603773586,0.330188679245283,0.8773503552067955,0.011443016326652383,0.0059464491833493395,0.8420713065147738,0.30660377358490565,0.8223848606617945,0.7357929726792675
densenet121,pretrained,gs0,blind,raw,test,1,1,1060,subject_level,0.20849056603773586,0.330188679245283,0.8773504159360562,0.01144301525826724,0.005946449888650469,0.8420063305446779,0.30660377358490565,0.822384914530898,0.7358681876190428
densenet121,scratch,raw,adaptive,raw,test,1,1,1060,slice_level,0.09622641509433963,0.19245283018867926,0.9410996029961783,0.011230994170566775,0.02323337986204281,0.8223637281950873,0.23679245283018868,0.7957259366534791,0.6261741410285094
densenet121,scratch,raw,adaptive,raw,test,1,1,1060,subject_level,0.09622641509433963,0.19245283018867926,0.9410996561342815,0.011230996307337059,0.02323338261735186,0.8223334255962976,0.23773584905660378,0.7957259809914625,0.6263308603260876
densenet121,scratch,gs50,adaptive,gs50,test,1,1,1060,slice_level,0.05566037735849057,0.1349056603773585,0.964052141837354,0.008637393701751277,0.02088810912649727,0.7833814146493414,0.180188679245283,0.7859369611402728,0.6197664913083866
densenet121,scratch,gs50,adaptive,gs50,test,1,1,1060,subject_level,0.05566037735849057,0.1349056603773585,0.9640521942444568,0.008637393195674104,0.02088811092236835,0.7838598300106799,0.1820754716981132,0.7859370044661018,0.6195186891686242
densenet121,scratch,gs50,blind,raw,test,1,1,1060,slice_level,0.07735849056603773,0.1669811320754717,0.9679076074429278,0.007824480702292245,0.016976646548752094,0.761110855731577,0.18962264150943398,0.802892397737728,0.6634162849872461
densenet121,scratch,gs50,blind,raw,test,1,1,1060,subject_level,0.07735849056603773,0.1669811320754717,0.9679076608059541,0.007824481545754198,0.01697664800723839,0.7615866758632965,0.1877358490566038,0.8028924455901362,0.6629556425740978
densenet121,scratch,gs40,adaptive,gs40,test,1,1,1060,slice_level,0.03962264150943396,0.10566037735849057,0.9395655295196569,0.012299223665921193,0.031009488819026442,0.7617402968138127,0.14245283018867924,0.7243698396210401,0.570436499451129
densenet121,scratch,gs40,adaptive,gs40,test,1,1,1060,subject_level,0.03962264150943396,0.10566037735849057,0.9395655850194535,0.01229922484676793,0.031009492952868624,0.7615802963688145,0.14433962264150943,0.7243698824126765,0.5707058744082192
densenet121,scratch,gs40,blind,raw,test,1,1,1060,slice_level,0.06320754716981132,0.12264150943396226,0.9555664717588784,0.009603709094929245,0.02043154882354978,0.7302954654681381,0.1169811320754717,0.763024952726544,0.6337453768793845
densenet121,scratch,gs40,blind,raw,test,1,1,1060,subject_level,0.06320754716981132,0.12264150943396226,0.9555665287769066,0.009603705833543022,0.020431551035440896,0.7300258579565682,0.11886792452830189,0.7630250005508369,0.6339786820280664
densenet121,scratch,gs30,adaptive,gs30,test,1,1,1060,slice_level,0.05471698113207547,0.1490566037735849,0.950611477584209,0.010607733366624364,0.02871588327359619,0.801330246529014,0.19528301886792454,0.763354348461583,0.5761413871007708
densenet121,scratch,gs30,adaptive,gs30,test,1,1,1060,subject_level,0.05471698113207547,0.1490566037735849,0.9506115343210833,0.010607734097624725,0.028715885356771498,0.8013467185831257,0.19716981132075473,0.7633543967919529,0.5761647428878636
densenet121,scratch,gs30,blind,raw,test,1,1,1060,slice_level,0.07452830188679245,0.14339622641509434,0.9690190624515965,0.006795132441340753,0.014339537462131735,0.7573238496796013,0.1490566037735849,0.8267363632906158,0.6981713978466841
densenet121,scratch,gs30,blind,raw,test,1,1,1060,subject_level,0.07452830188679245,0.14339622641509434,0.9690191158708537,0.006795130135878077,0.01433953764400322,0.7574247570309718,0.1481132075471698,0.8267364115928704,0.6979910697699155
densenet121,scratch,gs20,adaptive,gs20,test,1,1,1060,slice_level,0.06415094339622641,0.15377358490566037,0.9401141045790798,0.012397053894006981,0.03310373139409524,0.7854542208081168,0.19811320754716982,0.7363211325598213,0.5601123534163355
densenet121,scratch,gs20,adaptive,gs20,test,1,1,1060,subject_level,0.06415094339622641,0.15377358490566037,0.9401141619907235,0.012397057717701174,0.03310373710415695,0.7854002153791385,0.19811320754716982,0.7363211747891498,0.5602520091374528
densenet121,scratch,gs20,blind,raw,test,1,1,1060,slice_level,0.07075471698113207,0.14622641509433962,0.9581596631486461,0.00873185767317718,0.019162035179060868,0.7427519112673548,0.15754716981132075,0.7861046422202632,0.6529720086830686
densenet121,scratch,gs20,blind,raw,test,1,1,1060,subject_level,0.07075471698113207,0.14622641509433962,0.9581597165679032,0.008731861609332967,0.019162038084611577,0.7432060564257743,0.15849056603773584,0.7861046846463995,0.6527153423222449
densenet121,scratch,gs10,adaptive,gs10,test,1,1,1060,slice_level,0.07075471698113207,0.15,0.9385960238159827,0.012851312531615203,0.031208913243498723,0.791483363741545,0.18679245283018867,0.7414783336081595,0.5686871234594651
densenet121,scratch,gs10,adaptive,gs10,test,1,1,1060,subject_level,0.07075471698113207,0.15,0.9385960817899344,0.012851311013383685,0.03120891731408126,0.7913209611961551,0.18962264150943398,0.7414783806171057,0.5687960394391474
densenet121,scratch,gs10,blind,raw,test,1,1,1060,slice_level,0.08113207547169811,0.15566037735849056,0.9539988696575165,0.009725716035321073,0.01909063882150529,0.7607121618013527,0.19622641509433963,0.7918422446217177,0.6621328015417423
densenet121,scratch,gs10,blind,raw,test,1,1,1060,subject_level,0.08113207547169811,0.15566037735849056,0.9539989283624685,0.009725713729858398,0.019090641449416444,0.7615059069063723,0.19622641509433963,0.7918422931770108,0.6617308768841456
densenet121,scratch,gs0,adaptive,gs0,test,1,1,1060,slice_level,0.09339622641509433,0.18396226415094338,0.9459645050314237,0.011700059332937565,0.029257739775480247,0.8240437322000712,0.2490566037735849,0.774619165175366,0.5713720679751967
densenet121,scratch,gs0,adaptive,gs0,test,1,1,1060,subject_level,0.09339622641509433,0.18396226415094338,0.9459645598564508,0.011700059445399159,0.02925774327672596,0.8243847054111784,0.2490566037735849,0.7746192116220042,0.5710986690607274
densenet121,scratch,gs0,blind,raw,test,1,1,1060,slice_level,0.1009433962264151,0.19245283018867926,0.9528987162518051,0.009983178073505185,0.020526645706421782,0.7897235070309719,0.22830188679245284,0.7979770870984725,0.6399791789423885
densenet121,scratch,gs0,blind,raw,test,1,1,1060,subject_level,0.1009433962264151,0.19245283018867926,0.9528987744506799,0.0099831833592001,0.020526648635694863,0.7895260252758989,0.22735849056603774,0.7979771345572652,0.6400775176585846
resnet18,pretrained,raw,adaptive,raw,train,3,1,3843,slice_level,0.19385896435076763,0.3018475149622691,0.8736834166541932,0.008898945252410825,0.001162717410018767,0.8564894291189532,0.3232604989927166,0.8068434114735495,0.7201532719375998
resnet18,pretrained,raw,adaptive,raw,train,3,1,3843,subject_level,0.17043976060369503,0.27400468384074944,0.8865891251904003,0.00790727594511105,0.0016838223335183887,0.8699717534758933,0.3749674733281291,0.8326462278011222,0.7419717258840931
resnet18,pretrained,gs50,adaptive,gs50,train,3,1,3843,slice_level,0.008847254748894093,0.027062190996617226,0.9448240712506059,0.0034510841321237938,0.0010259744055895607,0.7575265594666598,0.09003564233689756,0.8522031014323622,0.7801787957578177
resnet18,pretrained,gs50,adaptive,gs50,train,3,1,3843,subject_level,0.010408534998698933,0.0351288056206089,0.9510070568659701,0.003469979642053585,0.0015425535025292703,0.7775291700682982,0.09601873536299765,0.8718097135172578,0.7979966843555193
resnet18,pretrained,gs50,blind,raw,train,3,1,3843,slice_level,0.08196721311475409,0.14702055685662244,0.9852038385841395,0.0012793202683108566,0.0002536228528992275,0.7393634201166915,0.17340771734077173,0.9644435997639592,0.9494314405413583
resnet18,pretrained,gs50,blind,raw,train,3,1,3843,subject_level,0.07285974499089254,0.13635180848295603,0.9858034287552457,0.001163679952271556,0.00040188672667722583,0.7613820354861165,0.19255789747593027,0.9694503414702236,0.954232038169952
resnet18,pretrained,gs40,adaptive,gs40,train,3,1,3843,slice_level,0.00936768149882904,0.032266458495966696,0.9416894913029925,0.0036540364896509754,0.0009837157272534057,0.7632392066996254,0.10150317681698434,0.8532041036471201,0.7866508885373943
resnet18,pretrained,gs40,adaptive,gs40,train,3,1,3843,subject_level,0.011189175123601354,0.04007285974499089,0.9481830679126435,0.003540530975306062,0.0014631000164073012,0.7796231746722397,0.11397345823575332,0.872469132839315,0.8044489530965185
resnet18,pretrained,gs40,blind,raw,train,3,1,3843,slice_level,0.10044236273744471,0.17356232110330472,0.9808153541733937,0.0016238454912529618,0.0002838497808313185,0.7490785609704373,0.19665271966527198,0.9558492057844038,0.9364852007745827
resnet18,pretrained,gs40,blind,raw,train,3,1,3843,subject_level,0.0848295602393963,0.15144418423106948,0.9818396199472305,0.0015087257348526402,0.0004459010418076742,0.7707336972393345,0.21909966172261255,0.9620096774700561,0.9423553763815365
resnet18,pretrained,gs30,adaptive,gs30,train,3,1,3843,slice_level,0.0067655477491543065,0.027842831121519647,0.9400995456703994,0.003678913588577219,0.0009327012868533277,0.7663398365708385,0.10475747714241439,0.8551178869768092,0.7905547306187026
resnet18,pretrained,gs30,adaptive,gs30,train,3,1,3843,subject_level,0.01249024199843872,0.038771792870153525,0.9469575578273661,0.0035273214506972685,0.0013949369345002812,0.7798597670646786,0.11345303148581837,0.8731470926956307,0.8076332598116259
resnet18,pretrained,gs30,blind,raw,train,3,1,3843,slice_level,0.11137132448607859,0.1922976841009628,0.9778782955346367,0.0018130321847626297,0.0003064371711269325,0.7512391707302576,0.19510305284363863,0.9497406522968693,0.9272241682528426
resnet18,pretrained,gs30,blind,raw,train,3,1,3843,subject_level,0.09992193598750976,0.17772573510278428,0.9791455055443284,0.0016668728171553798,0.0004786443555267271,0.7736740410040216,0.22118136872235233,0.9566860653105236,0.9338699719547574
resnet18,pretrained,gs20,adaptive,gs20,train,3,1,3843,slice_level,0.016653655997918293,0.0497007546187874,0.925431468199542,0.004809623998557097,0.001254243359282068,0.7806968946055989,0.1292422129242213,0.826626789869125,0.7509790778169789
resnet18,pretrained,gs20,adaptive,gs20,train,3,1,3843,subject_level,0.01639344262295082,0.05438459536820193,0.9330671272673645,0.0045193041360474424,0.0018225351456119436,0.797010299384866,0.1493624772313297,0.8482807388598491,0.770739108439693
resnet18,pretrained,gs20,blind,raw,train,3,1,3843,slice_level,0.13479052823315119,0.2167577413479053,0.9600395627112368,0.003169500871217099,0.0004266438807587176,0.781804932089874,0.23059042305904232,0.9204541552571128,0.8842260632037559
resnet18,pretrained,gs20,blind,raw,train,3,1,3843,subject_level,0.11423367161072079,0.19854280510018216,0.962804625144763,0.002943949373073017,0.0006451603382304936,0.8062335656430051,0.2568306010928962,0.9320410297557832,0.8948428017336845
resnet18,pretrained,gs10,adaptive,gs10,train,3,1,3843,slice_level,0.026281550871714805,0.07442102524069737,0.9205409276929027,0.004780502577421102,0.0010891000644065515,0.7977930371368802,0.1546567487990082,0.8353949016366802,0.7616131392171335
resnet18,pretrained,gs10,adaptive,gs10,train,3,1,3843,subject_level,0.0312256049960968,0.07676294561540463,0.9294317570819601,0.004748057162051333,0.0016105046036465163,0.813967770985687,0.17928701535258912,0.8565562431185065,0.7805095237279013
resnet18,pretrained,gs10,blind,raw,train,3,1,3843,slice_level,0.07676294561540463,0.13010668748373666,0.9760730615544375,0.0017748814897241923,0.0003924392467257311,0.6142182870443459,0.08089260808926081,0.9223034496124856,0.8974440870982515
resnet18,pretrained,gs10,blind,raw,train,3,1,3843,subject_level,0.06219099661722612,0.10850897736143637,0.977313964667185,0.001638682580943409,0.0006082151771800904,0.6294454292332359,0.08639084048920115,0.9323337287168282,0.9070800572936187
resnet18,pretrained,gs0,adaptive,gs0,train,3,1,3843,slice_level,0.11267239136091595,0.2086911267239136,0.9068474238687526,0.0061094088539492795,0.0010560049284991113,0.8411977261149586,0.267007593367426,0.837500092088391,0.7566976589061787
resnet18,pretrained,gs0,adaptive,gs0,train,3,1,3843,subject_level,0.11085089773614364,0.19177725735102785,0.916151833059637,0.005649572358043312,0.0015460489778801258,0.8584330980443778,0.30470986208691125,0.8594866399029224,0.7755667336701944
resnet18,pretrained,gs0,blind,raw,train,3,1,3843,slice_level,0.1647150663544106,0.26359614884205046,0.9240462574492263,0.005483156298399902,0.0006852984342252971,0.8140541364793141,0.2443824577715791,0.8700566080287873,0.8100612272478053
resnet18,pretrained,gs0,blind,raw,train,3,1,3843,subject_level,0.14077543585740307,0.2388758782201405,0.931088678653185,0.00497355699663264,0.0010131433420573928,0.8414251424080834,0.3065313557116836,0.8896280412031219,0.826754109205537
resnet18,scratch,raw,adaptive,raw,train,3,1,3843,slice_level,0.05334374186833203,0.11449388498568827,0.9783254910998129,0.004363044549672516,0.0031435689460856957,0.8133776650751028,0.2047109871377654,0.828668806130953,0.640524787312185
resnet18,scratch,raw,adaptive,raw,train,3,1,3843,subject_level,0.04527712724434036,0.10850897736143637,0.9763956175568884,0.005062997480745338,0.004750033268881193,0.8403633316087339,0.23132969034608378,0.8545701325311966,0.661231933752688
resnet18,scratch,gs50,adaptive,gs50,train,3,1,3843,slice_level,0.02498048399687744,0.06947697111631537,0.9542345104662975,0.006341693381483965,0.0030146179836902077,0.789997034442565,0.14768324810165814,0.8028053310921298,0.6722153074059547
resnet18,scratch,gs50,adaptive,gs50,train,3,1,3843,subject_level,0.029404111371324485,0.07624251886546969,0.952671983807837,0.006655744686742143,0.004150393275319153,0.8163852564307,0.1725214676034348,0.8296308920016179,0.6943515545572274
resnet18,scratch,gs50,blind,raw,train,3,1,3843,slice_level,0.06843611761644548,0.13192818110850899,0.9768943876268464,0.0037319441031516297,0.0012157391397803034,0.7508410628157829,0.16101038276770493,0.8847327011233427,0.8033325435904796
resnet18,scratch,gs50,blind,raw,train,3,1,3843,subject_level,0.059068436117616446,0.12438199323445225,0.9754380351734633,0.003955965376508257,0.0017508590527623067,0.780278915153309,0.18371064272703616,0.9025276529813787,0.8180275734097517
resnet18,scratch,gs40,adaptive,gs40,train,3,1,3843,slice_level,0.03981264637002342,0.09549830861306272,0.9699661271385374,0.005197218579300487,0.0031632766490615567,0.8004704131989192,0.1639547497288083,0.825837507061158,0.6652995774259239
resnet18,scratch,gs40,adaptive,gs40,train,3,1,3843,subject_level,0.03825136612021858,0.09575852198803018,0.9677839024501823,0.005561256746807788,0.004639037169830889,0.8280012457469875,0.19489981785063754,0.8526257310269123,0.6875102014069039
resnet18,scratch,gs40,blind,raw,train,3,1,3843,slice_level,0.039032006245121,0.08222742648972158,0.9965856367338768,0.000662915895235219,0.00035398049752494295,0.7255609043860409,0.1289322795598946,0.9611718600782408,0.9299489907834668
resnet18,scratch,gs40,blind,raw,train,3,1,3843,subject_level,0.028623471246422068,0.0702576112412178,0.9961924200376867,0.0007242423744211586,0.000559357515016848,0.7565719567849436,0.1472807702315899,0.9683849454980762,0.936307938949751
resnet18,scratch,gs30,adaptive,gs30,train,3,1,3843,slice_level,0.039552432995055946,0.09445745511319281,0.9740634015876428,0.004167489185948686,0.001861309867140561,0.809135828579187,0.1678289167828917,0.8627608118917376,0.7378728356892293
resnet18,scratch,gs30,adaptive,gs30,train,3,1,3843,subject_level,0.03747072599531616,0.09211553473848556,0.9728122565419358,0.004561947343127975,0.002717792012727781,0.8366918988324525,0.1988030184751496,0.8833848770989933,0.7548502782638608
resnet18,scratch,gs30,blind,raw,train,3,1,3843,slice_level,0.07390059849076243,0.13973458235753317,0.9774286552794489,0.003982688916588773,0.001625603230369226,0.8054233440350268,0.20223152022315202,0.8781229522770253,0.7600819042144717
resnet18,scratch,gs30,blind,raw,train,3,1,3843,subject_level,0.06453291699193339,0.1306271142336716,0.97605663983114,0.004218571126507559,0.002386029778542048,0.8333435835600128,0.2388758782201405,0.8968207534948365,0.7756755982138296
resnet18,scratch,gs20,adaptive,gs20,train,3,1,3843,slice_level,0.04709862086911267,0.10252406973718449,0.9698801926421275,0.005010965247033879,0.0026917106961881617,0.809552362628972,0.17418255075158842,0.8413728091322542,0.6892429223231876
resnet18,scratch,gs20,adaptive,gs20,train,3,1,3843,subject_level,0.047619047619047616,0.11423367161072079,0.9680363334717305,0.005455069079114967,0.0039010865905477476,0.8384739872279449,0.20556856622430392,0.8665397697722822,0.7096840452959365
resnet18,scratch,gs20,blind,raw,train,3,1,3843,slice_level,0.06323185011709602,0.12750455373406194,0.9819106138096854,0.003032428660555305,0.0011497125298382423,0.7957621474543264,0.1768169843483651,0.9020817653441566,0.8047160143291007
resnet18,scratch,gs20,blind,raw,train,3,1,3843,subject_level,0.05880822274264897,0.12125943273484258,0.9809258111342768,0.0033199455382580127,0.0017361551801266448,0.8259204447204346,0.20895134009888108,0.9182645325204093,0.8185070112987852
resnet18,scratch,gs10,adaptive,gs10,train,3,1,3843,slice_level,0.05932864949258392,0.12620348685922456,0.9614948978375681,0.006315166181553909,0.0035136074445474793,0.827832398996745,0.22516658918332558,0.8206980224128991,0.6594370410958368
resnet18,scratch,gs10,adaptive,gs10,train,3,1,3843,subject_level,0.058287795992714025,0.12958626073380172,0.9595706840216601,0.006816885339819823,0.005003539700426536,0.8548945279287228,0.2646370023419204,0.8458510277065299,0.6784809345351186
resnet18,scratch,gs10,blind,raw,train,3,1,3843,slice_level,0.0507416081186573,0.0975800156128025,0.9933068061321625,0.0009737446411742291,0.00037973160264792317,0.7079330883262909,0.13621571362157137,0.9523644201537167,0.923426387542832
resnet18,scratch,gs10,blind,raw,train,3,1,3843,subject_level,0.03590944574551132,0.07650273224043716,0.9930086664597628,0.0010202839726307354,0.0005974494013620283,0.7320622721143956,0.1423367161072079,0.9586554956008083,0.9290103005383619
resnet18,scratch,gs0,adaptive,gs0,train,3,1,3843,slice_level,0.04137392661982826,0.10070257611241218,0.972275397909702,0.005161800624615135,0.0039007662930711233,0.819661062401248,0.18596001859600186,0.8117880063584918,0.6121299003915642
resnet18,scratch,gs0,adaptive,gs0,train,3,1,3843,subject_level,0.04007285974499089,0.1014832162373146,0.9699436711545354,0.005731123423719046,0.0057702011335108,0.8461747937810696,0.21311475409836064,0.8407414166715782,0.6344331693467089
resnet18,scratch,gs0,blind,raw,train,3,1,3843,slice_level,0.03981264637002342,0.10122300286234713,0.97694619581968,0.004066281321146139,0.002428198815535462,0.782172478038221,0.15915078258174492,0.8404771563490657,0.6984719441713431
resnet18,scratch,gs0,blind,raw,train,3,1,3843,subject_level,0.04111371324486079,0.09549830861306272,0.9751415446869818,0.0045396921196053375,0.0036025628000834675,0.8077329067134035,0.17694509497788186,0.8628437583672327,0.7178693864955168
densenet121,pretrained,raw,adaptive,raw,train,3,1,3843,slice_level,0.24486078584439241,0.3598750975800156,0.8391607330703438,0.012419456046538957,0.0024266345762387655,0.8753017640434472,0.3953200061986673,0.7548282117958532,0.6294327504214383
densenet121,pretrained,raw,adaptive,raw,train,3,1,3843,subject_level,0.20712984647410876,0.31824095758521986,0.853762326810064,0.011533200228986658,0.0033919225030838223,0.891846839003351,0.4514702055685662,0.7870179652826507,0.6547644478129807
densenet121,pretrained,gs50,adaptive,gs50,train,3,1,3843,slice_level,0.013010668748373666,0.043195420244600574,0.9081950643674923,0.00558294111200214,0.0020212689384327574,0.7801709410937486,0.1278475127847513,0.7823247781570948,0.687600434104113
densenet121,pretrained,gs50,adaptive,gs50,train,3,1,3843,subject_level,0.016913869372885765,0.04865990111891751,0.9175984115610513,0.005878409308255603,0.0028928209289098014,0.8020470104611466,0.14676034348165495,0.8104996600716864,0.7120032365923433
densenet121,pretrained,gs50,blind,raw,train,3,1,3843,slice_level,0.10044236273744471,0.17200104085349988,0.968004122675008,0.0026531231580163984,0.0004584864877090328,0.7400461217420351,0.19804741980474197,0.9203881213281869,0.8839214456637421
densenet121,pretrained,gs50,blind,raw,train,3,1,3843,subject_level,0.08326827998959146,0.14988290398126464,0.9696841098168477,0.0025347174997600204,0.0006909430036974396,0.7670942182998594,0.22274264897215718,0.9318074113746313,0.894479827917897
densenet121,pretrained,gs40,adaptive,gs40,train,3,1,3843,slice_level,0.02029664324746292,0.061930783242258654,0.9037693276431391,0.006069776325091824,0.0021089618320552853,0.7927539749881437,0.15620641562064155,0.7784242347961209,0.6776895716406391
densenet121,pretrained,gs40,adaptive,gs40,train,3,1,3843,subject_level,0.026281550871714805,0.06713505074160812,0.9129453685455511,0.006293326329353604,0.0030057572230108754,0.815140725262006,0.1725214676034348,0.8067696921114434,0.7021861251414272
densenet121,pretrained,gs40,blind,raw,train,3,1,3843,slice_level,0.04605776736924278,0.09315638823835545,0.9882970465492091,0.0011769514390338439,0.0003513418560506058,0.663980160454027,0.11529521152952116,0.9470526226801261,0.9246085029171216
densenet121,pretrained,gs40,blind,raw,train,3,1,3843,subject_level,0.03721051262034868,0.08144678636481915,0.9883300847539422,0.0011431819723200247,0.0005502141500927892,0.679135567715097,0.1288056206088993,0.9536904903274633,0.9310437232060821
densenet121,pretrained,gs30,adaptive,gs30,train,3,1,3843,slice_level,0.017694509497788186,0.056466302367941715,0.9184755848901457,0.00460011029100778,0.0013306627305319778,0.7869513758061402,0.1434991476832481,0.8198238872713254,0.7390216762432356
densenet121,pretrained,gs30,adaptive,gs30,train,3,1,3843,subject_level,0.020036429872495445,0.05412438199323445,0.9278405034197763,0.004595300756082726,0.001976441986269468,0.8058241682092926,0.151183970856102,0.8425822884906805,0.7597438483008984
densenet121,pretrained,gs30,blind,raw,train,3,1,3843,slice_level,0.03434816549570648,0.07285974499089254,0.9906398796830487,0.0010369210667576668,0.00031229246955683865,0.6536552387105885,0.10243297690996436,0.9583540285869512,0.9412135566610115
densenet121,pretrained,gs30,blind,raw,train,3,1,3843,subject_level,0.0273224043715847,0.05958886286755139,0.9905090452853572,0.0010079113481071447,0.0004940032841902611,0.671494254146063,0.1064272703616966,0.9633539969989976,0.9459594540206089
densenet121,pretrained,gs20,adaptive,gs20,train,3,1,3843,slice_level,0.02966432474629196,0.08014571948998178,0.8923551893904281,0.006957784050800761,0.0024283091829101658,0.8025866656109738,0.18084611808461182,0.765813610987129,0.6608991854581057
densenet121,pretrained,gs20,adaptive,gs20,train,3,1,3843,subject_level,0.03200624512099922,0.08534998698933126,0.9021190729359615,0.007035591253041911,0.0034357275057830265,0.8265103691610519,0.20166536559979184,0.7955539644291834,0.685990990673258
densenet121,pretrained,gs20,blind,raw,train,3,1,3843,slice_level,0.0624512099921936,0.10278428311215196,0.9692523207262472,0.0027285268646089354,0.0007416048272677767,0.640534701084674,0.04757477142414381,0.8600909257238084,0.8160168845466484
densenet121,pretrained,gs20,blind,raw,train,3,1,3843,subject_level,0.04865990111891751,0.08274785323965651,0.969915618724014,0.0026704806726859194,0.001101317539893652,0.6677814179888764,0.050481394743689824,0.8800415443685444,0.8337812752057697
densenet121,pretrained,gs10,adaptive,gs10,train,3,1,3843,slice_level,0.05178246161852719,0.12308092635961489,0.8870574426688225,0.007852544503506044,0.0027769440180254166,0.8275500404675549,0.22082752208275222,0.7634268629815104,0.6437163997539824
densenet121,pretrained,gs10,adaptive,gs10,train,3,1,3843,subject_level,0.056466302367941715,0.12672391360915952,0.8958070791236069,0.008066100857700187,0.0038518624353512635,0.8486243345616785,0.2547488940931564,0.7933647351093724,0.6682268539981981
densenet121,pretrained,gs10,blind,raw,train,3,1,3843,slice_level,0.07155867811605517,0.11891751236013531,0.9649598710927186,0.002989092563050444,0.0010742652552507574,0.6622685667565861,0.04896947156361382,0.8158598683812572,0.715999690305239
densenet121,pretrained,gs10,blind,raw,train,3,1,3843,subject_level,0.05698672911787666,0.09888108248763987,0.9656341896837588,0.003084459281234483,0.001632825382172721,0.6850106964421727,0.055685662243039294,0.8419861435083682,0.7366637322265842
densenet121,pretrained,gs0,adaptive,gs0,train,3,1,3843,slice_level,0.1423367161072079,0.2487639864689045,0.8528930436593929,0.009782928416048399,0.0026144948974136635,0.8564847171116081,0.31814659848132654,0.7515697299778304,0.6270792415370521
densenet121,pretrained,gs0,adaptive,gs0,train,3,1,3843,subject_level,0.11917772573510278,0.2214415820973198,0.8658944652349168,0.009124097649144717,0.003668960341472434,0.878966147208184,0.3658600052042675,0.7841040340836024,0.6519685673551295
densenet121,pretrained,gs0,blind,raw,train,3,1,3843,slice_level,0.1922976841009628,0.28935727296383035,0.8873599138757446,0.008062471519557567,0.001170298183674195,0.836725736574625,0.28854796218812956,0.8184980592689975,0.7338183500355431
densenet121,pretrained,gs0,blind,raw,train,3,1,3843,subject_level,0.17096018735362997,0.2703616965912048,0.8980287016291125,0.007379177954865097,0.001673394720362208,0.8589216606745812,0.3492063492063492,0.8444214114415717,0.7551976071429104
densenet121,scratch,raw,adaptive,raw,train,3,1,3843,slice_level,0.08248763986468904,0.1592505854800937,0.9561882425403024,0.0071391500348446735,0.00499137153325788,0.8313743735150287,0.2522857585619092,0.7960250051644501,0.6166183667869392
densenet121,scratch,raw,adaptive,raw,train,3,1,3843,subject_level,0.07077803799115275,0.14702055685662244,0.953410946575267,0.007797377310536226,0.007128037434631598,0.8554476218508545,0.29143897996357016,0.8231433888617636,0.6385064203646339
densenet121,scratch,gs50,adaptive,gs50,train,3,1,3843,slice_level,0.030705178246161854,0.08014571948998178,0.9752559801454567,0.004809580214036618,0.004044668335538341,0.7913645445425175,0.18007128467379513,0.7909825813644674,0.6209214480924065
densenet121,scratch,gs50,adaptive,gs50,train,3,1,3843,subject_level,0.027842831121519647,0.07442102524069737,0.9724462093272124,0.005512739729205054,0.006127183889338154,0.8188894713389153,0.2068696330991413,0.8189088470406003,0.6418199798482611
densenet121,scratch,gs50,blind,raw,train,3,1,3843,slice_level,0.050221181368722355,0.11293260473588343,0.9773127519615982,0.004664462663653987,0.003274204052499787,0.7568951700397425,0.18131101813110181,0.7989641321124762,0.663331750528521
densenet121,scratch,gs50,blind,raw,train,3,1,3843,subject_level,0.04657819411917773,0.10096278948737965,0.9743270796473809,0.005156806878301584,0.004800010711546467,0.7873937532133102,0.21181368722352328,0.827267390557822,0.6852153010258072
densenet121,scratch,gs40,adaptive,gs40,train,3,1,3843,slice_level,0.03278688524590164,0.07988550611501431,0.956306960351325,0.00738038076511932,0.006825363934140642,0.7818425144338177,0.16116534944986827,0.7322222593125125,0.5607484190796087
densenet121,scratch,gs40,adaptive,gs40,train,3,1,3843,subject_level,0.030965391621129327,0.07520166536559979,0.9516972575279502,0.008093427764913423,0.009635051155005804,0.809840647103198,0.18553213635180849,0.7680195731915691,0.5882370382583517
densenet121,scratch,gs40,blind,raw,train,3,1,3843,slice_level,0.03929221962008847,0.08326827998959146,0.9674310200139318,0.005520492055408042,0.004051739417181057,0.724030355968913,0.10987137765380443,0.7610420767704535,0.635977657033543
densenet121,scratch,gs40,blind,raw,train,3,1,3843,subject_level,0.029404111371324485,0.06947697111631537,0.9638561874728881,0.006234510984701196,0.005747896298430977,0.7506384707226774,0.1199583658600052,0.7923924542639735,0.6609547405847032
densenet121,scratch,gs30,adaptive,gs30,train,3,1,3843,slice_level,0.044236273744470464,0.10408534998698933,0.9649032742258102,0.006300184213646743,0.005984634763519748,0.8082577627803257,0.2087401208740121,0.7648228684123608,0.5723505039472204
densenet121,scratch,gs30,adaptive,gs30,train,3,1,3843,subject_level,0.04267499349466563,0.09731980223783503,0.9615187933598215,0.007053305201315799,0.008853562508661018,0.8356864973905196,0.23341139734582358,0.7967835704299456,0.5964863362518599
densenet121,scratch,gs30,blind,raw,train,3,1,3843,slice_level,0.052823315118397086,0.10486599011189175,0.9783093035298649,0.0042007107490243745,0.002669493491189337,0.7546448591486735,0.15481171548117154,0.8298778724812655,0.7066218076572074
densenet121,scratch,gs30,blind,raw,train,3,1,3843,subject_level,0.047619047619047616,0.09549830861306272,0.9759017254826677,0.004754615704776904,0.003911848922442832,0.78329322269085,0.17876658860265418,0.8543663801872076,0.7264524979548329
densenet121,scratch,gs20,adaptive,gs20,train,3,1,3843,slice_level,0.05178246161852719,0.117096018735363,0.9567692663841436,0.007532638790642815,0.007251498742708115,0.8041347578654665,0.21075468774213543,0.7421965869534723,0.552169111224995
densenet121,scratch,gs20,adaptive,gs20,train,3,1,3843,subject_level,0.04527712724434036,0.10720791048659901,0.9526809307860733,0.008430348114516938,0.010473661067634588,0.8346904337695341,0.23549310434556336,0.7773822717389929,0.5766929299121578
densenet121,scratch,gs20,blind,raw,train,3,1,3843,slice_level,0.05594587561800676,0.10616705698672912,0.9703178375672463,0.005281490752884971,0.003989408647308561,0.7458795887507657,0.1484580815124748,0.7860405979397758,0.6513490013623304
densenet121,scratch,gs20,blind,raw,train,3,1,3843,subject_level,0.04631798074421025,0.09679937548790007,0.9670705751394996,0.006208845252578779,0.005762468163967821,0.7752192063065483,0.1714806141035649,0.8163472042011154,0.6748198502164411
densenet121,scratch,gs10,adaptive,gs10,train,3,1,3843,slice_level,0.052823315118397086,0.11891751236013531,0.9555678262922747,0.007693172447265141,0.006955643352487052,0.8133244105509769,0.20641562064156208,0.7488989803738582,0.5576558291354109
densenet121,scratch,gs10,adaptive,gs10,train,3,1,3843,subject_level,0.04787926099401509,0.11371324486078585,0.951609449215367,0.008610827551203223,0.00994765895825716,0.843416751051501,0.24225865209471767,0.7832788358186329,0.5816119195572216
densenet121,scratch,gs10,blind,raw,train,3,1,3843,slice_level,0.05516523549310435,0.11917772573510278,0.9664603925576409,0.005741397787933389,0.0038676670780759224,0.7712669832777522,0.19789245312257864,0.7945063734690053,0.6581591034636401
densenet121,scratch,gs10,blind,raw,train,3,1,3843,subject_level,0.051001821493624776,0.1082487639864689,0.9635489564248432,0.006497968570844227,0.00558969939954922,0.7985827613615846,0.2302888368462139,0.8213693369204198,0.6796914356972227
densenet121,scratch,gs0,adaptive,gs0,train,3,1,3843,slice_level,0.07728337236533958,0.1480614103564923,0.9608886897982702,0.006965372964425723,0.006010321028784573,0.8345398865610014,0.25430032543003256,0.7777748535478575,0.5616887703025144
densenet121,scratch,gs0,adaptive,gs0,train,3,1,3843,subject_level,0.07311995836586001,0.1425969294821754,0.9576787311770846,0.0077887696274363555,0.008821983718209796,0.8595016705319493,0.2877959927140255,0.8072236375846871,0.5829375231552878
densenet121,scratch,gs0,blind,raw,train,3,1,3843,slice_level,0.07572209211553474,0.14025500910746813,0.9653927062037336,0.005992605743264271,0.003953472877089966,0.7912341972191567,0.2039361537269487,0.794827784085004,0.6345516604382468
densenet121,scratch,gs0,blind,raw,train,3,1,3843,subject_level,0.06505334374186833,0.12828519385896436,0.9623860873314914,0.006664875302499636,0.0057213422726908126,0.818438571666237,0.2360135310954983,0.8223279206091434,0.6560374629842004
resnet18,pretrained,raw,adaptive,raw,val,3,1,599,slice_level,0.3105175292153589,0.4724540901502504,0.8648855832462916,0.012321506995390571,0.00635785915195407,0.8508787771695459,0.3241650294695481,0.8072508276679895,0.7223483487438778
resnet18,pretrained,raw,adaptive,raw,val,3,1,599,subject_level,0.27378964941569284,0.4257095158597663,0.8787690020960838,0.01141004052902502,0.009260942331532355,0.8738143957235348,0.38564273789649417,0.8359250065082302,0.7452556598648205
resnet18,pretrained,gs50,adaptive,gs50,val,3,1,599,slice_level,0.03005008347245409,0.08514190317195326,0.9368432446791851,0.004977163965992617,0.005749192906276188,0.7540430227523935,0.09037328094302555,0.8502006160721095,0.7799921327625372
resnet18,pretrained,gs50,adaptive,gs50,val,3,1,599,subject_level,0.02003338898163606,0.10684474123539232,0.9426940760150776,0.005362193851120683,0.008547153117100961,0.7766099453457487,0.09849749582637729,0.8712118055068193,0.799250636495314
resnet18,pretrained,gs50,blind,raw,val,3,1,599,slice_level,0.1686143572621035,0.2671118530884808,0.9831625448045428,0.0017977873351617728,0.0015613707660919736,0.7309899890452654,0.17092337917485265,0.9639558976549062,0.9493487399139866
resnet18,pretrained,gs50,blind,raw,val,3,1,599,subject_level,0.15025041736227046,0.24707846410684475,0.9840272640147074,0.0018109983713280578,0.002498889482270721,0.7706570243672677,0.19198664440734559,0.9700867335665007,0.9546445172095737
resnet18,pretrained,gs40,adaptive,gs40,val,3,1,599,slice_level,0.038397328881469114,0.11185308848080133,0.933388707036765,0.005342671091051054,0.00554502994725434,0.7624215375330855,0.09135559921414538,0.8521142502430614,0.786873013047573
resnet18,pretrained,gs40,adaptive,gs40,val,3,1,599,subject_level,0.041736227045075125,0.12020033388981637,0.9400613686079174,0.005716780489792609,0.00821797264497323,0.7828148360790521,0.1352253756260434,0.8726331540857611,0.804995361549727
resnet18,pretrained,gs40,blind,raw,val,3,1,599,slice_level,0.17863105175292154,0.28213689482470783,0.978008616149724,0.0021543170454506088,0.001739340718876017,0.7355035980071567,0.19842829076620824,0.9547744481760299,0.9358476979749429
resnet18,pretrained,gs40,blind,raw,val,3,1,599,subject_level,0.16193656093489148,0.2687813021702838,0.9795217378708675,0.0021529613631794567,0.0027636283190799675,0.774705179194038,0.2287145242070117,0.9625040524590991,0.9423675287303224
resnet18,pretrained,gs30,adaptive,gs30,val,3,1,599,slice_level,0.04674457429048414,0.11018363939899833,0.9317476666829423,0.005163535351347247,0.005321128596279627,0.7592108081248707,0.1031434184675835,0.8517086369759441,0.7893663135345074
resnet18,pretrained,gs30,adaptive,gs30,val,3,1,599,subject_level,0.05342237061769616,0.11853088480801335,0.9383287256667531,0.00512154263526649,0.007877334262802575,0.780276713275604,0.11185308848080133,0.8722557951890566,0.8080990894034829
resnet18,pretrained,gs30,blind,raw,val,3,1,599,slice_level,0.1669449081803005,0.2988313856427379,0.9754805347955287,0.002648981365815228,0.001888518666736595,0.7370224522862268,0.19155206286836934,0.9485166496752756,0.9264208436743644
resnet18,pretrained,gs30,blind,raw,val,3,1,599,subject_level,0.15025041736227046,0.2570951585976628,0.9769032091051589,0.0025474649040846276,0.0029703936654645233,0.7739372326164085,0.21535893155258765,0.9567699590589049,0.933789248556844
resnet18,pretrained,gs20,adaptive,gs20,val,3,1,599,slice_level,0.048414023372287146,0.1352253756260434,0.9153545420237496,0.006526037428733303,0.006907966971328989,0.7752476212810481,0.14243614931237722,0.8246143842024513,0.7508210752556141
resnet18,pretrained,gs20,adaptive,gs20,val,3,1,599,subject_level,0.04674457429048414,0.1335559265442404,0.9228278673152892,0.006807728581914122,0.010006491598581432,0.8002084637445269,0.14524207011686144,0.8483274954189243,0.77135528551766
resnet18,pretrained,gs20,blind,raw,val,3,1,599,slice_level,0.21535893155258765,0.335559265442404,0.9560219218615499,0.0047506628331039505,0.0025562834166043217,0.7717568983669574,0.2082514734774067,0.9186933209245004,0.8837653639962358
resnet18,pretrained,gs20,blind,raw,val,3,1,599,subject_level,0.18363939899833054,0.31385642737896496,0.9590362459669926,0.004373453594806397,0.0038955641120597597,0.8077665892792941,0.25542570951585974,0.9321242534059515,0.8950380067075036
resnet18,pretrained,gs10,adaptive,gs10,val,3,1,599,slice_level,0.0667779632721202,0.1652754590984975,0.9112580139967357,0.006547627445055368,0.005983119608153386,0.7945544842255101,0.14636542239685657,0.8344095297201678,0.7619419830716612
resnet18,pretrained,gs10,adaptive,gs10,val,3,1,599,subject_level,0.07011686143572621,0.17362270450751252,0.920476592741347,0.006683474092531284,0.008861709965271674,0.8174731564293299,0.16193656093489148,0.8577674109868095,0.7825933537387688
resnet18,pretrained,gs10,blind,raw,val,3,1,599,slice_level,0.13689482470784642,0.23205342237061768,0.9734890129609975,0.002362258844264163,0.0023364296605894483,0.6132230165862556,0.08349705304518663,0.9225321087715433,0.8985029344561701
resnet18,pretrained,gs10,blind,raw,val,3,1,599,subject_level,0.09181969949916527,0.18196994991652754,0.9746726232896464,0.0022377917085943714,0.003653837975428653,0.6328661542191911,0.08514190317195326,0.9343889426309397,0.9084785846903647
resnet18,pretrained,gs0,adaptive,gs0,val,3,1,599,slice_level,0.18864774624373956,0.35225375626043404,0.8982674176983523,0.008421205121010094,0.005854252081376831,0.8333582534413938,0.25736738703339884,0.8367949649837959,0.7567903402216347
resnet18,pretrained,gs0,adaptive,gs0,val,3,1,599,subject_level,0.18363939899833054,0.31719532554257096,0.9075272194730221,0.007819078302940662,0.00860132566592555,0.8573841432994891,0.3005008347245409,0.8602949667454562,0.7768975980056945
resnet18,pretrained,gs0,blind,raw,val,3,1,599,slice_level,0.2604340567612688,0.42237061769616024,0.9168738063070332,0.008105475138344231,0.004038820203350163,0.8133869686215729,0.24950884086444008,0.8686757078924909,0.807790097274844
resnet18,pretrained,gs0,blind,raw,val,3,1,599,subject_level,0.24707846410684475,0.39232053422370616,0.92447726396169,0.0075118285984746205,0.006013260605451161,0.8458295656924032,0.32053422370617696,0.8901574434541502,0.8253321975431777
resnet18,scratch,raw,adaptive,raw,val,3,1,599,slice_level,0.10517529215358931,0.2353923205342237,0.9682694477509577,0.007972592901506885,0.017167204407934653,0.8219374874955312,0.18467583497053044,0.8319373460731713,0.6396258225295699
resnet18,scratch,raw,adaptive,raw,val,3,1,599,subject_level,0.10851419031719532,0.24373956594323873,0.9654323770128228,0.009353219766250635,0.02561057335813724,0.8535654387808282,0.21869782971619364,0.8620007999353297,0.6628298613293243
resnet18,scratch,gs50,adaptive,gs50,val,3,1,599,slice_level,0.06176961602671119,0.17696160267111852,0.9413437888100867,0.008944033083812223,0.01500416992508957,0.7789612312268974,0.12475442043222004,0.7975661518941459,0.6731209695481001
resnet18,scratch,gs50,adaptive,gs50,val,3,1,599,subject_level,0.0651085141903172,0.16193656093489148,0.9394763547908483,0.010089163489652197,0.020479118627168003,0.8096644379474973,0.15025041736227046,0.8273280711225754,0.6972533693946961
resnet18,scratch,gs50,blind,raw,val,3,1,599,slice_level,0.11519198664440734,0.21535893155258765,0.9702437129960036,0.005729780471782652,0.006577860099109565,0.7554624439553808,0.14243614931237722,0.8854482718441482,0.804600290209055
resnet18,scratch,gs50,blind,raw,val,3,1,599,subject_level,0.11018363939899833,0.2270450751252087,0.9688406092097643,0.006522708225727878,0.009462558420278593,0.7908885036552296,0.17028380634390652,0.9058635977651918,0.8200560147250833
resnet18,scratch,gs40,adaptive,gs40,val,3,1,599,slice_level,0.09849749582637729,0.21535893155258765,0.959805203996636,0.00778226034470114,0.01550332591861163,0.7970376585402652,0.16404715127701375,0.8239292965246793,0.6656832745520768
resnet18,scratch,gs40,adaptive,gs40,val,3,1,599,subject_level,0.09515859766277128,0.2020033388981636,0.9569037242206389,0.008865422816427802,0.02263648681597588,0.8295132928837992,0.18697829716193656,0.8546280829058664,0.6910391594258095
resnet18,scratch,gs40,blind,raw,val,3,1,599,slice_level,0.08347245409015025,0.1636060100166945,0.9953457008618146,0.00110551083028217,0.0022028539328212433,0.7192155844219738,0.13064833005893908,0.9602470008001346,0.9293343883434401
resnet18,scratch,gs40,blind,raw,val,3,1,599,subject_level,0.07512520868113523,0.15525876460767946,0.9947585848615643,0.0012674051055526097,0.00349858750702692,0.7568985342850215,0.14691151919866444,0.9686896424858717,0.9358527438473423
resnet18,scratch,gs30,adaptive,gs30,val,3,1,599,slice_level,0.10350584307178631,0.21702838063439064,0.9659740284010644,0.007055734453694848,0.00990998845248917,0.8109359861393088,0.16306483300589392,0.8651718587151679,0.7415677902463182
resnet18,scratch,gs30,adaptive,gs30,val,3,1,599,subject_level,0.11519198664440734,0.2270450751252087,0.9634808973597365,0.0071439135054714095,0.014097682596067704,0.8390906853659827,0.19198664440734559,0.887360993530197,0.7597369199665839
resnet18,scratch,gs30,blind,raw,val,3,1,599,slice_level,0.12520868113522537,0.24040066777963273,0.9701335946586176,0.007005779492437143,0.009013780115175377,0.8135416960487518,0.1856581532416503,0.8801123107287645,0.7610003321089212
resnet18,scratch,gs30,blind,raw,val,3,1,599,subject_level,0.12186978297161936,0.2287145242070117,0.9680968715073868,0.00738311918430615,0.013176791271962885,0.8420970733080453,0.21202003338898165,0.8990854507495645,0.7757389707628992
resnet18,scratch,gs20,adaptive,gs20,val,3,1,599,slice_level,0.10517529215358931,0.22036727879799667,0.9597280756858036,0.007697717773297395,0.013551090406300578,0.8027938960152974,0.15717092337917485,0.8392379149823854,0.6935601591695728
resnet18,scratch,gs20,adaptive,gs20,val,3,1,599,subject_level,0.10684474123539232,0.24373956594323873,0.9569720970171322,0.00898735849606573,0.01933379306571437,0.838031033915736,0.19699499165275458,0.8682834318464308,0.7145518835409854
resnet18,scratch,gs20,blind,raw,val,3,1,599,slice_level,0.11686143572621036,0.25208681135225375,0.9760511575238733,0.005054672990299027,0.0066523835967094306,0.8029243688728103,0.18467583497053044,0.9031274157095049,0.8038108008129767
resnet18,scratch,gs20,blind,raw,val,3,1,599,subject_level,0.12687813021702837,0.2671118530884808,0.9744631749560717,0.005532110672761283,0.009862669335463658,0.8351345676294102,0.2387312186978297,0.9209727725520954,0.8174438409415729
resnet18,scratch,gs10,adaptive,gs10,val,3,1,599,slice_level,0.10350584307178631,0.2637729549248748,0.9483195680608734,0.009638211265430227,0.017181073046461968,0.8172200474923825,0.20333988212180745,0.8192730601328061,0.6657563810508219
resnet18,scratch,gs10,adaptive,gs10,val,3,1,599,subject_level,0.10851419031719532,0.2604340567612688,0.945458490183835,0.011428305521632275,0.023979689473463517,0.8478615388474391,0.25041736227045075,0.8466758741958312,0.6859726877198593
resnet18,scratch,gs10,blind,raw,val,3,1,599,slice_level,0.08848080133555926,0.18864774624373956,0.9913921100468389,0.001532521092632975,0.002318790098901011,0.7049670005018187,0.12868369351669942,0.952605551317305,0.9240962745644812
resnet18,scratch,gs10,blind,raw,val,3,1,599,subject_level,0.08347245409015025,0.15025041736227046,0.9909779093102342,0.0018007920461027371,0.0036739157178502947,0.7274802606458733,0.1335559265442404,0.958971015200989,0.9298186077540227
resnet18,scratch,gs0,adaptive,gs0,val,3,1,599,slice_level,0.11519198664440734,0.24707846410684475,0.9612468442256145,0.009152644265673197,0.020156259395070188,0.8190625584225181,0.17779960707269155,0.8145509512110637,0.6146131236099938
resnet18,scratch,gs0,adaptive,gs0,val,3,1,599,subject_level,0.1285475792988314,0.2671118530884808,0.9581680200334781,0.011289286394549132,0.02979188981483098,0.8516119826867818,0.2303839732888147,0.8480037214959006,0.6379092265795139
resnet18,scratch,gs0,blind,raw,val,3,1,599,slice_level,0.08848080133555926,0.21202003338898165,0.9686713579899082,0.006792784035703376,0.013174328650619977,0.7727229444293207,0.15618860510805502,0.8372910470355939,0.7005456980172302
resnet18,scratch,gs0,blind,raw,val,3,1,599,subject_level,0.09849749582637729,0.19365609348914858,0.9657199182773074,0.008442742498171748,0.019348693160318422,0.80578749780519,0.19031719532554256,0.8650480938674213,0.7219279480190925
densenet121,pretrained,raw,adaptive,raw,val,3,1,599,slice_level,0.3572621035058431,0.5208681135225376,0.8278433519333154,0.01699386912713664,0.012464115198682962,0.8749633106585633,0.3850687622789784,0.7563776312092199,0.6321834877362236
densenet121,pretrained,raw,adaptive,raw,val,3,1,599,subject_level,0.33889816360601,0.5008347245409015,0.8420835554301241,0.016150666795708302,0.017228562356857505,0.9005257566171777,0.46410684474123537,0.7921268142921498,0.6584439261452184
densenet121,pretrained,gs50,adaptive,gs50,val,3,1,599,slice_level,0.04006677796327212,0.12186978297161936,0.8956577782837895,0.00788255943877868,0.0103810586397519,0.7738819610942926,0.1031434184675835,0.7794243798157555,0.6881980596117065
densenet121,pretrained,gs50,adaptive,gs50,val,3,1,599,subject_level,0.04340567612687813,0.14023372287145242,0.9049685352632717,0.008872144110811771,0.014669316624896057,0.7976654022703392,0.13689482470784642,0.8102747440736162,0.7145033461963991
densenet121,pretrained,gs50,blind,raw,val,3,1,599,slice_level,0.15025041736227046,0.27545909849749584,0.9642559587457941,0.003940672030632007,0.002791342252238851,0.729602554683477,0.18467583497053044,0.9180770118250594,0.8813906087869395
densenet121,pretrained,gs50,blind,raw,val,3,1,599,subject_level,0.13689482470784642,0.24040066777963273,0.9658083611219276,0.0036383369729196488,0.00421693366066007,0.7633743718662991,0.20868113522537562,0.9312928470227874,0.8928372035344972
densenet121,pretrained,gs40,adaptive,gs40,val,3,1,599,slice_level,0.06176961602671119,0.15525876460767946,0.8915596300851124,0.008841559066995356,0.011159928390392428,0.7969323381142768,0.14636542239685657,0.77873832549468,0.6767732139700442
densenet121,pretrained,gs40,adaptive,gs40,val,3,1,599,subject_level,0.06176961602671119,0.17863105175292154,0.90038067530312,0.009378276603647782,0.015734708422518184,0.8161401055181006,0.17028380634390652,0.8077742404651164,0.7025919621338033
densenet121,pretrained,gs40,blind,raw,val,3,1,599,slice_level,0.09348914858096828,0.15859766277128548,0.9864636257614238,0.0016703788744587332,0.0021309607261123264,0.6509430214404492,0.11100196463654224,0.9445481096011951,0.924690496794668
densenet121,pretrained,gs40,blind,raw,val,3,1,599,subject_level,0.07011686143572621,0.1335559265442404,0.9863774861039621,0.0016835581679177005,0.0033549744712005375,0.6807093235526098,0.12353923205342238,0.9533284714504554,0.9317422705387234
densenet121,pretrained,gs30,adaptive,gs30,val,3,1,599,slice_level,0.05008347245409015,0.15692821368948248,0.9094730306149326,0.006542409700224913,0.007222741537529957,0.7773269381516673,0.12671905697445973,0.8180722216608951,0.7400275283740936
densenet121,pretrained,gs30,adaptive,gs30,val,3,1,599,subject_level,0.05175292153589316,0.14858096828046743,0.9191456519701644,0.007127005588232177,0.010722531031394294,0.8009281886059403,0.15191986644407346,0.842890850689654,0.7620591886981899
densenet121,pretrained,gs30,blind,raw,val,3,1,599,slice_level,0.07011686143572621,0.15525876460767946,0.9892531397545676,0.0016487962216487114,0.0018423885192165466,0.6552085540406243,0.09823182711198428,0.9592082036150462,0.9433558403908311
densenet121,pretrained,gs30,blind,raw,val,3,1,599,subject_level,0.06343906510851419,0.1335559265442404,0.9888842368563746,0.0015557644164223901,0.0029123667845244398,0.6783600742472847,0.11185308848080133,0.9660950772750357,0.9494200505619256
densenet121,pretrained,gs20,adaptive,gs20,val,3,1,599,slice_level,0.07345575959933222,0.18030050083472454,0.8791688382128046,0.009624042873191515,0.012075597807478924,0.7916155978694025,0.16110019646365423,0.7632128365908718,0.6639003376742336
densenet121,pretrained,gs20,adaptive,gs20,val,3,1,599,subject_level,0.06844741235392321,0.2020033388981636,0.8875645072710932,0.010050697398305138,0.016637091745679983,0.8179242950827896,0.18363939899833054,0.7943052219628094,0.6898619502860437
densenet121,pretrained,gs20,blind,raw,val,3,1,599,slice_level,0.11352253756260434,0.18864774624373956,0.9658270896177658,0.0041010523081223835,0.004419272911279324,0.6358341382658065,0.05108055009823183,0.8586739954522176,0.8166953483276156
densenet121,pretrained,gs20,blind,raw,val,3,1,599,subject_level,0.09015025041736227,0.1669449081803005,0.9665373070212159,0.0044097062542362885,0.006623049541835195,0.6693328000758081,0.06010016694490818,0.882389817194071,0.8354159947431744
densenet121,pretrained,gs10,adaptive,gs10,val,3,1,599,slice_level,0.09015025041736227,0.2287145242070117,0.8731567124293523,0.010895703392156177,0.014209772089343885,0.8221096145835725,0.1807465618860511,0.7602278059732703,0.6433461597663831
densenet121,pretrained,gs10,adaptive,gs10,val,3,1,599,subject_level,0.10517529215358931,0.2303839732888147,0.882676311148228,0.01240324098399167,0.019756827750655268,0.8453442660416219,0.2287145242070117,0.7925563820813455,0.6691433712725647
densenet121,pretrained,gs10,blind,raw,val,3,1,599,slice_level,0.12186978297161936,0.22036727879799667,0.962426729612239,0.004351074588119685,0.006204782043333369,0.6696890815078176,0.04911591355599214,0.8204602255158434,0.7156294184778887
densenet121,pretrained,gs10,blind,raw,val,3,1,599,subject_level,0.1018363939899833,0.20534223706176963,0.9626016567067829,0.005169030421962324,0.009294169051619325,0.6962956429887319,0.05676126878130217,0.8478031068891038,0.7355307307614508
densenet121,pretrained,gs0,adaptive,gs0,val,3,1,599,slice_level,0.24207011686143573,0.3973288814691152,0.8397904534968789,0.014315885673580265,0.013581149672657151,0.8598729012991528,0.30353634577603145,0.7531030875409281,0.6285961884056188
densenet121,pretrained,gs0,adaptive,gs0,val,3,1,599,subject_level,0.24207011686143573,0.39065108514190316,0.8521984306122107,0.014839212166049047,0.018922438749418482,0.8869403206791507,0.3672787979966611,0.7883675736756078,0.6540434510257089
densenet121,pretrained,gs0,blind,raw,val,3,1,599,slice_level,0.28046744574290483,0.4507512520868113,0.8795459940158863,0.01135080316428947,0.006631399952232813,0.834516577235799,0.2554027504911591,0.8184226192168028,0.7340413741543516
densenet121,pretrained,gs0,blind,raw,val,3,1,599,subject_level,0.24373956594323873,0.4357262103505843,0.8897431818193108,0.010874212186205169,0.009411388348153667,0.8661808495517014,0.34223706176961605,0.84697152089595,0.7561802253226605
densenet121,scratch,raw,adaptive,raw,val,3,1,599,slice_level,0.13856427378964942,0.27712854757929883,0.9421200933360894,0.012839342298014136,0.026508458142164154,0.8229304161159233,0.23084479371316308,0.7905134450066066,0.6190882721595553
densenet121,scratch,raw,adaptive,raw,val,3,1,599,subject_level,0.1352253756260434,0.25041736227045075,0.9366487013875742,0.014694841158807974,0.03642101414992983,0.8535277605134879,0.2654424040066778,0.8219558114997533,0.642450825167966
densenet121,scratch,gs50,adaptive,gs50,val,3,1,599,slice_level,0.0667779632721202,0.13689482470784642,0.964153912509224,0.008784208950494884,0.021985872681307077,0.7832804100481812,0.13457760314341846,0.781176614240251,0.6153848012719608
densenet121,scratch,gs50,adaptive,gs50,val,3,1,599,subject_level,0.07011686143572621,0.15358931552587646,0.9596997933316112,0.010816663055865712,0.03278656703931511,0.8179480408360067,0.17028380634390652,0.8148521555087005,0.6398402000826866
densenet121,scratch,gs50,blind,raw,val,3,1,599,slice_level,0.09515859766277128,0.17529215358931552,0.9676493016228652,0.008089886682857456,0.01797094648215727,0.743365727423899,0.15422396856581533,0.786325056479113,0.6565810845657959
densenet121,scratch,gs50,blind,raw,val,3,1,599,subject_level,0.07846410684474124,0.17863105175292154,0.9635056855284511,0.009490262188378082,0.025718124916089796,0.7714650767417036,0.17696160267111852,0.8155908187562118,0.6787944046161907
densenet121,scratch,gs40,adaptive,gs40,val,3,1,599,slice_level,0.08514190317195326,0.19699499165275458,0.9400283614661737,0.012554256366767947,0.03243089567104942,0.7805223547103719,0.1719056974459725,0.7353784311672559,0.5653648894431943
densenet121,scratch,gs40,adaptive,gs40,val,3,1,599,subject_level,0.09682804674457429,0.20701168614357263,0.9331951231908718,0.014308284140986473,0.04462639900400165,0.8180659669287431,0.21702838063439064,0.7786886890065889,0.5968082170247634
densenet121,scratch,gs40,blind,raw,val,3,1,599,slice_level,0.09015025041736227,0.17696160267111852,0.9550047864101964,0.010208764338931177,0.021431916473411607,0.7351650343893391,0.11886051080550099,0.7631250002178087,0.6335709531771918
densenet121,scratch,gs40,blind,raw,val,3,1,599,subject_level,0.08013355592654424,0.18864774624373956,0.9506235558520971,0.010726319828097132,0.02969827607603672,0.7585756254859937,0.13856427378964942,0.7926956210192138,0.6573861637845859
densenet121,scratch,gs30,adaptive,gs30,val,3,1,599,slice_level,0.08681135225375626,0.2036727879799666,0.9505224142329323,0.011130149456017802,0.02959940183864213,0.7999051833278121,0.18271119842829076,0.7601802595003649,0.5733835137829508
densenet121,scratch,gs30,adaptive,gs30,val,3,1,599,subject_level,0.08180300500834725,0.1986644407345576,0.9451634616207002,0.01385411754474417,0.04330999822276512,0.83403296534848,0.22203672787979967,0.7976719496743707,0.5995290935045491
densenet121,scratch,gs30,blind,raw,val,3,1,599,slice_level,0.09181969949916527,0.18864774624373956,0.9692752918536357,0.007334754244114999,0.014418766019128898,0.7510362596796888,0.14243614931237722,0.8258040430562201,0.7055442669904342
densenet121,scratch,gs30,blind,raw,val,3,1,599,subject_level,0.08347245409015025,0.17195325542570952,0.9651926582763112,0.008442131923713748,0.020249178493939625,0.7828596687300202,0.17028380634390652,0.8527461767992711,0.725612758711055
densenet121,scratch,gs20,adaptive,gs20,val,3,1,599,slice_level,0.09015025041736227,0.19532554257095158,0.9391076403587609,0.012610162836880438,0.03416281632569079,0.7939216392087663,0.17288801571709234,0.7380978393941122,0.5601764776884813
densenet121,scratch,gs20,adaptive,gs20,val,3,1,599,subject_level,0.08180300500834725,0.23205342237061768,0.9329408036050494,0.014951047097303235,0.04859134159012012,0.82983082265657,0.2036727879799666,0.7768122995636101,0.5863166894831622
densenet121,scratch,gs20,blind,raw,val,3,1,599,slice_level,0.08848080133555926,0.18530884808013356,0.9577913934081942,0.008868437080033036,0.019259567632151763,0.7514519533210229,0.11787819253438114,0.7857654697475827,0.6492533929139773
densenet121,scratch,gs20,blind,raw,val,3,1,599,subject_level,0.09015025041736227,0.19532554257095158,0.9539968660956432,0.010531784994574342,0.027588578281560305,0.777486389391334,0.15191986644407346,0.8149973293875215,0.6712570386727486
densenet121,scratch,gs10,adaptive,gs10,val,3,1,599,slice_level,0.11185308848080133,0.24040066777963273,0.9384873557170365,0.012766614183161613,0.03332921174760653,0.8035525769865296,0.19548133595284872,0.7452565400709338,0.5644534278378662
densenet121,scratch,gs10,adaptive,gs10,val,3,1,599,subject_level,0.11352253756260434,0.22370617696160267,0.9317540338321998,0.01528670990805395,0.04496324076029613,0.8403159550837371,0.2270450751252087,0.7844863789706477,0.5907808900638694
densenet121,scratch,gs10,blind,raw,val,3,1,599,slice_level,0.11352253756260434,0.21035058430717862,0.954215340502871,0.01043944018512019,0.020735445047553026,0.7697487298739548,0.16699410609037327,0.7908520859561875,0.6569459548438332
densenet121,scratch,gs10,blind,raw,val,3,1,599,subject_level,0.11352253756260434,0.19699499165275458,0.9499672577655773,0.012132009003118602,0.02852911139233582,0.7997613997731332,0.19198664440734559,0.8206923802030306,0.6801291336694822
densenet121,scratch,gs0,adaptive,gs0,val,3,1,599,slice_level,0.1335559265442404,0.2704507512520868,0.9469868464143527,0.01140388811569978,0.03089572424115691,0.830024225870885,0.2318271119842829,0.7748612790772863,0.5654199709656192
densenet121,scratch,gs0,adaptive,gs0,val,3,1,599,subject_level,0.1352253756260434,0.28213689482470783,0.9419832405741505,0.013868552117992521,0.04433752526412524,0.8601021373964954,0.2637729549248748,0.8082466852386329,0.5868086278986852
densenet121,scratch,gs0,blind,raw,val,3,1,599,slice_level,0.1335559265442404,0.27378964941569284,0.9534931932148432,0.009325531368860617,0.02177353912127983,0.7842373380978777,0.1925343811394892,0.7905203267375707,0.634123981520036
densenet121,scratch,gs0,blind,raw,val,3,1,599,subject_level,0.12687813021702837,0.25041736227045075,0.9481800556779902,0.01104071602001413,0.03097004683778461,0.8193481623518329,0.2270450751252087,0.8230653562410447,0.6556307496424012
resnet18,pretrained,raw,adaptive,raw,test,3,1,1060,slice_level,0.23679245283018868,0.3650943396226415,0.8662948760221589,0.010853725615537392,0.0037920671673315875,0.8447930319177859,0.30028818443804034,0.8050925565384307,0.7229882315758546
resnet18,pretrained,raw,adaptive,raw,test,3,1,1060,subject_level,0.22452830188679246,0.3292452830188679,0.8799869248327219,0.0100349486436484,0.005432993326037419,0.8581578132787469,0.3641509433962264,0.8301329592488846,0.7436939732207443
resnet18,pretrained,gs50,adaptive,gs50,test,3,1,1060,slice_level,0.01509433962264151,0.05471698113207547,0.9395894844576997,0.0044377776249399726,0.0034857359589604694,0.7409331344135719,0.08069164265129683,0.8478498198113456,0.7803585550063905
resnet18,pretrained,gs50,adaptive,gs50,test,3,1,1060,subject_level,0.02358490566037736,0.07169811320754717,0.9454549967118029,0.004683660842337698,0.005080410564441304,0.7669218049127804,0.08584905660377358,0.8686564930767383,0.7978101793337543
resnet18,pretrained,gs50,blind,raw,test,3,1,1060,slice_level,0.1339622641509434,0.24245283018867925,0.9840101468113234,0.0016876091934599966,0.0009246229411559707,0.7362910948289925,0.1792507204610951,0.9646539948172116,0.9496796316389206
resnet18,pretrained,gs50,blind,raw,test,3,1,1060,subject_level,0.12547169811320755,0.219811320754717,0.9846913080732778,0.001567164625761644,0.0014359116747553618,0.760911982022072,0.2018867924528302,0.9695700241709655,0.9541441444215909
resnet18,pretrained,gs40,adaptive,gs40,test,3,1,1060,slice_level,0.022641509433962263,0.07830188679245283,0.9360589634135085,0.004401482613581531,0.0033536537581140983,0.7553059091403403,0.11239193083573487,0.8516229541226148,0.7859999041838466
resnet18,pretrained,gs40,adaptive,gs40,test,3,1,1060,subject_level,0.027358490566037737,0.07924528301886792,0.9429928989905232,0.005028608722506829,0.004915723071064589,0.7794764079743681,0.10660377358490566,0.871164322180568,0.8026155682390591
resnet18,pretrained,gs40,blind,raw,test,3,1,1060,slice_level,0.15,0.2481132075471698,0.9794302730065472,0.0021140387035765737,0.0010283780160671944,0.7547631912348431,0.20057636887608069,0.9566014912011644,0.9370606200037137
resnet18,pretrained,gs40,blind,raw,test,3,1,1060,subject_level,0.14150943396226415,0.23018867924528302,0.9806552743574358,0.0019539713859558104,0.0015876312871938045,0.7749002260590958,0.22547169811320755,0.9624523501351194,0.9423924060000564
resnet18,pretrained,gs30,adaptive,gs30,test,3,1,1060,slice_level,0.018867924528301886,0.06132075471698113,0.9351819194712729,0.004424177138310559,0.0031638692174862436,0.7580157481920505,0.09740634005763689,0.8543135005046724,0.791739040136759
resnet18,pretrained,gs30,adaptive,gs30,test,3,1,1060,subject_level,0.027358490566037737,0.06981132075471698,0.9421115678436351,0.004798945559645599,0.00461811762882994,0.7776603150587398,0.10471698113207548,0.8731022731313166,0.8080228162078925
resnet18,pretrained,gs30,blind,raw,test,3,1,1060,slice_level,0.17075471698113207,0.27547169811320754,0.9762772740620487,0.0023886928018533957,0.0011117817090499163,0.7535518201837856,0.21440922190201728,0.9503198551169734,0.9272930741349481
resnet18,pretrained,gs30,blind,raw,test,3,1,1060,subject_level,0.14339622641509434,0.25849056603773585,0.9775769366408295,0.002161309797808809,0.0017052327750584568,0.7768954058383767,0.23867924528301887,0.9571774410189323,0.9332882170194725
resnet18,pretrained,gs20,adaptive,gs20,test,3,1,1060,slice_level,0.029245283018867925,0.10377358490566038,0.9190314339579276,0.005934370744903133,0.004201017336300486,0.774597812788864,0.1314121037463977,0.8252786154705785,0.7505330563177759
resnet18,pretrained,gs20,adaptive,gs20,test,3,1,1060,subject_level,0.03962264150943396,0.10754716981132076,0.9266091053215962,0.006110699165542171,0.006028047675609518,0.7921305366678533,0.1481132075471698,0.8464103585706567,0.76851995261379
resnet18,pretrained,gs20,blind,raw,test,3,1,1060,slice_level,0.17830188679245282,0.30283018867924527,0.9571760422216271,0.004014289041735091,0.0015199827142323384,0.7803542031428417,0.24322766570605187,0.9205117122584187,0.8844061956695228
resnet18,pretrained,gs20,blind,raw,test,3,1,1060,subject_level,0.1660377358490566,0.27735849056603773,0.9599243758984332,0.003939356781401724,0.002261875956407133,0.805511788002848,0.2632075471698113,0.9315474068781116,0.8940233453197299
resnet18,pretrained,gs10,adaptive,gs10,test,3,1,1060,slice_level,0.04905660377358491,0.1490566037735849,0.9152459660228693,0.005963607273011837,0.0037154930149521327,0.7883082662715459,0.145821325648415,0.8336011508699797,0.7615049157190436
resnet18,pretrained,gs10,adaptive,gs10,test,3,1,1060,subject_level,0.06037735849056604,0.13773584905660377,0.9239124857592133,0.006011876295197685,0.005365717139551943,0.8033821920612318,0.17358490566037735,0.8538058883738968,0.7792876903509757
resnet18,pretrained,gs10,blind,raw,test,3,1,1060,slice_level,0.1169811320754717,0.21226415094339623,0.9744029566364468,0.0021109079977251447,0.0013940771911534885,0.6276301288673808,0.09394812680115273,0.925978157156139,0.8976358166283595
resnet18,pretrained,gs10,blind,raw,test,3,1,1060,subject_level,0.10943396226415095,0.17358490566037735,0.9756952311632768,0.0021495961918021147,0.002128309453617922,0.6462320603417586,0.1,0.9358284125912865,0.9062838748484288
resnet18,pretrained,gs0,adaptive,gs0,test,3,1,1060,slice_level,0.15943396226415094,0.2830188679245283,0.9009805509504282,0.007611946733492725,0.0034998205267464002,0.8254180495894732,0.24553314121037464,0.835742853835268,0.7593358213800304
resnet18,pretrained,gs0,adaptive,gs0,test,3,1,1060,subject_level,0.1471698113207547,0.2688679245283019,0.9102810176475993,0.0073448497731730625,0.005044005447910782,0.844901660733357,0.2981132075471698,0.8573144843555847,0.7764546446343638
resnet18,pretrained,gs0,blind,raw,test,3,1,1060,slice_level,0.24056603773584906,0.3745283018867924,0.9200541749315442,0.007134065706774873,0.0023954799470166624,0.8108911899842313,0.25302593659942363,0.8708840948016912,0.8105269467602924
resnet18,pretrained,gs0,blind,raw,test,3,1,1060,subject_level,0.21132075471698114,0.34056603773584904,0.9270905821390871,0.006723218706418883,0.00350059150357924,0.8329620505517976,0.3160377358490566,0.8886345209940425,0.8251469926048
resnet18,scratch,raw,adaptive,raw,test,3,1,1060,slice_level,0.09622641509433963,0.19433962264150945,0.971964507226674,0.006563657465970741,0.010590885675354106,0.8081645927355773,0.20345821325648414,0.8243696154709852,0.6378033978591832
resnet18,scratch,raw,adaptive,raw,test,3,1,1060,subject_level,0.09339622641509433,0.19716981132075473,0.969034887316092,0.007623428050077186,0.015495050539051727,0.8360410074759701,0.24528301886792453,0.851579379444977,0.6574975283836981
resnet18,scratch,gs50,adaptive,gs50,test,3,1,1060,slice_level,0.05849056603773585,0.1320754716981132,0.945853818587537,0.00823933094177606,0.009471767232314033,0.775434238214344,0.1440922190201729,0.7969908904273503,0.6731245906383924
resnet18,scratch,gs50,adaptive,gs50,test,3,1,1060,subject_level,0.057547169811320756,0.14056603773584905,0.943725429728346,0.00875394288099037,0.012672679485173298,0.802742516019936,0.17830188679245282,0.8249700146744836,0.6954468315865915
resnet18,scratch,gs50,blind,raw,test,3,1,1060,slice_level,0.11132075471698114,0.2037735849056604,0.9726935993388014,0.005119178711243395,0.0040929611857962915,0.7533986528736882,0.16138328530259366,0.8862582245546391,0.8036274736340878
resnet18,scratch,gs50,blind,raw,test,3,1,1060,subject_level,0.10754716981132076,0.2009433962264151,0.9712249306012999,0.005258050392258842,0.005754431989922557,0.7810682653969384,0.1820754716981132,0.9032296840312346,0.8172157071646654
resnet18,scratch,gs40,adaptive,gs40,test,3,1,1060,slice_level,0.059433962264150944,0.14528301886792452,0.9627812149389735,0.006759468901832149,0.009905299045945044,0.7898260235984994,0.1654178674351585,0.8205940382109596,0.6665427025637396
resnet18,scratch,gs40,adaptive,gs40,test,3,1,1060,subject_level,0.06792452830188679,0.15188679245283018,0.9605682908364062,0.007939191303163205,0.014208802532070791,0.8173626886792453,0.18490566037735848,0.8467778799387644,0.68805514838957
resnet18,scratch,gs40,blind,raw,test,3,1,1060,slice_level,0.06415094339622641,0.14056603773584905,0.9957110693432251,0.0008922906416767048,0.001284380414125615,0.7337244345060084,0.13256484149855907,0.9624210004160658,0.9305069619667418
resnet18,scratch,gs40,blind,raw,test,3,1,1060,subject_level,0.057547169811320756,0.1339622641509434,0.9953722223920642,0.0010852505575935797,0.001983234164291852,0.7617940138839444,0.15660377358490565,0.9689666660326832,0.9363915395251985
resnet18,scratch,gs30,adaptive,gs30,test,3,1,1060,slice_level,0.0669811320754717,0.16226415094339622,0.9687986052823516,0.005866832609446543,0.006188081760170325,0.7976662198901637,0.16023054755043228,0.8595705330200085,0.7404578880520081
resnet18,scratch,gs30,adaptive,gs30,test,3,1,1060,subject_level,0.07075471698113207,0.17452830188679244,0.9670009051291448,0.006038337889707313,0.008712002663996141,0.8272143494126023,0.19056603773584907,0.8808126099829404,0.7570589295156159
resnet18,scratch,gs30,blind,raw,test,3,1,1060,slice_level,0.12547169811320755,0.21509433962264152,0.9728240843089122,0.0056692371953208495,0.005602779684869467,0.8023971140775379,0.19654178674351586,0.8765194037118631,0.7583057999082331
resnet18,scratch,gs30,blind,raw,test,3,1,1060,subject_level,0.12452830188679245,0.21132075471698114,0.9711367098790294,0.0062624519163707515,0.007892397980047566,0.8349892532929869,0.22358490566037736,0.8961762148254323,0.7729765467530714
resnet18,scratch,gs20,adaptive,gs20,test,3,1,1060,slice_level,0.07075471698113207,0.17358490566037735,0.9638948855535039,0.007124300835267553,0.008833904997972807,0.7993284663694198,0.16195965417867436,0.836087108156523,0.689479553941075
resnet18,scratch,gs20,adaptive,gs20,test,3,1,1060,subject_level,0.07830188679245283,0.1820754716981132,0.9616772928327885,0.007881152967237078,0.012453922921053644,0.8288918111427555,0.19716981132075473,0.8619699698292984,0.7099437891721444
resnet18,scratch,gs20,blind,raw,test,3,1,1060,slice_level,0.1018867924528302,0.2037735849056604,0.9782534385064863,0.004526966135456877,0.004033389200790311,0.7972061619814039,0.1786743515850144,0.9007123351955963,0.8016878869496988
resnet18,scratch,gs20,blind,raw,test,3,1,1060,subject_level,0.10849056603773585,0.21132075471698114,0.9767556630215555,0.004813745392943328,0.005873766469435309,0.8259993681025275,0.2179245283018868,0.9165763918802423,0.8149780164565118
resnet18,scratch,gs10,adaptive,gs10,test,3,1,1060,slice_level,0.1,0.19150943396226416,0.9541957118601169,0.00858925738424625,0.011007696915997789,0.8112627385677778,0.20518731988472622,0.815288063754953,0.663309693057582
resnet18,scratch,gs10,adaptive,gs10,test,3,1,1060,subject_level,0.1009433962264151,0.20471698113207548,0.9518212674361355,0.009728078628486058,0.015268329973771887,0.8390835653257387,0.2490566037735849,0.840589482491871,0.6825598581389999
resnet18,scratch,gs10,blind,raw,test,3,1,1060,slice_level,0.07830188679245283,0.15471698113207547,0.9920653115465956,0.0013148998876787582,0.001364388545032784,0.7165557025175358,0.13487031700288185,0.9541733720460611,0.92414845717375
resnet18,scratch,gs10,blind,raw,test,3,1,1060,subject_level,0.07358490566037736,0.14056603773584905,0.9917239629997397,0.0013949225533683345,0.0021075858396284704,0.7378048825204699,0.14433962264150943,0.9598827330008992,0.9286890694557496
resnet18,scratch,gs0,adaptive,gs0,test,3,1,1060,slice_level,0.06509433962264151,0.15660377358490565,0.9650531729999579,0.007587741849557409,0.012506016729979441,0.806370883856234,0.17694524495677233,0.8027797019447305,0.6127672530106216
resnet18,scratch,gs0,adaptive,gs0,test,3,1,1060,subject_level,0.07075471698113207,0.15754716981132075,0.9615907444706503,0.008362940178727204,0.01777462336621335,0.8322294553221787,0.2028301886792453,0.8314797247074684,0.634865912296384
resnet18,scratch,gs0,blind,raw,test,3,1,1060,slice_level,0.07452830188679245,0.1669811320754717,0.9714681498846918,0.00577116496158096,0.007990939605910822,0.7652539407862542,0.15504322766570605,0.8348171456059392,0.7020973222789899
resnet18,scratch,gs0,blind,raw,test,3,1,1060,subject_level,0.0830188679245283,0.1650943396226415,0.9691291862501288,0.006622413025712068,0.011524811668216058,0.7894166625133501,0.1820754716981132,0.8570010274086358,0.7203192670885122
densenet121,pretrained,raw,adaptive,raw,test,3,1,1060,slice_level,0.30754716981132074,0.4349056603773585,0.8315416003173253,0.016382172816204577,0.007625658536013567,0.8666263172203796,0.3642651296829971,0.7525264263324848,0.6326432607827602
densenet121,pretrained,raw,adaptive,raw,test,3,1,1060,subject_level,0.2632075471698113,0.39811320754716983,0.845876492363102,0.015622371941242578,0.010378929007060405,0.887423715735137,0.44622641509433963,0.7853183539408558,0.6572684722897579
densenet121,pretrained,gs50,adaptive,gs50,test,3,1,1060,slice_level,0.03773584905660377,0.0820754716981132,0.9000611142167505,0.007444913151129237,0.0065489250861266455,0.7708385677777173,0.1106628242074928,0.7782923412597832,0.6875132899992871
densenet121,pretrained,gs50,adaptive,gs50,test,3,1,1060,subject_level,0.04150943396226415,0.1,0.9088039993677499,0.008015328252090599,0.009201039144558446,0.7933688225347099,0.12924528301886792,0.8060154766406653,0.71088451375399
densenet121,pretrained,gs50,blind,raw,test,3,1,1060,slice_level,0.15849056603773584,0.2481132075471698,0.9654094246198546,0.003649322604233364,0.0016175205406363843,0.7463017250285466,0.2080691642651297,0.9226483053707596,0.8850388109973579
densenet121,pretrained,gs50,blind,raw,test,3,1,1060,subject_level,0.1330188679245283,0.23113207547169812,0.9670458899916343,0.0033087770893888654,0.00240138190455805,0.7729341304734781,0.22735849056603774,0.9334088657262191,0.894419501976472
densenet121,pretrained,gs40,adaptive,gs40,test,3,1,1060,slice_level,0.040566037735849055,0.11981132075471698,0.8960965951658645,0.008011642154657616,0.00693414136855248,0.7804093116198141,0.13487031700288185,0.774590322641543,0.6775607853488259
densenet121,pretrained,gs40,adaptive,gs40,test,3,1,1060,subject_level,0.045283018867924525,0.11415094339622642,0.904375005218218,0.008275600593045072,0.009532622993431704,0.804280891776433,0.14622641509433962,0.8024693977720333,0.7007130511709542
densenet121,pretrained,gs40,blind,raw,test,3,1,1060,slice_level,0.08679245283018867,0.15471698113207547,0.9871274006816576,0.0015586136646990507,0.0012411945579652586,0.6819475721820455,0.12968299711815562,0.9505259446864169,0.9266460224980453
densenet121,pretrained,gs40,blind,raw,test,3,1,1060,subject_level,0.08113207547169811,0.1330188679245283,0.9871876803771504,0.001576203670141832,0.001904939056290665,0.699743019757921,0.13962264150943396,0.956443520986809,0.9326506983512978
densenet121,pretrained,gs30,adaptive,gs30,test,3,1,1060,slice_level,0.03773584905660377,0.10660377358490566,0.9129822555015672,0.005779477279141264,0.004546546429738332,0.7753244263498451,0.1314121037463977,0.8160225998771293,0.7381814471438246
densenet121,pretrained,gs30,adaptive,gs30,test,3,1,1060,subject_level,0.03773584905660377,0.09528301886792453,0.9216036444565036,0.0062127690832569915,0.006565871068171032,0.7968371555713777,0.1471698113207547,0.8384254829501206,0.7574238474720492
densenet121,pretrained,gs30,blind,raw,test,3,1,1060,slice_level,0.06132075471698113,0.12641509433962264,0.9894910536284717,0.001300259974767577,0.001067924027260885,0.6625452843782286,0.11469740634005764,0.9605610181687545,0.9435169873940494
densenet121,pretrained,gs30,blind,raw,test,3,1,1060,subject_level,0.059433962264150944,0.12075471698113208,0.9893718853874026,0.0013384973665453352,0.0016562005855310005,0.6810834816660734,0.12358490566037736,0.9652131380899898,0.9475964595613614
densenet121,pretrained,gs20,adaptive,gs20,test,3,1,1060,slice_level,0.07735849056603773,0.16792452830188678,0.8832686979815645,0.00856052946369603,0.00769080160655749,0.7891210075580448,0.1867435158501441,0.7631308811026967,0.6618286484724508
densenet121,pretrained,gs20,adaptive,gs20,test,3,1,1060,subject_level,0.05471698113207547,0.15943396226415094,0.8925907406604515,0.009175124764442443,0.010690882173366844,0.8136280580277678,0.2028301886792453,0.7917533678266238,0.6846534093060583
densenet121,pretrained,gs20,blind,raw,test,3,1,1060,slice_level,0.1,0.1669811320754717,0.9655131292792986,0.003279049610191921,0.002612853626268125,0.6323020213691479,0.04610951008645533,0.8578793612268542,0.8162256810786027
densenet121,pretrained,gs20,blind,raw,test,3,1,1060,subject_level,0.07924528301886792,0.13962264150943396,0.9663016057239389,0.003689410945154586,0.0038361581657433285,0.6600514026343896,0.05849056603773585,0.8775970536020566,0.8334867156149643
densenet121,pretrained,gs10,adaptive,gs10,test,3,1,1060,slice_level,0.09433962264150944,0.19528301886792454,0.8763866571322927,0.009948881392209036,0.0086459707455569,0.8168825322168451,0.19423631123919308,0.7598787253459524,0.645910609423833
densenet121,pretrained,gs10,adaptive,gs10,test,3,1,1060,subject_level,0.1018867924528302,0.19905660377358492,0.8850037358279498,0.010570567846298218,0.011715310629685673,0.8357585439658242,0.2349056603773585,0.7887681262110764,0.6689960544232489
densenet121,pretrained,gs10,blind,raw,test,3,1,1060,slice_level,0.10943396226415095,0.17641509433962263,0.9625690394415045,0.004057804649730898,0.003850123001029715,0.6660994317872873,0.04899135446685879,0.821795332139782,0.7190455200669338
densenet121,pretrained,gs10,blind,raw,test,3,1,1060,subject_level,0.0820754716981132,0.14528301886792452,0.9628402652605524,0.004623291346262086,0.005667604554339119,0.6881230749377002,0.052830188679245285,0.8470623659918893,0.7379320537936574
densenet121,pretrained,gs0,adaptive,gs0,test,3,1,1060,slice_level,0.18679245283018867,0.32452830188679244,0.8432785370439854,0.011895660296925958,0.008075989617412594,0.8448497322059704,0.2922190201729107,0.7486924034202477,0.6306486636670131
densenet121,pretrained,gs0,adaptive,gs0,test,3,1,1060,subject_level,0.16981132075471697,0.29150943396226414,0.8568743391981665,0.012564227322362504,0.011241947005520453,0.8650681212175151,0.330188679245283,0.7798950353321039,0.6539460787177086
densenet121,pretrained,gs0,blind,raw,test,3,1,1060,slice_level,0.2490566037735849,0.37735849056603776,0.8820786938352405,0.011272317677173974,0.0039464511928359435,0.8310295171551303,0.2974063400576369,0.8182842708802017,0.7347419005328755
densenet121,pretrained,gs0,blind,raw,test,3,1,1060,subject_level,0.2169811320754717,0.3311320754716981,0.8924347460832236,0.010084974484623603,0.005582750369662876,0.8525425160199359,0.33490566037735847,0.842151822177869,0.7536695686801987
densenet121,scratch,raw,adaptive,raw,test,3,1,1060,slice_level,0.10943396226415095,0.22075471698113208,0.9457078799324216,0.009631855251654138,0.01513620854513544,0.8142802892719264,0.2276657060518732,0.7888642325009667,0.6248887447008407
densenet121,scratch,raw,adaptive,raw,test,3,1,1060,subject_level,0.1169811320754717,0.21037735849056605,0.9426515484755894,0.011228375558583241,0.021000037193386202,0.8401907111071555,0.2641509433962264,0.8170437771756695,0.6454485449032401
densenet121,scratch,gs50,adaptive,gs50,test,3,1,1060,slice_level,0.06132075471698113,0.1471698113207547,0.967667556090175,0.007229528505847139,0.013457762520707581,0.7788800608993529,0.1723342939481268,0.781976252313306,0.6189189138340079
densenet121,scratch,gs50,adaptive,gs50,test,3,1,1060,subject_level,0.059433962264150944,0.1471698113207547,0.9639962541044883,0.008781419947462262,0.019345732674635244,0.8076601005695978,0.19716981132075473,0.810493030638065,0.6390921560903765
densenet121,scratch,gs50,blind,raw,test,3,1,1060,slice_level,0.09056603773584905,0.1830188679245283,0.9712355722233934,0.006727733814491416,0.010860437071521959,0.7499536933826327,0.1780979827089337,0.7948743338715446,0.6613411474260238
densenet121,scratch,gs50,blind,raw,test,3,1,1060,subject_level,0.07641509433962264,0.16037735849056603,0.9679370475827523,0.007941401960714809,0.015555912422297417,0.78285638750445,0.19716981132075473,0.8241954494759721,0.682583731165697
densenet121,scratch,gs40,adaptive,gs40,test,3,1,1060,slice_level,0.03962264150943396,0.10754716981132076,0.9446659619515797,0.010311879920509626,0.02026116873866896,0.7499223533249959,0.13948126801152738,0.714165633006467,0.5676103397019489
densenet121,scratch,gs40,adaptive,gs40,test,3,1,1060,subject_level,0.038679245283018866,0.1169811320754717,0.9395794095858088,0.012180192684227566,0.027605806635516993,0.7817177607689569,0.1490566037735849,0.751379558359677,0.5949669730541841
densenet121,scratch,gs40,blind,raw,test,3,1,1060,slice_level,0.06415094339622641,0.14056603773584905,0.9593316995310334,0.007871296664453901,0.013147543085176709,0.7138308167038225,0.10835734870317003,0.7519033212654872,0.6323634441280562
densenet121,scratch,gs40,blind,raw,test,3,1,1060,subject_level,0.05849056603773585,0.1320754716981132,0.9554115729511908,0.009374817024986699,0.018017360249991125,0.7485290815236739,0.1320754716981132,0.7872133988254475,0.6572354558935424
densenet121,scratch,gs30,adaptive,gs30,test,3,1,1060,slice_level,0.06509433962264151,0.17075471698113207,0.9557074217301494,0.009188325675028674,0.018800035470938486,0.794876711434941,0.19077809798270892,0.7569840846212865,0.5754126067592429
densenet121,scratch,gs30,adaptive,gs30,test,3,1,1060,subject_level,0.06132075471698113,0.16981132075471697,0.9509579140060352,0.010377047309335672,0.026528840879733975,0.8240016927732289,0.21509433962264152,0.7890663270961563,0.597994637595595
densenet121,scratch,gs30,blind,raw,test,3,1,1060,slice_level,0.07358490566037736,0.15,0.9722863757947706,0.005795438109703783,0.009162150313067339,0.7472627127399272,0.14005763688760806,0.8202090662734997,0.6966638508620409
densenet121,scratch,gs30,blind,raw,test,3,1,1060,subject_level,0.07547169811320754,0.14433962264150943,0.9690851698506553,0.006812384106078238,0.012948039218888811,0.780931179245283,0.16132075471698112,0.8470623478855727,0.7154234231737987
densenet121,scratch,gs20,adaptive,gs20,test,3,1,1060,slice_level,0.0830188679245283,0.1792452830188679,0.9457358846124613,0.01084071583343002,0.022142826539973886,0.7824231757381327,0.1867435158501441,0.7305604928508616,0.5572136883457315
densenet121,scratch,gs20,adaptive,gs20,test,3,1,1060,subject_level,0.07830188679245283,0.17452830188679244,0.9400095525777565,0.01179278386089037,0.03006104289483771,0.8097081051975792,0.2160377358490566,0.7640599732972541,0.5817418746679459
densenet121,scratch,gs20,blind,raw,test,3,1,1060,slice_level,0.08584905660377358,0.16226415094339622,0.9624391778460089,0.007764852721736116,0.012394325904117652,0.7353333124898048,0.14697406340057637,0.7788854245837209,0.6506271968722905
densenet121,scratch,gs20,blind,raw,test,3,1,1060,subject_level,0.07924528301886792,0.15566037735849056,0.9574998111657377,0.008453970753921652,0.016899273689080663,0.7649468921324314,0.1632075471698113,0.8096343910075584,0.6736688437570941
densenet121,scratch,gs10,adaptive,gs10,test,3,1,1060,slice_level,0.08396226415094339,0.17547169811320754,0.9441740761388023,0.01102415126449657,0.02085890435956348,0.7851510507857105,0.1786743515850144,0.7341595572937463,0.5661010859399893
densenet121,scratch,gs10,adaptive,gs10,test,3,1,1060,subject_level,0.07641509433962264,0.1632075471698113,0.9379754191861962,0.01201637977699064,0.028016734124987192,0.8137784531861872,0.2028301886792453,0.7681186330768297,0.590448224697248
densenet121,scratch,gs10,blind,raw,test,3,1,1060,slice_level,0.1009433962264151,0.180188679245283,0.9584122793854407,0.008826644521839214,0.0123502666488694,0.7623763797509652,0.1936599423631124,0.7915894789551452,0.6623375395941284
densenet121,scratch,gs10,blind,raw,test,3,1,1060,subject_level,0.08773584905660377,0.17830188679245282,0.9541042258154672,0.009517269876768004,0.017047514106182136,0.787908286756853,0.22264150943396227,0.8167200967107179,0.6815599384079002
densenet121,scratch,gs0,adaptive,gs0,test,3,1,1060,slice_level,0.11037735849056604,0.20849056603773586,0.9510040153309984,0.010277119166446183,0.019227478558742354,0.8142845128051764,0.22939481268011527,0.7663127851589269,0.5705606987116472
densenet121,scratch,gs0,adaptive,gs0,test,3,1,1060,subject_level,0.11037735849056604,0.21037735849056605,0.945983017671783,0.011399872629147656,0.026676910333686844,0.8439357805268779,0.2858490566037736,0.7980735774028976,0.5910254545824145
densenet121,scratch,gs0,blind,raw,test,3,1,1060,slice_level,0.11320754716981132,0.20566037735849058,0.9571001428478169,0.00880704938240771,0.01326493596007942,0.7813044858898375,0.20461095100864554,0.7915542493636052,0.6377520664269631
densenet121,scratch,gs0,blind,raw,test,3,1,1060,subject_level,0.09716981132075472,0.19622641509433963,0.9533550782023735,0.009776373685530896,0.0186796508892,0.8075607974368102,0.2349056603773585,0.8184509518573869,0.6577915709224512
resnet18,pretrained,raw,adaptive,raw,train,5,1,3843,slice_level,0.20062451209992194,0.3088732760863908,0.874563155914389,0.008727332343975765,0.0010282750718464365,0.8565316286597224,0.31726638023630505,0.8059111419909111,0.7195149586678342
resnet18,pretrained,raw,adaptive,raw,train,5,1,3843,subject_level,0.17200104085349988,0.27088212334113976,0.889472592646276,0.007784785205052912,0.0016931063196313576,0.8673955025947194,0.370543845953682,0.8346343620072235,0.7438153968756627
resnet18,pretrained,gs50,adaptive,gs50,train,5,1,3843,slice_level,0.008847254748894093,0.02654176424668228,0.9453056179512425,0.003348731433169593,0.0008976111584261226,0.7591273305307991,0.08874865735767991,0.8517742178069726,0.7788534305739256
resnet18,pretrained,gs50,adaptive,gs50,train,5,1,3843,subject_level,0.01249024199843872,0.03538901899557637,0.9521669876349025,0.0034513916784421,0.0015394433469138604,0.7777794073107162,0.10122300286234713,0.8731553529563931,0.7993096535823756
resnet18,pretrained,gs50,blind,raw,train,5,1,3843,slice_level,0.08769190736403851,0.15690866510538642,0.9853629508956534,0.001275943772978315,0.00022065718521875014,0.7393252290387786,0.17521482277121375,0.9643606392128511,0.9492549727911009
resnet18,pretrained,gs50,blind,raw,train,5,1,3843,subject_level,0.07728337236533958,0.1384335154826958,0.9859768798380446,0.0011451409069659839,0.0004009013772376135,0.7608641548729339,0.19255789747593027,0.9698003093277512,0.9545932910569533
resnet18,pretrained,gs40,adaptive,gs40,train,5,1,3843,slice_level,0.009107468123861567,0.03408795212073901,0.9421467036280259,0.00354334152895679,0.0008621233766765831,0.7644805787469677,0.10163802363050484,0.8530776919086817,0.7858888202189096
resnet18,pretrained,gs40,adaptive,gs40,train,5,1,3843,subject_level,0.014571948998178506,0.04241478011969815,0.9494106681000092,0.0035377700223979806,0.0014586888653766136,0.7801817140484548,0.11449388498568827,0.8739506837883065,0.8057471267835504
resnet18,pretrained,gs40,blind,raw,train,5,1,3843,slice_level,0.1064272703616966,0.18058808222742648,0.9810083679565997,0.0016243266711903834,0.0002472203602626178,0.7506761619917698,0.19548872180451127,0.9557604587743925,0.9362837780582045
resnet18,pretrained,gs40,blind,raw,train,5,1,3843,subject_level,0.08691126723913609,0.15664845173041894,0.982060490534264,0.0014721738805133105,0.00044456138227549593,0.7702735732293451,0.2175383814728077,0.9624301112476749,0.942776497594925
resnet18,pretrained,gs30,adaptive,gs30,train,5,1,3843,slice_level,0.008066614623991674,0.030184751496226906,0.9405918510016631,0.003613463671543063,0.0008174290994325575,0.7678518157848621,0.106203007518797,0.8552034180671393,0.7899688016624228
resnet18,pretrained,gs30,adaptive,gs30,train,5,1,3843,subject_level,0.012750455373406194,0.04267499349466563,0.9480989814859302,0.0033877252012436943,0.0013896593931235271,0.7794005754351667,0.11527452511059068,0.8745268635876378,0.8088943632775969
resnet18,pretrained,gs30,blind,raw,train,5,1,3843,slice_level,0.11345303148581837,0.19750195160031225,0.9780916823188123,0.0017899343224822499,0.000267124353583748,0.7521238090381804,0.19575725026852847,0.9496219134404374,0.9269379832114585
resnet18,pretrained,gs30,blind,raw,train,5,1,3843,subject_level,0.10408534998698933,0.18110850897736144,0.9793988794918145,0.0016219751648129878,0.0004770563440047197,0.7734610239568969,0.22170179547228727,0.9571702332661669,0.9343612157683059
resnet18,pretrained,gs20,adaptive,gs20,train,5,1,3843,slice_level,0.017434296122820714,0.050481394743689824,0.9260656964707554,0.004698915947485553,0.0011007419978858548,0.7819093560788051,0.13171321160042965,0.826620134371948,0.7504686353994073
resnet18,pretrained,gs20,adaptive,gs20,train,5,1,3843,subject_level,0.020817069997397866,0.056726515742909184,0.9345606212159354,0.004509733751854362,0.0018177941792962998,0.7961476881873217,0.15170439760603696,0.8498343297072198,0.7721661755544055
resnet18,pretrained,gs20,blind,raw,train,5,1,3843,slice_level,0.141295862607338,0.2274264897215717,0.9603595442986569,0.003113121686116997,0.00037331004448048675,0.7813716514996647,0.22878625134264233,0.9199821343755492,0.8838495074959741
resnet18,pretrained,gs20,blind,raw,train,5,1,3843,subject_level,0.11891751236013531,0.2019255789747593,0.9633603498956173,0.002866474393442091,0.0006424984793969258,0.8059271219730388,0.25969294821753836,0.9328554447913834,0.8955485927875297
resnet18,pretrained,gs10,adaptive,gs10,train,5,1,3843,slice_level,0.030184751496226906,0.07858443924017694,0.9211612368759128,0.004669110569642479,0.000956324009073793,0.7986204591228824,0.15440386680988186,0.8352111242751558,0.7610509309910127
resnet18,pretrained,gs10,adaptive,gs10,train,5,1,3843,subject_level,0.03278688524590164,0.07832422586520947,0.9311063407672869,0.004631454113898971,0.0016086959704354933,0.8128749056870398,0.18371064272703616,0.8581243573518088,0.7819313412834634
resnet18,pretrained,gs10,blind,raw,train,5,1,3843,slice_level,0.08196721311475409,0.13505074160811867,0.9762813408735237,0.001757979966872625,0.0003430471900129141,0.614195703883468,0.08163265306122448,0.9226149624547691,0.8977090022259474
resnet18,pretrained,gs10,blind,raw,train,5,1,3843,subject_level,0.06167056986729118,0.10694769711163153,0.977536844456534,0.00158547410548059,0.0006058850903206995,0.6304363439743202,0.08743169398907104,0.9330249140574663,0.9077843737448996
resnet18,pretrained,gs0,adaptive,gs0,train,5,1,3843,slice_level,0.11787665886026542,0.2128545407233932,0.907587228716583,0.00604957239782317,0.0009294678080465787,0.841175711754154,0.2616809881847476,0.8369739928015705,0.7563573564032605
resnet18,pretrained,gs0,adaptive,gs0,train,5,1,3843,subject_level,0.11059068436117617,0.1930783242258652,0.9181181438385494,0.005672042378528088,0.0015460032514078847,0.8567529234393749,0.30679156908665106,0.8611148514227727,0.7771102161612202
resnet18,pretrained,gs0,blind,raw,train,5,1,3843,slice_level,0.17122040072859745,0.2690606297163674,0.9246582426411889,0.005402851749949241,0.0006026375119917525,0.8135944349030544,0.23845327604726102,0.869169541183463,0.8095569882974816
resnet18,pretrained,gs0,blind,raw,train,5,1,3843,subject_level,0.14285714285714285,0.23965651834504292,0.9325638531459796,0.004878610395808223,0.0010113354357226766,0.8406457772136096,0.30809263596148845,0.8910393590049882,0.828058373135792
resnet18,scratch,raw,adaptive,raw,train,5,1,3843,slice_level,0.05516523549310435,0.11865729898516784,0.9788612937077302,0.004151677902310024,0.002745547897466915,0.8138172836567554,0.20596133190118152,0.8274722815872391,0.6387760582438304
resnet18,scratch,raw,adaptive,raw,train,5,1,3843,subject_level,0.04657819411917773,0.11085089773614364,0.9763739494460962,0.005009341838612335,0.004705307140838303,0.842381697743646,0.23549310434556336,0.8562864086031138,0.6625780097282347
resnet18,scratch,gs50,adaptive,gs50,train,5,1,3843,slice_level,0.025240697371844912,0.06999739786625032,0.9550575394665174,0.0060904068063393005,0.0026557716740500796,0.7906601740494875,0.14822771213748656,0.8017365627919116,0.6706171979162102
resnet18,scratch,gs50,adaptive,gs50,train,5,1,3843,subject_level,0.02966432474629196,0.07832422586520947,0.9527836307987955,0.006682585636960818,0.004090479253933043,0.8176186240190286,0.17382253447827217,0.831426609913384,0.6959298117524583
resnet18,scratch,gs50,blind,raw,train,5,1,3843,slice_level,0.07051782461618528,0.13479052823315119,0.9773578121734726,0.003579314645925537,0.0010678742820132382,0.74979601479443,0.1554779806659506,0.8836183779653878,0.8023265702322206
resnet18,scratch,gs50,blind,raw,train,5,1,3843,subject_level,0.05776736924277908,0.12412177985948478,0.9754435229574427,0.0039078957116948174,0.001731809880227023,0.7819771396151401,0.18449128285193858,0.9037193804009954,0.8192244401021671
resnet18,scratch,gs40,adaptive,gs40,train,5,1,3843,slice_level,0.04059328649492584,0.09836065573770492,0.9706702843296816,0.0050064177212850395,0.0027781447782127887,0.8005841809483563,0.1629967776584318,0.8242257894461956,0.6635630191464172
resnet18,scratch,gs40,adaptive,gs40,train,5,1,3843,subject_level,0.04163413999479573,0.09862086911267239,0.9678494294670575,0.005596922813775854,0.004590004193432961,0.8300291993533057,0.20062451209992194,0.8544252942292727,0.6893207621784794
resnet18,scratch,gs40,blind,raw,train,5,1,3843,slice_level,0.04137392661982826,0.08665105386416862,0.9966625422820926,0.0006307915663489631,0.000308862943743287,0.7228227219695552,0.12835660580021482,0.9603776158694934,0.928951663027556
resnet18,scratch,gs40,blind,raw,train,5,1,3843,subject_level,0.029924538121259434,0.0692167577413479,0.9961946811367067,0.0007181200793780233,0.0005574439731525292,0.7583479551853388,0.14597970335675253,0.9687796205925874,0.9366286389511326
resnet18,scratch,gs30,adaptive,gs30,train,5,1,3843,slice_level,0.04241478011969815,0.0975800156128025,0.9746179179756895,0.004017802349391345,0.0016352554556695322,0.8095742362590709,0.16715896885069817,0.8618271196887265,0.7370811735840008
resnet18,scratch,gs30,adaptive,gs30,train,5,1,3843,subject_level,0.039552432995055946,0.09237574811345303,0.9729689862962009,0.004599520200371525,0.002693514961688972,0.8387571691899507,0.2047879260994015,0.8849351403383175,0.7560407654581485
resnet18,scratch,gs30,blind,raw,train,5,1,3843,slice_level,0.07910486599011189,0.14363778298204527,0.9779281346648427,0.003850682402786227,0.001432931158909632,0.8044175902878922,0.19817400644468314,0.87695193292311,0.7592364835180391
resnet18,scratch,gs30,blind,raw,train,5,1,3843,subject_level,0.06843611761644548,0.1327088212334114,0.9761552959719332,0.004203153143566845,0.002361713442663659,0.8352558943610888,0.2469424928441322,0.8980812904830404,0.7766539754550531
resnet18,scratch,gs20,adaptive,gs20,train,5,1,3843,slice_level,0.04892011449388499,0.10668748373666406,0.970572378279919,0.004813714819031397,0.002354348030446847,0.8093172955529228,0.17373791621911922,0.8399168753318257,0.6879174638993993
resnet18,scratch,gs20,adaptive,gs20,train,5,1,3843,subject_level,0.049440541243819934,0.1209992193598751,0.9680889948810912,0.005401038872274359,0.0038551733758922877,0.8401070342317701,0.21051262034868592,0.8681282624815579,0.7111456929928789
resnet18,scratch,gs20,blind,raw,train,5,1,3843,slice_level,0.06765547749154306,0.1327088212334114,0.9823081536185081,0.0029306826788777956,0.0010048085663709018,0.7944491149565952,0.1742749731471536,0.9008000987460867,0.8035319037240308
resnet18,scratch,gs20,blind,raw,train,5,1,3843,subject_level,0.061930783242258654,0.12750455373406194,0.9810174294911478,0.003341097090972019,0.0017202693918785805,0.8281482405736641,0.2097319802237835,0.9194008938167482,0.8195488461257423
resnet18,scratch,gs10,adaptive,gs10,train,5,1,3843,slice_level,0.06297163674212855,0.13036690085870414,0.9622230636028147,0.0060740953896339135,0.00309710354608322,0.8273880897319691,0.2252953813104189,0.8197886504705048,0.6587314693137302
resnet18,scratch,gs10,adaptive,gs10,train,5,1,3843,subject_level,0.05932864949258392,0.13322924798334634,0.9595376501907261,0.0067123566137885105,0.004937332025308655,0.8559233850706316,0.2716627634660422,0.8475164339671432,0.6800693725797462
resnet18,scratch,gs10,blind,raw,train,5,1,3843,slice_level,0.05490502211813687,0.10330470986208691,0.9934504599643194,0.0009559652720333976,0.0003296969851176975,0.7082094496864443,0.13694951664876476,0.9524427040627128,0.9233993424687291
resnet18,scratch,gs10,blind,raw,train,5,1,3843,subject_level,0.03825136612021858,0.08118657298985169,0.9930166399575074,0.0010135438396941241,0.0005945420708030369,0.7333691112166045,0.14389799635701275,0.9590722751003239,0.9294143487342844
resnet18,scratch,gs0,adaptive,gs0,train,5,1,3843,slice_level,0.0429352068696331,0.10356492323705438,0.9729791510052399,0.0050332058291865794,0.0034091867170071956,0.8181322042560399,0.18474758324382384,0.8093990311986906,0.6103925826955192
resnet18,scratch,gs0,adaptive,gs0,train,5,1,3843,subject_level,0.0429352068696331,0.10486599011189175,0.9699237687867537,0.005693315653139621,0.00570485431204385,0.8475804794331561,0.21701795472287275,0.8422117778372709,0.6358872989654277
resnet18,scratch,gs0,blind,raw,train,5,1,3843,slice_level,0.04137392661982826,0.10668748373666406,0.9774634968852922,0.003944165626603304,0.00213304291110747,0.7818311922328405,0.15843179377013963,0.8394984940765176,0.6973551373053251
resnet18,scratch,gs0,blind,raw,train,5,1,3843,subject_level,0.04111371324486079,0.09497788186312776,0.9751350228562505,0.004477362598009231,0.0035722254310287934,0.8087704679690066,0.17824616185271924,0.8640259784272397,0.7190158825009216
densenet121,pretrained,raw,adaptive,raw,train,5,1,3843,slice_level,0.25136612021857924,0.3700234192037471,0.840411218758086,0.01217368934541018,0.002155863027392605,0.8755376763672313,0.3861439312567132,0.7534223696743123,0.628504487357737
densenet121,pretrained,raw,adaptive,raw,train,5,1,3843,subject_level,0.20739005984907624,0.3153786104605777,0.8570789418864492,0.011265295745493254,0.0033858032977572496,0.8906284346658925,0.44912828519385894,0.7895158213344428,0.6569784422791038
densenet121,pretrained,gs50,adaptive,gs50,train,5,1,3843,slice_level,0.013010668748373666,0.04241478011969815,0.9089423886910101,0.0054280805984822655,0.0017767599211151962,0.7801039440284105,0.12634264232008593,0.7812127625303609,0.68595759878079
densenet121,pretrained,gs50,adaptive,gs50,train,5,1,3843,subject_level,0.017434296122820714,0.050221181368722355,0.9195613070543067,0.005854335468385544,0.0028855575045879473,0.8012644814701736,0.14650013010668747,0.812469868820656,0.7138994675803829
densenet121,pretrained,gs50,blind,raw,train,5,1,3843,slice_level,0.10460577673692428,0.18084829560239396,0.9683631334706827,0.0026563077025074776,0.0004007721764129794,0.7398375518085948,0.19495166487647692,0.9200616779504094,0.8835868485155994
densenet121,pretrained,gs50,blind,raw,train,5,1,3843,subject_level,0.0858704137392662,0.14962269060629715,0.9700509398485452,0.0024371229978765387,0.0006869618218585281,0.7680897579054116,0.22404371584699453,0.9326027666656976,0.8952449411872834
densenet121,pretrained,gs40,adaptive,gs40,train,5,1,3843,slice_level,0.022118136872235232,0.06349206349206349,0.9046458267557599,0.005953833472440244,0.0018580031181569788,0.7944254890110858,0.1554779806659506,0.7784235627499482,0.6768859556166495
densenet121,pretrained,gs40,adaptive,gs40,train,5,1,3843,subject_level,0.02576112412177986,0.06557377049180328,0.9148608922741235,0.006171215148199172,0.0029899672103569303,0.8155680756581052,0.1785063752276867,0.8091731802532519,0.7042264083767042
densenet121,pretrained,gs40,blind,raw,train,5,1,3843,slice_level,0.04813947436898257,0.10044236273744471,0.9884465844594592,0.0011645550377940312,0.0003053255524658548,0.6656730977242371,0.11278195488721804,0.9472917854049664,0.9247622120906963
densenet121,pretrained,gs40,blind,raw,train,5,1,3843,subject_level,0.03669008587041374,0.08066614623991673,0.9883918763758024,0.0011244466954334743,0.0005476367555280836,0.6806349586207919,0.12750455373406194,0.9541712237961616,0.9314662172250874
densenet121,pretrained,gs30,adaptive,gs30,train,5,1,3843,slice_level,0.01717408274785324,0.05776736924277908,0.9191331040446659,0.004568624738414803,0.0011648961535215474,0.7875389628302942,0.14527389903329754,0.8198653901622067,0.7385894331474447
densenet121,pretrained,gs30,adaptive,gs30,train,5,1,3843,subject_level,0.020556856622430394,0.0546448087431694,0.9297420814606228,0.004605489241838021,0.0019755814068897638,0.805722138971547,0.1522248243559719,0.8444611065219598,0.7612955231985139
densenet121,pretrained,gs30,blind,raw,train,5,1,3843,slice_level,0.03981264637002342,0.08144678636481915,0.9907602361332399,0.0010103222109705031,0.00027227091817742067,0.6549582449767779,0.10257787325456498,0.9585311811029207,0.9413595918743771
densenet121,pretrained,gs30,blind,raw,train,5,1,3843,subject_level,0.02654176424668228,0.06453291699193339,0.9905320291496831,0.000990395415055699,0.0004921435626241738,0.6723647485968418,0.1053864168618267,0.9637066788919079,0.9462783791677052
densenet121,pretrained,gs20,adaptive,gs20,train,5,1,3843,slice_level,0.032266458495966696,0.08170699973978662,0.8932554413339852,0.0067085965735013365,0.0021334026193206503,0.8032771728550494,0.18421052631578946,0.7653776349421795,0.6599105265359688
densenet121,pretrained,gs20,adaptive,gs20,train,5,1,3843,subject_level,0.037730939370283635,0.0858704137392662,0.9042068541189546,0.006941635286687037,0.0034146191756576185,0.8258085906165148,0.21155347384855583,0.7977930495446156,0.6879358031561745
densenet121,pretrained,gs20,blind,raw,train,5,1,3843,slice_level,0.06687483736664064,0.1082487639864689,0.9695898564011363,0.0026931994413603665,0.0006500433691653815,0.6362520281131064,0.046992481203007516,0.8585040342426837,0.8154810534664625
densenet121,pretrained,gs20,blind,raw,train,5,1,3843,subject_level,0.04605776736924278,0.08404892011449389,0.9701109942501484,0.0026869869871186678,0.001093242208489985,0.6689152489168101,0.052042674993494666,0.8812370509676967,0.8350411436241212
densenet121,pretrained,gs10,adaptive,gs10,train,5,1,3843,slice_level,0.05490502211813687,0.1259432734842571,0.8880281130100581,0.007590228882178396,0.0024521679680261565,0.8276658120467053,0.21804511278195488,0.7625849484981194,0.6431785470868053
densenet121,pretrained,gs10,adaptive,gs10,train,5,1,3843,subject_level,0.057507155867811605,0.12984647410876918,0.897708490246632,0.00783241758301889,0.003815315872289758,0.8480646061125833,0.2607338017174083,0.7956715936528002,0.6702324361005954
densenet121,pretrained,gs10,blind,raw,train,5,1,3843,slice_level,0.07702315899037211,0.12308092635961489,0.9654227513029896,0.003020146551958571,0.0009522720237875431,0.6620955849881758,0.049543501611170784,0.8161056153276169,0.7160552804532258
densenet121,pretrained,gs10,blind,raw,train,5,1,3843,subject_level,0.05984907624251887,0.10044236273744471,0.9657121012988203,0.0030054870974480902,0.001619656118680632,0.6863478786719082,0.05516523549310435,0.844118751835581,0.7383952963316995
densenet121,pretrained,gs0,adaptive,gs0,train,5,1,3843,slice_level,0.1454592766068176,0.25604996096799376,0.8539391889908399,0.009693769499128323,0.002311873754706125,0.856461321088072,0.31176154672395273,0.7505063920428878,0.6265674251606075
densenet121,pretrained,gs0,adaptive,gs0,train,5,1,3843,subject_level,0.12256049960967993,0.21701795472287275,0.8689532929213755,0.008997488977262014,0.003663104892945372,0.8778960034191345,0.3700234192037471,0.786654627233193,0.6539803980499731
densenet121,pretrained,gs0,blind,raw,train,5,1,3843,slice_level,0.1990632318501171,0.29898516783762685,0.8882355066813623,0.007932636829642247,0.0010338779927753982,0.8347944853246364,0.2822234156820623,0.817086902135937,0.7332661396777633
densenet121,pretrained,gs0,blind,raw,train,5,1,3843,subject_level,0.1657559198542805,0.268279989591465,0.9004088484493358,0.007093139871035955,0.001676120102346053,0.8574091052607449,0.34712464220660944,0.8462074924315632,0.7569206803658497
densenet121,scratch,raw,adaptive,raw,train,5,1,3843,slice_level,0.08717148061410357,0.16367421285454073,0.9571278458953121,0.006899237276023172,0.004417008898217806,0.8314132166383954,0.2518796992481203,0.7954300526693607,0.6162810153769092
densenet121,scratch,raw,adaptive,raw,train,5,1,3843,subject_level,0.07311995836586001,0.14988290398126464,0.9534887034633089,0.007753543437473358,0.007041358548664128,0.8565381427915307,0.2961228207129846,0.8252811691598473,0.6404533738195276
densenet121,scratch,gs50,adaptive,gs50,train,5,1,3843,slice_level,0.033307311995836586,0.08274785323965651,0.9758378948639248,0.004634816448669274,0.003549133261103225,0.7904877114163796,0.1765574650912997,0.7897265279219435,0.6201144669663851
densenet121,scratch,gs50,adaptive,gs50,train,5,1,3843,subject_level,0.029924538121259434,0.07832422586520947,0.972415513974318,0.005626337015780812,0.006071140215437226,0.8200541904679297,0.21155347384855583,0.820733504217179,0.6436509700322133
densenet121,scratch,gs50,blind,raw,train,5,1,3843,slice_level,0.053864168618266976,0.117096018735363,0.9778703034715109,0.004424314355589653,0.0028702553882448507,0.7570797805543187,0.17843716433941997,0.7982024401546357,0.6624569629643412
densenet121,scratch,gs50,blind,raw,train,5,1,3843,subject_level,0.04787926099401509,0.1014832162373146,0.9743760270499141,0.0051783817744397755,0.004759168420746708,0.7891862737072295,0.2107728337236534,0.8293690452298366,0.6870902858940598
densenet121,scratch,gs40,adaptive,gs40,train,5,1,3843,slice_level,0.03486859224564143,0.08456934686442884,0.9572674431839306,0.0071332271043875245,0.006020383263077571,0.7810632764651118,0.16178839957035446,0.7306574276747496,0.5594218847714898
densenet121,scratch,gs40,adaptive,gs40,train,5,1,3843,subject_level,0.031746031746031744,0.07702315899037211,0.951547194312024,0.008073440123559782,0.00945911837096859,0.8117455773375072,0.18995576372625553,0.7709451037522812,0.5905156095831338
densenet121,scratch,gs40,blind,raw,train,5,1,3843,slice_level,0.04137392661982826,0.08378870673952642,0.9681591276634866,0.005271614512955494,0.003559537547694545,0.7241493639445999,0.11130504833512353,0.7594904989948462,0.6345836130516265
densenet121,scratch,gs40,blind,raw,train,5,1,3843,subject_level,0.030184751496226906,0.06973718449128286,0.9637749807120548,0.006221009982057204,0.005663406710796429,0.7519333188160949,0.12568306010928962,0.7946754861647283,0.6631717224247112
densenet121,scratch,gs30,adaptive,gs30,train,5,1,3843,slice_level,0.045797553994275306,0.1064272703616966,0.9657463588473886,0.006081582620185457,0.005271819211713943,0.8084525842877519,0.20716970998925885,0.7635792540656413,0.5712825394183156
densenet121,scratch,gs30,adaptive,gs30,train,5,1,3843,subject_level,0.043195420244600574,0.10096278948737965,0.9615048706733154,0.0070474098319967616,0.00876591611303866,0.8376521187550736,0.23835545147020556,0.7992597572154562,0.5981188919472099
densenet121,scratch,gs30,blind,raw,train,5,1,3843,slice_level,0.057246942492844136,0.11007025761124122,0.9788629578297069,0.004023605915459686,0.0023444923299152454,0.753671288423747,0.15467239527389903,0.8285192436189516,0.7058097489299352
densenet121,scratch,gs30,blind,raw,train,5,1,3843,subject_level,0.04735883424408015,0.09731980223783503,0.9758045504157071,0.004784952700836039,0.003855166972049924,0.7844703935343036,0.18319021597710122,0.8558225439313238,0.7277761771432317
densenet121,scratch,gs20,adaptive,gs20,train,5,1,3843,slice_level,0.052042674993494666,0.12073900598490762,0.957789753753941,0.007290453393416513,0.006415589948723031,0.8031488034272422,0.20622986036519872,0.740491830878896,0.5516542243321418
densenet121,scratch,gs20,adaptive,gs20,train,5,1,3843,subject_level,0.04787926099401509,0.10850897736143637,0.9526674898688817,0.008453023207240387,0.010346527760758737,0.8359643649869395,0.2427790788446526,0.7799750455741674,0.578741999133324
densenet121,scratch,gs20,blind,raw,train,5,1,3843,slice_level,0.05880822274264897,0.11059068436117617,0.9709945577307043,0.0051069631106277135,0.003504482765138346,0.7463912988672194,0.1458109559613319,0.7850039160733384,0.6502791595873681
densenet121,scratch,gs20,blind,raw,train,5,1,3843,subject_level,0.04631798074421025,0.09862086911267239,0.9669755512372051,0.006123758528712142,0.005690628337814886,0.7775036289372169,0.17408274785323966,0.8188380146597377,0.6766147449855038
densenet121,scratch,gs10,adaptive,gs10,train,5,1,3843,slice_level,0.05594587561800676,0.12542284673432214,0.9565393220097207,0.007371223937587257,0.0061328148128474026,0.8116389702579745,0.20690118152524167,0.746651374439836,0.5567343155480969
densenet121,scratch,gs10,adaptive,gs10,train,5,1,3843,subject_level,0.050221181368722355,0.11761644548529794,0.9514429659046855,0.00853937043828515,0.009803597018936459,0.8446535173257893,0.24850377309393704,0.78566623428139,0.5837130026167688
densenet121,scratch,gs10,blind,raw,train,5,1,3843,slice_level,0.05802758261774655,0.12438199323445225,0.9672008383686642,0.0055128473370701205,0.0034091821250392088,0.7702339590053532,0.19629430719656282,0.7937663391104446,0.6583726238009173
densenet121,scratch,gs10,blind,raw,train,5,1,3843,subject_level,0.0546448087431694,0.11215196461098101,0.9635387184779346,0.006564726874197395,0.005527903147794513,0.7997266324089627,0.2321103304709862,0.8233282120858137,0.6815655188791739
densenet121,scratch,gs0,adaptive,gs0,train,5,1,3843,slice_level,0.08040593286494926,0.15196461098100442,0.9616652234686932,0.006635475571255432,0.005298734729869169,0.8330134226849045,0.25080558539205156,0.7763055074043675,0.5614412229103158
densenet121,scratch,gs0,adaptive,gs0,train,5,1,3843,subject_level,0.07468123861566485,0.14910226385636222,0.957657825068946,0.007743579473403665,0.008720670464733868,0.8603812281678576,0.29143897996357016,0.809039625426211,0.5846477742052361
densenet121,scratch,gs0,blind,raw,train,5,1,3843,slice_level,0.07988550611501431,0.14389799635701275,0.9661464530789476,0.005774913248592697,0.0034858317294291573,0.7896514882402281,0.20126208378088078,0.7934638518644007,0.6340953033345536
densenet121,scratch,gs0,blind,raw,train,5,1,3843,subject_level,0.06609419724173822,0.13088732760863908,0.9624097347724819,0.006643028905110654,0.005665050932902221,0.8190300983522595,0.24069737184491283,0.8238610335308967,0.6576018477534677
resnet18,pretrained,raw,adaptive,raw,val,5,1,599,slice_level,0.3088480801335559,0.4691151919866444,0.8659824713044653,0.01188166193253608,0.005593064188248228,0.8462664195393224,0.3141891891891892,0.8054823248672325,0.7215647439302905
resnet18,pretrained,raw,adaptive,raw,val,5,1,599,subject_level,0.2704507512520868,0.42070116861435725,0.8820450460174446,0.011180151782569184,0.009405594934804213,0.8702637200007803,0.3823038397328882,0.8375648633267525,0.7469902315302962
resnet18,pretrained,gs50,adaptive,gs50,val,5,1,599,slice_level,0.0333889816360601,0.08347245409015025,0.9377396479870919,0.00495436911988935,0.005051431731586788,0.753005300923837,0.09121621621621621,0.8490367992906958,0.7787959562555478
resnet18,pretrained,gs50,adaptive,gs50,val,5,1,599,subject_level,0.02337228714524207,0.10851419031719532,0.943989945871006,0.00527004875205395,0.008555084463047214,0.7764934322925521,0.1018363939899833,0.8724940527659625,0.80070738735193
resnet18,pretrained,gs50,blind,raw,val,5,1,599,slice_level,0.17529215358931552,0.2687813021702838,0.9833386036907891,0.001732846233800974,0.0013491957825849544,0.7221794488562017,0.16047297297297297,0.963331787318394,0.9491837756228766
resnet18,pretrained,gs50,blind,raw,val,5,1,599,subject_level,0.14858096828046743,0.25041736227045075,0.9842679764273171,0.0018032368316077232,0.0024955541063379962,0.7698487267315308,0.19031719532554256,0.9703644659363965,0.9549835241654878
resnet18,pretrained,gs40,adaptive,gs40,val,5,1,599,slice_level,0.0333889816360601,0.11519198664440734,0.9341411363700396,0.005026961606810606,0.004862773599871162,0.7598144747157425,0.09543918918918919,0.8504929035599973,0.7855050988241608
resnet18,pretrained,gs40,adaptive,gs40,val,5,1,599,subject_level,0.045075125208681135,0.12186978297161936,0.9410478524453254,0.0054277738864115365,0.008174489951149898,0.7836403688952929,0.11686143572621036,0.8739561340048636,0.8060909801375289
resnet18,pretrained,gs40,blind,raw,val,5,1,599,slice_level,0.18363939899833054,0.2921535893155259,0.9782433207325625,0.002096927822730776,0.0015052575190459847,0.7279254909646709,0.1858108108108108,0.9540126416328791,0.9356171601393785
resnet18,pretrained,gs40,blind,raw,val,5,1,599,subject_level,0.14858096828046743,0.2671118530884808,0.9798386625336089,0.0021254347640405316,0.002761808250065215,0.7734826547306167,0.21535893155258765,0.9628049352133214,0.9427215901778417
resnet18,pretrained,gs30,adaptive,gs30,val,5,1,599,slice_level,0.045075125208681135,0.10350584307178631,0.9326685308813054,0.005097903671965177,0.004677325789933288,0.7557338561171771,0.09712837837837837,0.8503796354288587,0.7882969934143785
resnet18,pretrained,gs30,adaptive,gs30,val,5,1,599,subject_level,0.05175292153589316,0.12353923205342238,0.9397762012800112,0.005133898906994344,0.007915333621608147,0.7797104801826081,0.11185308848080133,0.8731354308844806,0.8089496464719358
resnet18,pretrained,gs30,blind,raw,val,5,1,599,slice_level,0.17863105175292154,0.3121869782971619,0.9756828143521024,0.0025262325156312155,0.0016351607960504238,0.7332843625919325,0.18074324324324326,0.947854596114642,0.9260186880986161
resnet18,pretrained,gs30,blind,raw,val,5,1,599,subject_level,0.16026711185308848,0.25542570951585974,0.9772878574807576,0.00253620917888635,0.0029678021566180482,0.7726312161894755,0.21035058430717862,0.9570939319957675,0.934244373204513
resnet18,pretrained,gs20,adaptive,gs20,val,5,1,599,slice_level,0.04674457429048414,0.13689482470784642,0.9162812013060899,0.0062793677358675085,0.006037990414912195,0.7744244489690024,0.13344594594594594,0.8238012041594531,0.7498081694906562
resnet18,pretrained,gs20,adaptive,gs20,val,5,1,599,subject_level,0.04006677796327212,0.1352253756260434,0.9248858766882169,0.007021923694069278,0.01006140664860432,0.7982444168215808,0.1335559265442404,0.8498410082022615,0.7729217022488233
resnet18,pretrained,gs20,blind,raw,val,5,1,599,slice_level,0.22203672787979967,0.337228714524207,0.956495033679701,0.004628537393770552,0.002224522858519163,0.7671237218280467,0.20101351351351351,0.9176619747099845,0.8833687613379577
resnet18,pretrained,gs20,blind,raw,val,5,1,599,subject_level,0.18864774624373956,0.3021702838063439,0.959877528710437,0.004410717941086758,0.003901022419921171,0.8066383984437056,0.25041736227045075,0.9328026537704149,0.8957968184145941
resnet18,pretrained,gs10,adaptive,gs10,val,5,1,599,slice_level,0.0651085141903172,0.15525876460767946,0.9124031879866064,0.006469524364439593,0.00528137478899702,0.7889261769334025,0.14273648648648649,0.8327109978811161,0.7613668752846018
resnet18,pretrained,gs10,adaptive,gs10,val,5,1,599,subject_level,0.0667779632721202,0.1686143572621035,0.9227343877289251,0.007015606596792281,0.008950317408329805,0.8138775282120173,0.1652754590984975,0.8587897432865403,0.7838497161241326
resnet18,pretrained,gs10,blind,raw,val,5,1,599,slice_level,0.13689482470784642,0.2387312186978297,0.9737079919678142,0.002292793262781006,0.0020276310273332643,0.6117252007850923,0.08108108108108109,0.9223015701549279,0.8982456304304588
resnet18,pretrained,gs10,blind,raw,val,5,1,599,subject_level,0.1001669449081803,0.18697829716193656,0.9749070733337848,0.0022827081369836263,0.0036441047675130215,0.6336761993416963,0.09015025041736227,0.9353591453451943,0.9093102679889469
resnet18,pretrained,gs0,adaptive,gs0,val,5,1,599,slice_level,0.2003338898163606,0.35058430717863104,0.8990971125625011,0.00806362810039361,0.005138521580622595,0.8256849323760321,0.24493243243243243,0.8346745999076882,0.7560400597465058
resnet18,pretrained,gs0,adaptive,gs0,val,5,1,599,subject_level,0.18196994991652754,0.3021702838063439,0.9099981367886564,0.007918217345350772,0.008693559396116433,0.8539818729602202,0.2988313856427379,0.8614189127251779,0.7783618085505767
resnet18,pretrained,gs0,blind,raw,val,5,1,599,slice_level,0.25542570951585974,0.41235392320534225,0.91774832655074,0.007752565191265737,0.003541437743810038,0.8081653015442404,0.23479729729729729,0.8666890041046852,0.8068062633989947
resnet18,pretrained,gs0,blind,raw,val,5,1,599,subject_level,0.24540901502504173,0.3772954924874791,0.9259705697753792,0.007439144266666673,0.005998753390596785,0.8426324452830399,0.32387312186978295,0.8911858074653128,0.8267560393881918
resnet18,scratch,raw,adaptive,raw,val,5,1,599,slice_level,0.10851419031719532,0.24373956594323873,0.9691292717182178,0.007385572328392372,0.015053103062229383,0.8168841685748771,0.18158783783783783,0.8278483398309028,0.6382473122063582
resnet18,scratch,raw,adaptive,raw,val,5,1,599,subject_level,0.10851419031719532,0.24707846410684475,0.9655982954474244,0.009490816541426568,0.025450379628134588,0.8529092756151739,0.22203672787979967,0.8624439580810687,0.6641624284465245
resnet18,scratch,gs50,adaptive,gs50,val,5,1,599,slice_level,0.0667779632721202,0.17696160267111852,0.943043904730394,0.00887071797764162,0.013321883844301876,0.7767390787855886,0.12922297297297297,0.7953328053542489,0.671829507894105
resnet18,scratch,gs50,adaptive,gs50,val,5,1,599,subject_level,0.06343906510851419,0.1686143572621035,0.9393806765990982,0.009814592056560994,0.020088455187334042,0.8094525823506623,0.15191986644407346,0.8285292670105853,0.6990555507621303
resnet18,scratch,gs50,blind,raw,val,5,1,599,slice_level,0.12353923205342238,0.21535893155258765,0.9713000036241216,0.005824746592016968,0.005820759285228927,0.7436766126257726,0.13175675675675674,0.8807431731775806,0.8031059590972126
resnet18,scratch,gs50,blind,raw,val,5,1,599,subject_level,0.10684474123539232,0.22537562604340566,0.9689126698322009,0.006306841695846023,0.009366618046453083,0.7908581219115889,0.18030050083472454,0.9062788069049186,0.8209371416355812
resnet18,scratch,gs40,adaptive,gs40,val,5,1,599,slice_level,0.10684474123539232,0.21702838063439064,0.9612566606827292,0.007586981298927473,0.013717098853462228,0.7921398241156432,0.1554054054054054,0.8190991630072932,0.6622909566510052
resnet18,scratch,gs40,adaptive,gs40,val,5,1,599,subject_level,0.09348914858096828,0.21202003338898165,0.9570886524571401,0.009030959044951629,0.02245578675286748,0.8293842631430792,0.19699499165275458,0.8552000493756519,0.691446092187214
resnet18,scratch,gs40,blind,raw,val,5,1,599,slice_level,0.08514190317195326,0.17028380634390652,0.9955114360046705,0.0010481401158493628,0.0019050087106922558,0.7138327498251591,0.12331081081081081,0.9589992009506032,0.9285967691394443
resnet18,scratch,gs40,blind,raw,val,5,1,599,subject_level,0.07846410684474124,0.15692821368948248,0.9947702537394923,0.0012128669550900467,0.003485355577905832,0.7589036206699535,0.1419031719532554,0.9690421762967946,0.9361854492481643
resnet18,scratch,gs30,adaptive,gs30,val,5,1,599,slice_level,0.10851419031719532,0.20868113522537562,0.9667459836786298,0.006693318710104253,0.008691666730973428,0.8068331298222262,0.1570945945945946,0.8624563577861802,0.7397189734719433
resnet18,scratch,gs30,adaptive,gs30,val,5,1,599,subject_level,0.12353923205342238,0.24040066777963273,0.9635160494726369,0.006873483052834844,0.01400565881070639,0.8390117084400545,0.2036727879799666,0.8879783203287396,0.7604596311733599
resnet18,scratch,gs30,blind,raw,val,5,1,599,slice_level,0.1302170283806344,0.24373956594323873,0.9708492526028909,0.0064476062738039654,0.007918077459611707,0.8059136849704462,0.1883445945945946,0.8759503549568959,0.75867253654638
resnet18,scratch,gs30,blind,raw,val,5,1,599,subject_level,0.12186978297161936,0.2337228714524207,0.9680368722181686,0.007153561994906061,0.013043610323127204,0.8408103126802879,0.21535893155258765,0.8991550813135202,0.7761951391317808
resnet18,scratch,gs20,adaptive,gs20,val,5,1,599,slice_level,0.10851419031719532,0.22537562604340566,0.9608706985172724,0.007619245920037984,0.011931788537010725,0.8012461542040789,0.1579391891891892,0.8362834653439554,0.6905505030735307
resnet18,scratch,gs20,adaptive,gs20,val,5,1,599,subject_level,0.1018363939899833,0.24874791318864775,0.9573276062839616,0.008943285189805325,0.01921516968145693,0.8388729379238073,0.2020033388981636,0.8692363948873765,0.7156778252174539
resnet18,scratch,gs20,blind,raw,val,5,1,599,slice_level,0.12186978297161936,0.25041736227045075,0.9768440458730784,0.004969490091868354,0.005841639217452608,0.7969271279835762,0.17736486486486486,0.9005596959913099,0.8018481309458191
resnet18,scratch,gs20,blind,raw,val,5,1,599,subject_level,0.12520868113522537,0.2687813021702838,0.9744282228520796,0.005416248497461437,0.00979071184339776,0.8351996008929741,0.2370617696160267,0.9214647117759628,0.8185104885718759
resnet18,scratch,gs10,adaptive,gs10,val,5,1,599,slice_level,0.11352253756260434,0.2587646076794658,0.9498654481564619,0.00944151185788774,0.015157310051908825,0.8160305957564409,0.20523648648648649,0.8177771606558079,0.6643134462975202
resnet18,scratch,gs10,adaptive,gs10,val,5,1,599,subject_level,0.12353923205342238,0.2671118530884808,0.9461287949638494,0.011863883329751296,0.02401031348667728,0.8477571745898145,0.25041736227045075,0.8477855918801488,0.6868005330713345
resnet18,scratch,gs10,blind,raw,val,5,1,599,slice_level,0.09348914858096828,0.18697829716193656,0.9915528335236946,0.0014484657071070599,0.0020028819440427127,0.7004797656849253,0.12162162162162163,0.9518331090944845,0.9238471436843848
resnet18,scratch,gs10,blind,raw,val,5,1,599,subject_level,0.08013355592654424,0.15859766277128548,0.9909362408872041,0.0016734141340239816,0.0036553812982088488,0.7274494273984744,0.13856427378964942,0.9591901880472848,0.9301488988196511
resnet18,scratch,gs0,adaptive,gs0,val,5,1,599,slice_level,0.11185308848080133,0.25041736227045075,0.9629271730954738,0.008813901218229623,0.017815646268458468,0.8172947945336823,0.18243243243243243,0.8113325936468067,0.6125411322036252
resnet18,scratch,gs0,adaptive,gs0,val,5,1,599,subject_level,0.1302170283806344,0.2587646076794658,0.9582419751681549,0.011047902907274402,0.029441137843219584,0.8516694546559235,0.23205342237061768,0.8488038642975643,0.6391838427954952
resnet18,scratch,gs0,blind,raw,val,5,1,599,slice_level,0.09015025041736227,0.21035058430717862,0.9695843497978427,0.006376994074087509,0.011569805213954542,0.7718575229549249,0.15033783783783783,0.835225600371691,0.6985190541587011
resnet18,scratch,gs0,blind,raw,val,5,1,599,subject_level,0.10684474123539232,0.20534223706176963,0.9658857994963211,0.008301981999997503,0.019149422260756933,0.8057671801360643,0.1986644407345576,0.8658380965159612,0.7232570252217017
densenet121,pretrained,raw,adaptive,raw,val,5,1,599,slice_level,0.3722871452420701,0.5242070116861436,0.8293505598587265,0.01667066716988616,0.011099444823930403,0.8690587916798267,0.37246621621621623,0.7532288968764447,0.6311315351662433
densenet121,pretrained,raw,adaptive,raw,val,5,1,599,subject_level,0.332220367278798,0.4941569282136895,0.8461128168790687,0.016402228646763974,0.01757029338330901,0.8985136245439672,0.4607679465776294,0.7941013534797452,0.6604842201576806
densenet121,pretrained,gs50,adaptive,gs50,val,5,1,599,slice_level,0.041736227045075125,0.12353923205342238,0.896567869266007,0.00735860863989701,0.009098730887673509,0.7708916994258448,0.1097972972972973,0.7771076012050381,0.6864511959292057
densenet121,pretrained,gs50,adaptive,gs50,val,5,1,599,subject_level,0.05676126878130217,0.1419031719532554,0.906613889739589,0.008428513804739824,0.014555155996929773,0.7942082853726719,0.14858096828046743,0.8117903808321499,0.7165621513709401
densenet121,pretrained,gs50,blind,raw,val,5,1,599,slice_level,0.15525876460767946,0.27378964941569284,0.9647486642724484,0.003978701087588659,0.002431687313358988,0.7200246081588684,0.17652027027027026,0.91656079007363,0.8810502521651417
densenet121,pretrained,gs50,blind,raw,val,5,1,599,subject_level,0.14023372287145242,0.2370617696160267,0.9664065681634244,0.0037397348224022155,0.004212396819523858,0.7613347259344316,0.21035058430717862,0.9316954581884789,0.8933971580332627
densenet121,pretrained,gs40,adaptive,gs40,val,5,1,599,slice_level,0.06343906510851419,0.16193656093489148,0.8924117106229117,0.008429321203884578,0.009765646767138638,0.7946036926690881,0.15118243243243243,0.7773214760362297,0.6753099638982388
densenet121,pretrained,gs40,adaptive,gs40,val,5,1,599,subject_level,0.06343906510851419,0.17696160267111852,0.9021883740249977,0.009060823360150167,0.01567018472236614,0.8145031563457181,0.18363939899833054,0.8094288206259675,0.7040770853580736
densenet121,pretrained,gs40,blind,raw,val,5,1,599,slice_level,0.09348914858096828,0.1669449081803005,0.9866509907233695,0.0016149146130964632,0.0018445637604946237,0.6456835258933808,0.10557432432432433,0.9436916063061437,0.9243009760249438
densenet121,pretrained,gs40,blind,raw,val,5,1,599,subject_level,0.0667779632721202,0.1335559265442404,0.9865403512682461,0.0017061985792819168,0.003350062757957484,0.6812054927383145,0.12186978297161936,0.9536134656363218,0.9320380869687898
densenet121,pretrained,gs30,adaptive,gs30,val,5,1,599,slice_level,0.05008347245409015,0.15358931552587646,0.9103095121495115,0.006472457529905443,0.006340378701441202,0.7717525655089563,0.13260135135135134,0.8160565268449687,0.7388149751265081
densenet121,pretrained,gs30,adaptive,gs30,val,5,1,599,subject_level,0.05175292153589316,0.15191986644407346,0.9210592447616819,0.007019566076625767,0.010745167439937194,0.798568894735522,0.1419031719532554,0.8439271626169972,0.7633621534662374
densenet121,pretrained,gs30,blind,raw,val,5,1,599,slice_level,0.07679465776293823,0.15692821368948248,0.9894317091008856,0.0016090138527706192,0.0015950950304938726,0.6535155262994631,0.09375,0.9591501913964748,0.9431502532735094
densenet121,pretrained,gs30,blind,raw,val,5,1,599,subject_level,0.05843071786310518,0.1352253756260434,0.9889681868640727,0.0014782707161815815,0.0029074411717972693,0.6807387995016736,0.10684474123539232,0.9664405715684461,0.9496142497488572
densenet121,pretrained,gs20,adaptive,gs20,val,5,1,599,slice_level,0.08013355592654424,0.18196994991652754,0.8805104882171835,0.009350775080252569,0.010698651258626918,0.7906013858965393,0.16385135135135134,0.7618618110899587,0.6618937939912927
densenet121,pretrained,gs20,adaptive,gs20,val,5,1,599,subject_level,0.07512520868113523,0.19198664440734559,0.889832361313656,0.009937534646717256,0.01663634298798412,0.8150587623780313,0.19031719532554256,0.7958310141985325,0.6916045118495697
densenet121,pretrained,gs20,blind,raw,val,5,1,599,slice_level,0.11352253756260434,0.18864774624373956,0.9663370737249346,0.004030921025347829,0.00386289846990102,0.6300696649539773,0.05320945945945946,0.8565076585053593,0.815981700476601
densenet121,pretrained,gs20,blind,raw,val,5,1,599,subject_level,0.09181969949916527,0.1652754590984975,0.9667810539968423,0.004322992441849239,0.006590079855117854,0.671459276869351,0.06343906510851419,0.883596163162206,0.8365459735984595
densenet121,pretrained,gs10,adaptive,gs10,val,5,1,599,slice_level,0.08681135225375626,0.22203672787979967,0.8748336169675913,0.010479464554826484,0.012591919331159909,0.8184318317691647,0.17905405405405406,0.758209411407242,0.6426060056114237
densenet121,pretrained,gs10,adaptive,gs10,val,5,1,599,subject_level,0.10517529215358931,0.2287145242070117,0.8848066288163149,0.012136438852160522,0.019802341561839108,0.8431670619647103,0.22370617696160267,0.794254145459062,0.6710708934591091
densenet121,pretrained,gs10,blind,raw,val,5,1,599,slice_level,0.12520868113522537,0.22370617696160267,0.9630960731554111,0.004235631635471656,0.005469887686476659,0.6672739264201598,0.044763513513513514,0.8191756454824999,0.7152517586284767
densenet121,pretrained,gs10,blind,raw,val,5,1,599,subject_level,0.11018363939899833,0.21035058430717862,0.9629194869819985,0.005236924192145193,0.009295169908540924,0.6988377624365595,0.05843071786310518,0.8496804947845128,0.7371463166091199
densenet121,pretrained,gs0,adaptive,gs0,val,5,1,599,slice_level,0.2604340567612688,0.39398998330550916,0.8412604459339071,0.013761843484709777,0.01192075906916893,0.8558071447908677,0.2981418918918919,0.7508737633659227,0.6280382539095584
densenet121,pretrained,gs0,adaptive,gs0,val,5,1,599,subject_level,0.21869782971619364,0.3806343906510851,0.8557034208499927,0.014624971778245522,0.01883675431279164,0.8833499683668663,0.3555926544240401,0.790317997759292,0.6563879935558332
densenet121,pretrained,gs0,blind,raw,val,5,1,599,slice_level,0.2888146911519199,0.4540901502504174,0.8805144333680205,0.011164491483086536,0.00584925670963471,0.8284208760095655,0.24408783783783783,0.815745286039404,0.7329564268469114
densenet121,pretrained,gs0,blind,raw,val,5,1,599,subject_level,0.24373956594323873,0.41569282136894825,0.8923588642890943,0.01087012394441786,0.009452204301623699,0.8626132424380087,0.33889816360601,0.8482916129252349,0.7578901147184667
densenet121,scratch,raw,adaptive,raw,val,5,1,599,slice_level,0.14357262103505844,0.2871452420701169,0.9435025810797346,0.012206876218219432,0.023300009569734683,0.8201629440114155,0.22719594594594594,0.7877762479506232,0.6178015263471908
densenet121,scratch,raw,adaptive,raw,val,5,1,599,subject_level,0.1352253756260434,0.2671118530884808,0.9368101322591206,0.014163113496140366,0.03598109245119937,0.8530156409820486,0.2687813021702838,0.8231606461567951,0.6438941741904651
densenet121,scratch,gs50,adaptive,gs50,val,5,1,599,slice_level,0.08013355592654424,0.15358931552587646,0.9651032309102295,0.008262608107023924,0.019329066971357358,0.7814763837815277,0.14358108108108109,0.7792623265319176,0.6132785013814352
densenet121,scratch,gs50,adaptive,gs50,val,5,1,599,subject_level,0.07345575959933222,0.1686143572621035,0.959493823560928,0.01045416671167033,0.0323544059894071,0.8195509293452359,0.17696160267111852,0.8168245992298317,0.641109245132176
densenet121,scratch,gs50,blind,raw,val,5,1,599,slice_level,0.09682804674457429,0.18697829716193656,0.9687712446278045,0.007748826616793523,0.015846495377444016,0.7400097466780219,0.14273648648648649,0.7840498144411154,0.6554551241041872
densenet121,scratch,gs50,blind,raw,val,5,1,599,subject_level,0.08514190317195326,0.18030050083472454,0.9633501333266944,0.00927868032694261,0.02535631623933829,0.7727831472041606,0.18697829716193656,0.8173319315273495,0.6804172864075694
densenet121,scratch,gs40,adaptive,gs40,val,5,1,599,slice_level,0.08180300500834725,0.2003338898163606,0.9419404309062608,0.011953878979850095,0.028807296330585007,0.7768415123178269,0.16300675675675674,0.7308019706224268,0.5633482331742776
densenet121,scratch,gs40,adaptive,gs40,val,5,1,599,subject_level,0.09348914858096828,0.21535893155258765,0.9339098177091506,0.01435744215132597,0.044061143492318953,0.818537261601835,0.22036727879799667,0.7803548863515233,0.5979728802457974
densenet121,scratch,gs40,blind,raw,val,5,1,599,slice_level,0.09515859766277128,0.18196994991652754,0.9561779187597297,0.009673754639537983,0.018736795051169514,0.7292196136296981,0.11317567567567567,0.7586693384156034,0.6328158486563594
densenet121,scratch,gs40,blind,raw,val,5,1,599,subject_level,0.08681135225375626,0.18697829716193656,0.9506401299236215,0.01058357486342747,0.02908822670827724,0.7585407732977332,0.1419031719532554,0.7942663213247448,0.6595440507428176
densenet121,scratch,gs30,adaptive,gs30,val,5,1,599,slice_level,0.09348914858096828,0.19532554257095158,0.9517277971731004,0.01038342594901389,0.026019387747874743,0.7982791631886478,0.1883445945945946,0.7576649628478933,0.5708778108789497
densenet121,scratch,gs30,adaptive,gs30,val,5,1,599,subject_level,0.09348914858096828,0.21202003338898165,0.9451609842964325,0.013607776722247293,0.04255596492968139,0.8339974414787027,0.2353923205342237,0.7990809120797554,0.6005856232528197
densenet121,scratch,gs30,blind,raw,val,5,1,599,slice_level,0.09348914858096828,0.18864774624373956,0.9702684028518817,0.006992947975661798,0.012676350801921945,0.7503807091210577,0.14104729729729729,0.824162601493299,0.703426717704221
densenet121,scratch,gs30,blind,raw,val,5,1,599,subject_level,0.08681135225375626,0.18530884808013356,0.9654331539628501,0.008823633990025082,0.020167196548088316,0.7849571071429566,0.17195325542570952,0.854376854402991,0.7264751441122992
densenet121,scratch,gs20,adaptive,gs20,val,5,1,599,slice_level,0.09181969949916527,0.19699499165275458,0.9406279128461529,0.012459667974800021,0.030111260875400298,0.7927127349072779,0.17483108108108109,0.7350994941048525,0.5569870220051335
densenet121,scratch,gs20,adaptive,gs20,val,5,1,599,subject_level,0.08681135225375626,0.22370617696160267,0.9328813043381018,0.01461366202078996,0.047853465196684326,0.8297946633370585,0.20701168614357263,0.7784806954144238,0.5877182615079446
densenet121,scratch,gs20,blind,raw,val,5,1,599,slice_level,0.09181969949916527,0.18864774624373956,0.9592325219725926,0.009001400514516688,0.017033657237874943,0.7500181608987952,0.11570945945945946,0.7842435394287914,0.6489011397228913
densenet121,scratch,gs20,blind,raw,val,5,1,599,subject_level,0.09348914858096828,0.19365609348914858,0.9539333521225217,0.010195616688672608,0.027187204322713942,0.7777403184495026,0.15859766277128548,0.8166956845826419,0.6730924058147584
densenet121,scratch,gs10,adaptive,gs10,val,5,1,599,slice_level,0.10684474123539232,0.2387312186978297,0.9403810972761432,0.01236610410607518,0.029611357469080585,0.7982657011404142,0.19256756756756757,0.7412013014451273,0.5632840191414937
densenet121,scratch,gs10,adaptive,gs10,val,5,1,599,subject_level,0.11519198664440734,0.2287145242070117,0.932326131551612,0.015295890018418556,0.044804900640525384,0.8392791965462749,0.2337228714524207,0.7856835130359573,0.5921809380987352
densenet121,scratch,gs10,blind,raw,val,5,1,599,slice_level,0.12020033388981637,0.22036727879799667,0.955633984682755,0.009939307163474157,0.018369937939056273,0.7703699789626856,0.16891891891891891,0.7901920156452704,0.6558951746029329
densenet121,scratch,gs10,blind,raw,val,5,1,599,subject_level,0.11185308848080133,0.20868113522537562,0.9499813065504988,0.01211256694316068,0.0282658731567989,0.7996070663125242,0.2003338898163606,0.8219727464828746,0.681416097904983
densenet121,scratch,gs0,adaptive,gs0,val,5,1,599,slice_level,0.13689482470784642,0.27879799666110183,0.9484510891425589,0.0111715312991198,0.027195487872624338,0.8260236620437216,0.23479729729729729,0.7717016295001313,0.5644402986279812
densenet121,scratch,gs0,adaptive,gs0,val,5,1,599,subject_level,0.13689482470784642,0.2921535893155259,0.9420704464482544,0.01384190525952882,0.04371353375643044,0.859839250726726,0.2704507512520868,0.8093016854610189,0.5878492223646287
densenet121,scratch,gs0,blind,raw,val,5,1,599,slice_level,0.14023372287145242,0.2654424040066778,0.9550020700703081,0.009512775429899187,0.019193519297862838,0.7832297811950097,0.1866554054054054,0.7886831748827889,0.6332877924125362
densenet121,scratch,gs0,blind,raw,val,5,1,599,subject_level,0.12520868113522537,0.25208681135225375,0.9485936904192369,0.011201363374076423,0.030784380194639322,0.8198397719069903,0.2337228714524207,0.8242811265095248,0.6567545770643549
resnet18,pretrained,raw,adaptive,raw,test,5,1,1060,slice_level,0.24245283018867925,0.37075471698113205,0.8675955649816764,0.010821287474542293,0.0033327609605929057,0.8453680013596826,0.29417571569595263,0.8040281291481067,0.722102487953204
resnet18,pretrained,raw,adaptive,raw,test,5,1,1060,subject_level,0.22358490566037736,0.3311320754716981,0.8833936913395828,0.009670558628046288,0.00549749230838574,0.8549488590245637,0.35283018867924526,0.8320847154788251,0.7454822724660051
resnet18,pretrained,gs50,adaptive,gs50,test,5,1,1060,slice_level,0.016981132075471698,0.05566037735849057,0.9402306045001407,0.004259744905075937,0.003030057389065096,0.7419594772672242,0.08094768015794669,0.847197730502395,0.7790684979275432
resnet18,pretrained,gs50,adaptive,gs50,test,5,1,1060,subject_level,0.02830188679245283,0.0830188679245283,0.9469217277360412,0.004567060211919389,0.005091845811748842,0.7671161988252048,0.09433962264150944,0.8700754765632017,0.7989474935613151
resnet18,pretrained,gs50,blind,raw,test,5,1,1060,slice_level,0.14056603773584905,0.2481132075471698,0.9841714835954163,0.001590282287237779,0.0007955352216739348,0.7372016497792844,0.1771964461994077,0.9645585069416306,0.949467041764338
resnet18,pretrained,gs50,blind,raw,test,5,1,1060,subject_level,0.1320754716981132,0.22830188679245284,0.9849250243519837,0.0015811200974122533,0.0014345433479526415,0.7609730900676397,0.20849056603773586,0.9699426909662643,0.9544285916772653
resnet18,pretrained,gs40,adaptive,gs40,test,5,1,1060,slice_level,0.02547169811320755,0.07735849056603773,0.9366302346283535,0.004106823059747804,0.002909823141131058,0.7581216531784909,0.11056268509378085,0.8514287006937387,0.7851566049062981
resnet18,pretrained,gs40,adaptive,gs40,test,5,1,1060,subject_level,0.02830188679245283,0.0830188679245283,0.9440990946765216,0.004781612360252524,0.004913459752493028,0.7795181879672481,0.10849056603773585,0.8726892306557241,0.8040186603247557
resnet18,pretrained,gs40,blind,raw,test,5,1,1060,slice_level,0.16226415094339622,0.2528301886792453,0.9796544613703242,0.002055294896071812,0.0008860958085553544,0.7562697119056045,0.19743336623889438,0.9564588826300479,0.9367570958950048
resnet18,pretrained,gs40,blind,raw,test,5,1,1060,subject_level,0.14622641509433962,0.24716981132075472,0.980904198817487,0.0019569460513456814,0.0015839086674188949,0.7751500400498397,0.23018867924528302,0.9629465712128945,0.9427932916148654
resnet18,pretrained,gs30,adaptive,gs30,test,5,1,1060,slice_level,0.01981132075471698,0.0669811320754717,0.9357279090948825,0.004257012257036173,0.002746495523683305,0.7605871116522938,0.10760118460019744,0.854437294622988,0.7909411890915824
resnet18,pretrained,gs30,adaptive,gs30,test,5,1,1060,subject_level,0.03207547169811321,0.08018867924528301,0.9436658953158361,0.004800312586550443,0.004621409562653598,0.7768432057671769,0.10943396226415095,0.8747031144938379,0.8095674053427746
resnet18,pretrained,gs30,blind,raw,test,5,1,1060,slice_level,0.17641509433962263,0.2783018867924528,0.9765355161900791,0.002317061345532255,0.0009579158627498403,0.7542950220249959,0.2073050345508391,0.950182726682115,0.9270897809494779
resnet18,pretrained,gs30,blind,raw,test,5,1,1060,subject_level,0.15188679245283018,0.2660377358490566,0.9779622325357401,0.0021898608725025967,0.0017030726514211945,0.7773826139195443,0.24150943396226415,0.9577474794297848,0.9337020912992504
resnet18,pretrained,gs20,adaptive,gs20,test,5,1,1060,slice_level,0.0330188679245283,0.10754716981132076,0.9198200575023328,0.005803746659800692,0.003660845477353641,0.777749632140662,0.13820335636722605,0.8257824282243715,0.7501458141268144
resnet18,pretrained,gs20,adaptive,gs20,test,5,1,1060,subject_level,0.04716981132075472,0.10471698113207548,0.9282472736992926,0.005884066055405815,0.006011508996510562,0.7922363661445355,0.15283018867924528,0.8483226559634479,0.7701033684764268
resnet18,pretrained,gs20,blind,raw,test,5,1,1060,slice_level,0.18584905660377357,0.30283018867924527,0.9575606250538016,0.0038483246317449604,0.0013154655280918374,0.7774715363016633,0.23445212240868707,0.9197091829741461,0.8840175611413312
resnet18,pretrained,gs20,blind,raw,test,5,1,1060,subject_level,0.17452830188679244,0.2830188679245283,0.960593765355506,0.0037582013404594277,0.0022525589826367445,0.8042886961552154,0.26132075471698113,0.9323645264472602,0.8948872790045334
resnet18,pretrained,gs10,adaptive,gs10,test,5,1,1060,slice_level,0.052830188679245285,0.15283018867924528,0.9158919985001942,0.005742704924547448,0.003230415187986954,0.7906101692152955,0.1554787759131293,0.8339191027949145,0.7610008023220975
resnet18,pretrained,gs10,adaptive,gs10,test,5,1,1060,subject_level,0.06509433962264151,0.14339622641509434,0.925971265446465,0.006270367356966127,0.005392431794832689,0.8029147445710217,0.17830188679245282,0.8556252213581553,0.7807408467075735
resnet18,pretrained,gs10,blind,raw,test,5,1,1060,slice_level,0.11981132075471698,0.21037735849056605,0.974623060057748,0.0020870235731016915,0.0012062911622946696,0.6280804913483209,0.09180651530108588,0.92573067072231,0.8972134867324582
resnet18,pretrained,gs10,blind,raw,test,5,1,1060,subject_level,0.11037735849056604,0.1811320754716981,0.9759889214668633,0.002082152524084415,0.002122990272495509,0.6482693040227839,0.1009433962264151,0.9364752430960818,0.9068458590343313
resnet18,pretrained,gs0,adaptive,gs0,test,5,1,1060,slice_level,0.1660377358490566,0.2952830188679245,0.9019532845267709,0.00765318623128927,0.0030650592471674998,0.829439817746652,0.2388943731490622,0.8354929869761001,0.7584126397390973
resnet18,pretrained,gs0,adaptive,gs0,test,5,1,1060,subject_level,0.1490566037735849,0.27547169811320754,0.9124301014643795,0.007182192689967605,0.0050573313090387945,0.8443133223567105,0.3009433962264151,0.8592356284834304,0.7779582299992723
resnet18,pretrained,gs0,blind,raw,test,5,1,1060,slice_level,0.24622641509433962,0.37735849056603776,0.9208228658392744,0.0069484858580355375,0.002096035850084967,0.8120889975134571,0.2502467917077986,0.8698357361031426,0.8095453864139206
resnet18,pretrained,gs0,blind,raw,test,5,1,1060,subject_level,0.21320754716981133,0.33584905660377357,0.9288245149378507,0.006671302554742345,0.003522528599692895,0.8324845594517623,0.32264150943396225,0.8900252189838661,0.8262360289489323
resnet18,scratch,raw,adaptive,raw,test,5,1,1060,slice_level,0.1009433962264151,0.2009433962264151,0.9728364424885444,0.006296165877918028,0.009222253334251636,0.8101161131702956,0.2018756169792695,0.8241963790764578,0.6357680627576444
resnet18,scratch,raw,adaptive,raw,test,5,1,1060,subject_level,0.1,0.19622641509433963,0.9689853468031253,0.007334232330322266,0.015339541690916104,0.8388073914204344,0.2528301886792453,0.8540380905540484,0.6590799775224531
resnet18,scratch,gs50,adaptive,gs50,test,5,1,1060,slice_level,0.06320754716981132,0.14150943396226415,0.9471330137747639,0.007931501066909647,0.008320963868370525,0.7795754949803497,0.1456071076011846,0.7979767140137125,0.671801231974771
resnet18,scratch,gs50,adaptive,gs50,test,5,1,1060,subject_level,0.062264150943396226,0.15377358490566037,0.9441553361573309,0.008855866486171506,0.012560444897620605,0.805690651477394,0.18490566037735848,0.827821210448472,0.6973238919506939
resnet18,scratch,gs50,blind,raw,test,5,1,1060,slice_level,0.11415094339622642,0.21415094339622642,0.9734747499789832,0.005041789614929343,0.003576681960070998,0.7515528367077055,0.1554787759131293,0.8851076091059574,0.8033619643813877
resnet18,scratch,gs50,blind,raw,test,5,1,1060,subject_level,0.11037735849056604,0.2037735849056604,0.9713544252908455,0.005219280101218314,0.005687132875329621,0.7837161507653969,0.17641509433962263,0.9047798448576118,0.8185971897211277
resnet18,scratch,gs40,adaptive,gs40,test,5,1,1060,slice_level,0.06792452830188679,0.15471698113207547,0.9638568653812948,0.006570639081721036,0.008667774951603827,0.7935995618283075,0.16535044422507403,0.8202348668624713,0.6640518384656675
resnet18,scratch,gs40,adaptive,gs40,test,5,1,1060,subject_level,0.06981132075471698,0.15660377358490565,0.9608553775076596,0.00792743316236532,0.014104810295152074,0.8202082413670345,0.18490566037735848,0.8490264112094663,0.689571514530255
resnet18,scratch,gs40,blind,raw,test,5,1,1060,slice_level,0.0669811320754717,0.14433962264150943,0.9958436574576036,0.0008125193838803273,0.0011085281418724302,0.7315248887109091,0.13425468904244817,0.9616214789795852,0.9297281936986267
resnet18,scratch,gs40,blind,raw,test,5,1,1060,subject_level,0.05566037735849057,0.13962264150943396,0.9953723261941154,0.0010859257770034503,0.0019754825871578364,0.7629477402990388,0.15849056603773584,0.9693810763786423,0.9368242023685068
resnet18,scratch,gs30,adaptive,gs30,test,5,1,1060,slice_level,0.06886792452830189,0.17075471698113207,0.9694440729213211,0.005454264946703641,0.005396158380416345,0.7998338346774945,0.1688055281342547,0.8597138534352433,0.7396336102617799
resnet18,scratch,gs30,adaptive,gs30,test,5,1,1060,subject_level,0.07735849056603773,0.17735849056603772,0.9670892368510084,0.006069285352275057,0.008632049485733557,0.8301294704521182,0.19245283018867926,0.8827853769063949,0.7585517641086061
resnet18,scratch,gs30,blind,raw,test,5,1,1060,slice_level,0.12924528301886792,0.22169811320754718,0.973535311053384,0.005468809998260354,0.004938217062933617,0.8012522362588239,0.19792694965449162,0.875474063394571,0.7574351340483101
resnet18,scratch,gs30,blind,raw,test,5,1,1060,subject_level,0.12830188679245283,0.21509433962264152,0.9709966206325675,0.006068261333231656,0.007817635311797824,0.8375816909932361,0.23018867924528302,0.8978839945118382,0.7743225742742701
resnet18,scratch,gs20,adaptive,gs20,test,5,1,1060,slice_level,0.07641509433962264,0.1820754716981132,0.9647610514231448,0.00674744428328748,0.00770429152718587,0.8014624946450856,0.16535044422507403,0.8355497208599513,0.6876152500056152
resnet18,scratch,gs20,adaptive,gs20,test,5,1,1060,subject_level,0.09056603773584905,0.19245283018867926,0.961729689195471,0.007898058531419287,0.012346653290145662,0.831541462264151,0.20849056603773586,0.8641196084191214,0.7114779626575
resnet18,scratch,gs20,blind,raw,test,5,1,1060,slice_level,0.10377358490566038,0.21037735849056605,0.9787873051638873,0.004236884218341899,0.0035003614973250496,0.7956478631563262,0.17522211253701875,0.8991957621507325,0.8002177596114717
resnet18,scratch,gs20,blind,raw,test,5,1,1060,subject_level,0.1179245283018868,0.22358490566037736,0.9769608083198655,0.004861653807028285,0.005841716861282036,0.8280890841936632,0.22358490566037736,0.9177647185494315,0.8160811920126092
resnet18,scratch,gs10,adaptive,gs10,test,5,1,1060,slice_level,0.10471698113207548,0.19716981132075473,0.9552944835626854,0.008288129151992079,0.009641113675875976,0.8124600942464937,0.19792694965449162,0.8152231991967703,0.6630800184468335
resnet18,scratch,gs10,adaptive,gs10,test,5,1,1060,subject_level,0.10943396226415095,0.21509433962264152,0.9519338173686334,0.00946229431989058,0.015123322154483143,0.8402124866500533,0.2537735849056604,0.8424184853738209,0.6841685452254314
resnet18,scratch,gs10,blind,raw,test,5,1,1060,slice_level,0.07641509433962264,0.16132075471698112,0.9922495026633424,0.0012771920775467495,0.001172202434841069,0.717893161308648,0.1332675222112537,0.954292754371451,0.924049986723459
resnet18,scratch,gs10,blind,raw,test,5,1,1060,subject_level,0.07264150943396226,0.14056603773584905,0.9916838986693688,0.0013631957881855515,0.0020964074917225483,0.7401364391242435,0.1471698113207547,0.9604521044582691,0.9290710038910497
resnet18,scratch,gs0,adaptive,gs0,test,5,1,1060,slice_level,0.06509433962264151,0.15754716981132075,0.965842849184882,0.007067394481514984,0.010901353125601023,0.8067510919368958,0.17374136229022705,0.8013987596213876,0.6110177860513399
resnet18,scratch,gs0,adaptive,gs0,test,5,1,1060,subject_level,0.06886792452830189,0.16792452830188678,0.9616248480553897,0.008206381269221037,0.01760677736349193,0.8341499848700604,0.20471698113207548,0.83374707026864,0.6365632860562711
resnet18,scratch,gs0,blind,raw,test,5,1,1060,slice_level,0.07830188679245283,0.17452830188679244,0.9721829427300759,0.005525039389448346,0.006989808694046553,0.7666390752761273,0.1554787759131293,0.8340547931364941,0.6996445018174654
resnet18,scratch,gs0,blind,raw,test,5,1,1060,subject_level,0.08773584905660377,0.17358490566037735,0.9693486624731208,0.006813938156613764,0.011482085672839773,0.7914983793164827,0.19245283018867926,0.8588415563106537,0.7216775766386176
densenet121,pretrained,raw,adaptive,raw,test,5,1,1060,slice_level,0.32264150943396225,0.44622641509433963,0.8330309800944238,0.015866138856365994,0.006740525744872976,0.8661110865354169,0.3608094768015795,0.7511957461806887,0.6316434814489956
densenet121,pretrained,raw,adaptive,raw,test,5,1,1060,subject_level,0.2641509433962264,0.39905660377358493,0.8498639922097044,0.015356884643716632,0.010465423076167562,0.8858475978996083,0.4490566037735849,0.7881360296370848,0.6593201299263621
densenet121,pretrained,gs50,adaptive,gs50,test,5,1,1060,slice_level,0.040566037735849055,0.09150943396226414,0.9012715824932422,0.007216891421462005,0.005740559885260772,0.7719435952895379,0.1194471865745311,0.7778033107254371,0.6857606822609339
densenet121,pretrained,gs50,adaptive,gs50,test,5,1,1060,subject_level,0.04716981132075472,0.11132075471698114,0.9108405636728935,0.007994827290750899,0.00910532625616124,0.7942468155927377,0.13773584905660377,0.8087045963080424,0.7130390951524366
densenet121,pretrained,gs50,blind,raw,test,5,1,1060,slice_level,0.16037735849056603,0.2537735849056604,0.9658583206388186,0.0034989368803096266,0.0014008137038337804,0.7459676667939429,0.19792694965449162,0.9223453161570538,0.8849705186781456
densenet121,pretrained,gs50,blind,raw,test,5,1,1060,subject_level,0.13773584905660377,0.23773584905660378,0.9675220777403634,0.0032679359867887675,0.0023884311574291577,0.7756345745817017,0.2320754716981132,0.9343933090848743,0.8952335052418259
densenet121,pretrained,gs40,adaptive,gs40,test,5,1,1060,slice_level,0.045283018867924525,0.11415094339622642,0.8972694300817994,0.007933428489936972,0.0060843012948028465,0.7800818591797202,0.13968410661401776,0.7735692898707,0.6763386745229364
densenet121,pretrained,gs40,adaptive,gs40,test,5,1,1060,subject_level,0.04905660377358491,0.11509433962264151,0.906604859401595,0.008384189965589992,0.009524213209449541,0.8046335590957635,0.14622641509433962,0.8048419358595362,0.7028368379658123
densenet121,pretrained,gs40,blind,raw,test,5,1,1060,slice_level,0.09150943396226414,0.15471698113207547,0.9873095350445441,0.0015060042435268185,0.001068104561176678,0.682632090605152,0.12487660414610069,0.9506561853807982,0.9266991186251617
densenet121,pretrained,gs40,blind,raw,test,5,1,1060,subject_level,0.08018867924528301,0.1339622641509434,0.9873222470283508,0.0015000974794603743,0.0018965843926570466,0.7017672080811677,0.14056603773584905,0.956999660662885,0.9331445760382796
densenet121,pretrained,gs30,adaptive,gs30,test,5,1,1060,slice_level,0.04150943396226415,0.10471698113207548,0.9138449636832723,0.005750301086677696,0.0039547262495858064,0.775490967656317,0.131786771964462,0.8155399991635156,0.7372889942277996
densenet121,pretrained,gs30,adaptive,gs30,test,5,1,1060,subject_level,0.03773584905660377,0.1,0.9237016602507178,0.006319548049063053,0.006549925005660867,0.7952518485226059,0.14433962264150943,0.840326456697482,0.7593296738960833
densenet121,pretrained,gs30,blind,raw,test,5,1,1060,slice_level,0.06132075471698113,0.1311320754716981,0.9896755464234442,0.0012707380191335138,0.0009178053219209618,0.6612579601966884,0.11154985192497532,0.960606743529189,0.9436275895679335
densenet121,pretrained,gs30,blind,raw,test,5,1,1060,subject_level,0.06132075471698113,0.12924528301886792,0.9894430854410495,0.0013425458714647113,0.001648962585022673,0.6827214533641865,0.12358490566037736,0.9656018712610569,0.9479923888245844
densenet121,pretrained,gs20,adaptive,gs20,test,5,1,1060,slice_level,0.08018867924528301,0.17358490566037735,0.8843097399990514,0.008186212519429765,0.006755000750209152,0.7890871698578852,0.18657453109575517,0.762274562974202,0.6608283528591383
densenet121,pretrained,gs20,adaptive,gs20,test,5,1,1060,subject_level,0.0669811320754717,0.1660377358490566,0.8948433798439098,0.009312382958969979,0.010619093957444968,0.8149154903880383,0.20660377358490567,0.7943037531285916,0.6866932341880394
densenet121,pretrained,gs20,blind,raw,test,5,1,1060,slice_level,0.1,0.16886792452830188,0.9660322924267571,0.0032418628908553212,0.0022684116844518356,0.63082466147628,0.04491609081934847,0.8575005762845366,0.8159099576341093
densenet121,pretrained,gs20,blind,raw,test,5,1,1060,subject_level,0.07924528301886792,0.14622641509433962,0.9664772853536426,0.0036142089456882116,0.003802682149645714,0.6630389115343538,0.05849056603773585,0.8794194166390401,0.8348898109014866
densenet121,pretrained,gs10,adaptive,gs10,test,5,1,1060,slice_level,0.10283018867924529,0.20849056603773586,0.8778500193694853,0.009665815110476511,0.007632181623880312,0.8172995655534654,0.19990128331688056,0.7594978274209361,0.6453401934678824
densenet121,pretrained,gs10,adaptive,gs10,test,5,1,1060,subject_level,0.10660377358490566,0.21037735849056605,0.8877646783612809,0.010841542032529723,0.011708658706519824,0.8358091349234603,0.23018867924528302,0.7915636759321645,0.6711056586290306
densenet121,pretrained,gs10,blind,raw,test,5,1,1060,slice_level,0.11320754716981132,0.18396226415094338,0.9631074245245952,0.003998734085065014,0.003366809074639536,0.6635446925813482,0.05133267522211254,0.8192309334741764,0.7178680437127093
densenet121,pretrained,gs10,blind,raw,test,5,1,1060,subject_level,0.08396226415094339,0.15,0.9628485361922462,0.004447615821406526,0.0056422883341580915,0.6889975916696333,0.052830188679245285,0.8490030565070656,0.7399179899636305
densenet121,pretrained,gs0,adaptive,gs0,test,5,1,1060,slice_level,0.2009433962264151,0.34150943396226413,0.8449735253486993,0.011840324975409598,0.007135580259348916,0.8452023191435862,0.29615004935834155,0.7477829904246778,0.6296818268885309
densenet121,pretrained,gs0,adaptive,gs0,test,5,1,1060,subject_level,0.16981132075471697,0.3009433962264151,0.8602548901202544,0.011840103538531177,0.011228130771866384,0.8649701219295123,0.33679245283018866,0.7829179722183156,0.6562438408929222
densenet121,pretrained,gs0,blind,raw,test,5,1,1060,slice_level,0.25566037735849056,0.3745283018867924,0.88317286883885,0.010900419725562042,0.0034540014026273602,0.8307705849894764,0.29516288252714706,0.8170066112532903,0.7341184382182809
densenet121,pretrained,gs0,blind,raw,test,5,1,1060,subject_level,0.21132075471698114,0.32075471698113206,0.8956808809401854,0.010082906428373084,0.005652892241421384,0.8510775854396583,0.3292452830188679,0.8440178098543635,0.7553887205775617
densenet121,scratch,raw,adaptive,raw,test,5,1,1060,slice_level,0.1160377358490566,0.22830188679245284,0.9466326109643253,0.008840273573713482,0.01324912863168514,0.8165842432807466,0.22161895360315895,0.7884325764168638,0.6230112784098623
densenet121,scratch,raw,adaptive,raw,test,5,1,1060,subject_level,0.1160377358490566,0.21509433962264152,0.9427472440139303,0.011070902448780132,0.02077254777387628,0.8421198549305803,0.27169811320754716,0.8193412984317203,0.6471418729397486
densenet121,scratch,gs50,adaptive,gs50,test,5,1,1060,slice_level,0.06509433962264151,0.15566037735849056,0.9685964257649655,0.0069396364239026915,0.011741917248692293,0.7843408763899495,0.1732477788746298,0.7847062113372147,0.618276119648848
densenet121,scratch,gs50,adaptive,gs50,test,5,1,1060,subject_level,0.06509433962264151,0.15377358490566037,0.9639061455456716,0.008760239830556906,0.019117324749218685,0.8111712949448202,0.19905660377358492,0.8140313621118384,0.6410593156140649
densenet121,scratch,gs50,blind,raw,test,5,1,1060,slice_level,0.09811320754716982,0.18867924528301888,0.9721120520582739,0.006355033055791315,0.009449544181291647,0.7503888575872153,0.1742349457058243,0.7944189512188319,0.660712449432544
densenet121,scratch,gs50,blind,raw,test,5,1,1060,subject_level,0.08396226415094339,0.1669811320754717,0.9679840282449182,0.008061632907615518,0.015387564464823677,0.7858876130295479,0.2028301886792453,0.8267911485905918,0.684167790980356
densenet121,scratch,gs40,adaptive,gs40,test,5,1,1060,slice_level,0.04150943396226415,0.11132075471698114,0.9460991462446608,0.009830373019542335,0.01772161495063524,0.7523296694853694,0.13524185587364265,0.7143706962216171,0.5665707768300935
densenet121,scratch,gs40,adaptive,gs40,test,5,1,1060,subject_level,0.04339622641509434,0.11886792452830189,0.9397070857713807,0.012165999524998215,0.027266308648582056,0.7845811845852617,0.15,0.7549082488102733,0.5969562779599765
densenet121,scratch,gs40,blind,raw,test,5,1,1060,slice_level,0.06320754716981132,0.13773584905660377,0.9600483583391838,0.007395818323459266,0.011396577755287993,0.7142496775410233,0.10513326752221125,0.751348731857297,0.632373623151543
densenet121,scratch,gs40,blind,raw,test,5,1,1060,subject_level,0.05471698113207547,0.1330188679245283,0.9552292202441197,0.00928605890498971,0.01770392377280964,0.7493402385190459,0.1349056603773585,0.7894427819634383,0.6594459253811893
densenet121,scratch,gs30,adaptive,gs30,test,5,1,1060,slice_level,0.0660377358490566,0.1669811320754717,0.9572694573199974,0.008907379744187842,0.016483880863261392,0.7980903583601855,0.1934846989141165,0.7571160877739453,0.5733934184894106
densenet121,scratch,gs30,adaptive,gs30,test,5,1,1060,subject_level,0.06509433962264151,0.17169811320754716,0.9510186225738165,0.010233039788480076,0.026249034103568433,0.8257399029903881,0.21415094339622642,0.7915737147319991,0.5998430362310331
densenet121,scratch,gs30,blind,raw,test,5,1,1060,slice_level,0.08018867924528301,0.16226415094339622,0.973119740272468,0.0056631110186846755,0.008023154888662317,0.7464542527333347,0.140177690029615,0.8195518887907943,0.6961257232383316
densenet121,scratch,gs30,blind,raw,test,5,1,1060,subject_level,0.07641509433962264,0.1490566037735849,0.9689968173796276,0.006805962605296441,0.012806627332268037,0.7835129040583838,0.16226415094339622,0.8493357771691287,0.7170346488676824
densenet121,scratch,gs20,adaptive,gs20,test,5,1,1060,slice_level,0.08113207547169811,0.1820754716981132,0.9470881040928498,0.010497768645016652,0.019416449608210967,0.7862015624708971,0.18904244817374136,0.7312627358238883,0.5561354630562073
densenet121,scratch,gs20,adaptive,gs20,test,5,1,1060,subject_level,0.08113207547169811,0.1811320754716981,0.9400295183343708,0.011643763870563147,0.029602281363540383,0.812222344250623,0.22075471698113208,0.767501020319057,0.5837914580403072
densenet121,scratch,gs20,blind,raw,test,5,1,1060,slice_level,0.08679245283018867,0.1669811320754717,0.9633453403441411,0.007351927712278546,0.010789308065267384,0.7353717195328652,0.140177690029615,0.7775302781610357,0.6490518333459238
densenet121,scratch,gs20,blind,raw,test,5,1,1060,subject_level,0.0830188679245283,0.16037735849056603,0.9576711132278982,0.008555747090645556,0.01676305107297903,0.7672893111427554,0.1669811320754717,0.8121165427396883,0.67550655283166
densenet121,scratch,gs10,adaptive,gs10,test,5,1,1060,slice_level,0.08584905660377358,0.1792452830188679,0.9457545119074156,0.01051128276114194,0.018413931423060175,0.7901742186481402,0.17769002961500494,0.7363664304133346,0.5655733715582568
densenet121,scratch,gs10,adaptive,gs10,test,5,1,1060,subject_level,0.07830188679245283,0.17169811320754716,0.9384317527402122,0.012113389766441201,0.027809588055846827,0.8165483116767533,0.20566037735849058,0.7720108211883959,0.5927191499179827
densenet121,scratch,gs10,blind,raw,test,5,1,1060,slice_level,0.10377358490566038,0.18490566037735848,0.9594974861392435,0.00849557710143755,0.010833569194568005,0.7650283926875151,0.19052319842053306,0.79230857498554,0.6619031318822559
densenet121,scratch,gs10,blind,raw,test,5,1,1060,subject_level,0.09150943396226414,0.17735849056603772,0.954112620792299,0.009451107990066961,0.01685952737945009,0.7897909967960128,0.22735849056603774,0.81932750878469,0.6835178234062668
densenet121,scratch,gs0,adaptive,gs0,test,5,1,1060,slice_level,0.11226415094339623,0.21320754716981133,0.9522496127857352,0.009689736928579943,0.016880139404081933,0.8157138869228335,0.23346495557749258,0.766268325228564,0.569752542687826
densenet121,scratch,gs0,adaptive,gs0,test,5,1,1060,subject_level,0.11226415094339623,0.21509433962264152,0.9463188415428377,0.011261659242072196,0.02643871501720739,0.8457425774296903,0.28867924528301886,0.8008400885563977,0.5929298079354302
densenet121,scratch,gs0,blind,raw,test,5,1,1060,slice_level,0.11320754716981132,0.21037735849056605,0.9582370292465642,0.008703309410023239,0.011658927933137232,0.7837126925440965,0.20681145113524185,0.791615663414411,0.6368632271357303
densenet121,scratch,gs0,blind,raw,test,5,1,1060,subject_level,0.09622641509433963,0.2028301886792453,0.9535209345930028,0.00970843181295215,0.018538353399742604,0.809053687255251,0.24150943396226415,0.8208314839399086,0.6599311215322253
