model,init,train_condition,eval_condition,attacker_type,fold_id,subject_auc,subject_acc,subject_bacc,sensitivity,specificity,msp_correct_mean,msp_wrong_mean,nll_correct_mean,nll_wrong_mean,nllpct_correct_mean,nllpct_wrong_mean,n_train_subjects,n_val_subjects,n_train_slices,n_val_slices,lr,weight_decay,patience,num_epochs_max,epochs_trained,best_val_auc,best_val_loss,seed,timestamp,ckpt_path
resnet18,pretrained,raw,raw,adaptive,0,0.8260162601626017,0.7678571428571429,0.7780487804878049,0.8,0.7560975609756098,0.8163696762327521,0.7638265786388607,0.22010262072629957,1.7955552081361539,81.63696762327521,23.61734213611393,221,56,12000,7130,5e-05,0.0001,7,50,2,0.8260162601626017,0.7990805762154716,1337,2026-01-17 04:33:15,/home/jupyter/notebooks/jan26-LearningT/re-id-new/models2/utility/resnet18/pretrained/raw/fold_0.pt
densenet121,pretrained,raw,raw,adaptive,0,0.853658536585366,0.8214285714285714,0.7934959349593496,0.7333333333333333,0.8536585365853658,0.8009581651186807,0.7392164445752579,0.24302130940313826,1.6159908563860121,80.09581651186807,26.078355542474213,221,56,12000,7130,5e-05,0.0001,7,50,10,0.853658536585366,0.6378929716135774,1337,2026-01-17 04:45:24,/home/jupyter/notebooks/jan26-LearningT/re-id-new/models2/utility/densenet121/pretrained/raw/fold_0.pt
resnet18,pretrained,gs0,gs0,adaptive,0,0.8292682926829269,0.7678571428571429,0.756910569105691,0.7333333333333333,0.7804878048780488,0.8209316752947426,0.7338949523048092,0.2133225263846687,1.620084729221825,82.09316752947426,26.610504769519085,221,56,12000,7130,5e-05,0.0001,7,50,7,0.8292682926829269,0.7440035683768136,1337,2026-01-17 04:56:47,/home/jupyter/notebooks/jan26-LearningT/re-id-new/models2/utility/resnet18/pretrained/gs0/fold_0.pt
resnet18,pretrained,gs0,raw,blind,0,0.8113821138211382,0.35714285714285715,0.5609756097560976,1.0,0.12195121951219512,0.7504867646262372,0.6840094930743809,0.30485073818456976,1.2509810740814145,75.0486764626237,31.599050692561907,221,56,12000,7130,5e-05,0.0001,7,50,,,,1337,2026-01-17 04:56:51,/home/jupyter/notebooks/jan26-LearningT/re-id-new/models2/utility/resnet18/pretrained/gs0/fold_0.pt
densenet121,pretrained,gs0,gs0,adaptive,0,0.8422764227642277,0.8035714285714286,0.802439024390244,0.8,0.8048780487804879,0.7953990693626093,0.7257242482138492,0.2501477868442004,1.50345172319208,79.53990693626093,27.427575178615083,221,56,12000,7130,5e-05,0.0001,7,50,5,0.8422764227642277,0.7012270172791821,1337,2026-01-17 05:05:29,/home/jupyter/notebooks/jan26-LearningT/re-id-new/models2/utility/densenet121/pretrained/gs0/fold_0.pt
densenet121,pretrained,gs0,raw,blind,0,0.375609756097561,0.6785714285714286,0.4845528455284553,0.06666666666666667,0.9024390243902439,0.6236929546300601,0.6335416395927077,0.47729555244453997,1.0332666345052808,62.36929546300604,36.64583604072922,221,56,12000,7130,5e-05,0.0001,7,50,,,,1337,2026-01-17 05:05:41,/home/jupyter/notebooks/jan26-LearningT/re-id-new/models2/utility/densenet121/pretrained/gs0/fold_0.pt
resnet18,pretrained,gs10,gs10,adaptive,0,0.8211382113821138,0.7321428571428571,0.6479674796747967,0.4666666666666667,0.8292682926829268,0.8381316674303033,0.691729036108407,0.1856945892893892,1.2947666277232386,83.81316674303032,30.827096389159298,221,56,12000,7130,5e-05,0.0001,7,50,10,0.8211382113821138,0.6554450264998845,1337,2026-01-17 05:17:42,/home/jupyter/notebooks/jan26-LearningT/re-id-new/models2/utility/resnet18/pretrained/gs10/fold_0.pt
resnet18,pretrained,gs10,raw,blind,0,0.6504065040650406,0.6428571428571429,0.5869918699186991,0.4666666666666667,0.7073170731707317,0.6305957676519015,0.5804900061849865,0.4704300974810367,0.8793365822317423,63.05957676519017,41.95099938150135,221,56,12000,7130,5e-05,0.0001,7,50,,,,1337,2026-01-17 05:17:46,/home/jupyter/notebooks/jan26-LearningT/re-id-new/models2/utility/resnet18/pretrained/gs10/fold_0.pt
densenet121,pretrained,gs10,gs10,adaptive,0,0.8227642276422765,0.8035714285714286,0.78130081300813,0.7333333333333333,0.8292682926829268,0.8192581597321029,0.7079415861287603,0.21527157274562433,1.4203799704269857,81.92581597321028,29.205841387123964,221,56,12000,7130,5e-05,0.0001,7,50,4,0.8227642276422765,0.6276968217321804,1337,2026-01-17 05:25:42,/home/jupyter/notebooks/jan26-LearningT/re-id-new/models2/utility/densenet121/pretrained/gs10/fold_0.pt
densenet121,pretrained,gs10,raw,blind,0,0.39674796747967483,0.26785714285714285,0.5,1.0,0.0,0.8934235526989865,0.9121005945972592,0.11415671408055676,2.5517979671678237,89.34235526989865,8.789940540274078,221,56,12000,7130,5e-05,0.0001,7,50,,,,1337,2026-01-17 05:25:54,/home/jupyter/notebooks/jan26-LearningT/re-id-new/models2/utility/densenet121/pretrained/gs10/fold_0.pt
resnet18,pretrained,gs20,gs20,adaptive,0,0.8178861788617886,0.7678571428571429,0.7780487804878049,0.8,0.7560975609756098,0.8189584711508552,0.7484752688916265,0.21682199838721194,1.656095937404115,81.89584711508552,25.152473110837338,221,56,12000,7130,5e-05,0.0001,7,50,4,0.8178861788617886,0.8796341270208359,1337,2026-01-17 05:36:36,/home/jupyter/notebooks/jan26-LearningT/re-id-new/models2/utility/resnet18/pretrained/gs20/fold_0.pt
resnet18,pretrained,gs20,raw,blind,0,0.6959349593495935,0.6785714285714286,0.526829268292683,0.2,0.8536585365853658,0.7592369834568966,0.6406065918323823,0.2930579367469425,1.0708621822950004,75.92369834568967,35.93934081676177,221,56,12000,7130,5e-05,0.0001,7,50,,,,1337,2026-01-17 05:36:40,/home/jupyter/notebooks/jan26-LearningT/re-id-new/models2/utility/resnet18/pretrained/gs20/fold_0.pt
densenet121,pretrained,gs20,gs20,adaptive,0,0.8195121951219512,0.6607142857142857,0.7471544715447155,0.9333333333333333,0.5609756097560976,0.7923913141078708,0.6989771537377325,0.2440539311423117,1.336565603397711,79.23913141078707,30.102284626226744,221,56,12000,7130,5e-05,0.0001,7,50,1,0.8195121951219512,0.7083903503205095,1337,2026-01-17 05:42:29,/home/jupyter/notebooks/jan26-LearningT/re-id-new/models2/utility/densenet121/pretrained/gs20/fold_0.pt
densenet121,pretrained,gs20,raw,blind,0,0.5430894308943089,0.26785714285714285,0.5,1.0,0.0,0.9995725575527409,0.9995245018086344,0.0004275487934131196,7.840502738668095,99.95725575527412,0.047549819136554095,221,56,12000,7130,5e-05,0.0001,7,50,,,,1337,2026-01-17 05:42:41,/home/jupyter/notebooks/jan26-LearningT/re-id-new/models2/utility/densenet121/pretrained/gs20/fold_0.pt
resnet18,pretrained,gs30,gs30,adaptive,0,0.8097560975609757,0.75,0.7235772357723578,0.6666666666666666,0.7804878048780488,0.8235939705947748,0.7381000412037395,0.20880291694944111,1.5255392925723383,82.35939705947752,26.189995879626057,221,56,12000,7130,5e-05,0.0001,7,50,5,0.8097560975609757,0.8468719263161931,1337,2026-01-17 05:53:38,/home/jupyter/notebooks/jan26-LearningT/re-id-new/models2/utility/resnet18/pretrained/gs30/fold_0.pt
resnet18,pretrained,gs30,raw,blind,0,0.5024390243902439,0.26785714285714285,0.5,1.0,0.0,0.8344539548013372,0.8335206215068359,0.18262443673670734,1.853136068096744,83.44539548013373,16.64793784931642,221,56,12000,7130,5e-05,0.0001,7,50,,,,1337,2026-01-17 05:53:42,/home/jupyter/notebooks/jan26-LearningT/re-id-new/models2/utility/resnet18/pretrained/gs30/fold_0.pt
densenet121,pretrained,gs30,gs30,adaptive,0,0.7967479674796748,0.75,0.7658536585365854,0.8,0.7317073170731707,0.7649150386809834,0.6929956200103792,0.2876743535365024,1.2750680288035985,76.49150386809833,30.70043799896208,221,56,12000,7130,5e-05,0.0001,7,50,1,0.7967479674796748,0.6215290549610343,1337,2026-01-17 05:59:29,/home/jupyter/notebooks/jan26-LearningT/re-id-new/models2/utility/densenet121/pretrained/gs30/fold_0.pt
densenet121,pretrained,gs30,raw,blind,0,0.5528455284552846,0.4642857142857143,0.5707317073170732,0.8,0.34146341463414637,0.5602399212153393,0.5882760834589761,0.584536328313824,0.8931878191039452,56.02399212153393,41.17239165410239,221,56,12000,7130,5e-05,0.0001,7,50,,,,1337,2026-01-17 05:59:41,/home/jupyter/notebooks/jan26-LearningT/re-id-new/models2/utility/densenet121/pretrained/gs30/fold_0.pt
resnet18,pretrained,gs40,gs40,adaptive,0,0.8,0.7321428571428571,0.7113821138211383,0.6666666666666666,0.7560975609756098,0.8040415120835362,0.6940416220634406,0.2330174263311546,1.3753970694570987,80.40415120835362,30.595837793655953,221,56,12000,7130,5e-05,0.0001,7,50,6,0.8,0.8207680114677974,1337,2026-01-17 06:10:43,/home/jupyter/notebooks/jan26-LearningT/re-id-new/models2/utility/resnet18/pretrained/gs40/fold_0.pt
resnet18,pretrained,gs40,raw,blind,0,0.41463414634146345,0.5178571428571429,0.3959349593495935,0.13333333333333333,0.6585365853658537,0.6526728568686339,0.6037502045584053,0.4374229933406188,0.9661563227179502,65.26728568686339,39.62497954415947,221,56,12000,7130,5e-05,0.0001,7,50,,,,1337,2026-01-17 06:10:47,/home/jupyter/notebooks/jan26-LearningT/re-id-new/models2/utility/resnet18/pretrained/gs40/fold_0.pt
densenet121,pretrained,gs40,gs40,adaptive,0,0.8016260162601626,0.7678571428571429,0.7146341463414634,0.6,0.8292682926829268,0.8018969861482773,0.695220435391788,0.23558712095723702,1.2955792469217577,80.18969861482775,30.477956460821204,221,56,12000,7130,5e-05,0.0001,7,50,7,0.8016260162601626,0.7201828775661332,1337,2026-01-17 06:20:46,/home/jupyter/notebooks/jan26-LearningT/re-id-new/models2/utility/densenet121/pretrained/gs40/fold_0.pt
densenet121,pretrained,gs40,raw,blind,0,0.3495934959349593,0.7321428571428571,0.5,0.0,1.0,0.9910331126340569,0.9930110868702087,0.00901596068787928,5.118643557012194,99.10331126340569,0.6988913129791275,221,56,12000,7130,5e-05,0.0001,7,50,,,,1337,2026-01-17 06:20:58,/home/jupyter/notebooks/jan26-LearningT/re-id-new/models2/utility/densenet121/pretrained/gs40/fold_0.pt
resnet18,pretrained,gs50,gs50,adaptive,0,0.8227642276422764,0.8035714285714286,0.7601626016260162,0.6666666666666666,0.8536585365853658,0.7901418980404887,0.7122117482969685,0.2531410356057744,1.3898873575874144,79.01418980404888,28.778825170303154,221,56,12000,7130,5e-05,0.0001,7,50,5,0.8227642276422764,0.7121737056544849,1337,2026-01-17 06:31:50,/home/jupyter/notebooks/jan26-LearningT/re-id-new/models2/utility/resnet18/pretrained/gs50/fold_0.pt
resnet18,pretrained,gs50,raw,blind,0,0.4178861788617886,0.3392857142857143,0.4219512195121951,0.6,0.24390243902439024,0.588716491485509,0.5965698337124483,0.5340523158616325,0.9250865605134908,58.8716491485509,40.34301662875517,221,56,12000,7130,5e-05,0.0001,7,50,,,,1337,2026-01-17 06:31:54,/home/jupyter/notebooks/jan26-LearningT/re-id-new/models2/utility/resnet18/pretrained/gs50/fold_0.pt
densenet121,pretrained,gs50,gs50,adaptive,0,0.8178861788617886,0.75,0.6813008130081301,0.5333333333333333,0.8292682926829268,0.7915262199451415,0.6652405734196128,0.2466176116620946,1.1818768673609934,79.15262199451415,33.475942658038726,221,56,12000,7130,5e-05,0.0001,7,50,14,0.8178861788617886,0.7237425781786442,1337,2026-01-17 06:46:45,/home/jupyter/notebooks/jan26-LearningT/re-id-new/models2/utility/densenet121/pretrained/gs50/fold_0.pt
densenet121,pretrained,gs50,raw,blind,0,0.5,0.26785714285714285,0.5,1.0,0.0,0.999999999999,0.999999999999,9.99977878280379e-13,27.631021115928544,99.99999999989998,1.000000000000001e-10,221,56,12000,7130,5e-05,0.0001,7,50,,,,1337,2026-01-17 06:46:57,/home/jupyter/notebooks/jan26-LearningT/re-id-new/models2/utility/densenet121/pretrained/gs50/fold_0.pt
resnet18,pretrained,raw,raw,adaptive,1,0.8658318425760286,0.75,0.8103756708407872,0.9230769230769231,0.6976744186046512,0.7963613781326321,0.7949424544703385,0.24412939821404891,1.7964683217560489,79.6361378132632,20.50575455296613,221,56,12000,7626,5e-05,0.0001,7,50,1,0.8658318425760286,0.8128256789098184,1337,2026-01-17 06:49:39,/home/jupyter/notebooks/jan26-LearningT/re-id-new/models2/utility/resnet18/pretrained/raw/fold_1.pt
densenet121,pretrained,raw,raw,adaptive,1,0.8354203935599284,0.7321428571428571,0.6377459749552773,0.46153846153846156,0.813953488372093,0.8552944235003697,0.6803755295052323,0.16322446378540262,1.2124672538261305,85.52944235003694,31.962447049476772,221,56,12000,7626,5e-05,0.0001,7,50,10,0.8354203935599284,0.5534599517782529,1337,2026-01-17 07:02:55,/home/jupyter/notebooks/jan26-LearningT/re-id-new/models2/utility/densenet121/pretrained/raw/fold_1.pt
resnet18,pretrained,gs0,gs0,adaptive,1,0.8676207513416816,0.7678571428571429,0.6610017889087656,0.46153846153846156,0.8604651162790697,0.8445115519247839,0.6172412858360791,0.18285364004224147,1.0158986804695507,84.4511551924784,38.275871416392086,221,56,12000,7626,5e-05,0.0001,7,50,10,0.8676207513416816,0.42825327118237816,1337,2026-01-17 07:15:11,/home/jupyter/notebooks/jan26-LearningT/re-id-new/models2/utility/resnet18/pretrained/gs0/fold_1.pt
resnet18,pretrained,gs0,raw,blind,1,0.7567084078711985,0.75,0.5152057245080501,0.07692307692307693,0.9534883720930233,0.7561721740535156,0.66874486663323,0.2871053627724155,1.131702336622077,75.61721740535155,33.125513336677024,221,56,12000,7626,5e-05,0.0001,7,50,,,,1337,2026-01-17 07:15:15,/home/jupyter/notebooks/jan26-LearningT/re-id-new/models2/utility/resnet18/pretrained/gs0/fold_1.pt
densenet121,pretrained,gs0,gs0,adaptive,1,0.8318425760286225,0.7678571428571429,0.7415026833631484,0.6923076923076923,0.7906976744186046,0.829902273342807,0.708594509302211,0.20223317173547714,1.3212255967374429,82.99022733428069,29.140549069778906,221,56,12000,7626,5e-05,0.0001,7,50,1,0.8318425760286225,0.5201449672381083,1337,2026-01-17 07:21:09,/home/jupyter/notebooks/jan26-LearningT/re-id-new/models2/utility/densenet121/pretrained/gs0/fold_1.pt
densenet121,pretrained,gs0,raw,blind,1,0.5992844364937389,0.7857142857142857,0.5384615384615384,0.07692307692307693,1.0,0.7000225286761013,0.680460853672396,0.363389903025746,1.1705250366111652,70.00225286761012,31.953914632760387,221,56,12000,7626,5e-05,0.0001,7,50,,,,1337,2026-01-17 07:21:22,/home/jupyter/notebooks/jan26-LearningT/re-id-new/models2/utility/densenet121/pretrained/gs0/fold_1.pt
resnet18,pretrained,gs10,gs10,adaptive,1,0.8711985688729875,0.75,0.7298747763864043,0.6923076923076923,0.7674418604651163,0.845955525262069,0.6335477923348325,0.17949647193331209,1.0520662672532506,84.5955525262069,36.645220766516736,221,56,12000,7626,5e-05,0.0001,7,50,2,0.8711985688729875,0.5357587039470673,1337,2026-01-17 07:33:32,/home/jupyter/notebooks/jan26-LearningT/re-id-new/models2/utility/resnet18/pretrained/gs10/fold_1.pt
resnet18,pretrained,gs10,raw,blind,1,0.6583184257602863,0.23214285714285715,0.5,1.0,0.0,0.8924184424003064,0.8501737341508325,0.11475827651908636,2.074078824928077,89.24184424003063,14.98262658491675,221,56,12000,7626,5e-05,0.0001,7,50,,,,1337,2026-01-17 07:33:37,/home/jupyter/notebooks/jan26-LearningT/re-id-new/models2/utility/resnet18/pretrained/gs10/fold_1.pt
densenet121,pretrained,gs10,gs10,adaptive,1,0.8694096601073346,0.7857142857142857,0.7262969588550985,0.6153846153846154,0.8372093023255814,0.8267515034802081,0.6521061666232223,0.20358386339047457,1.1215830268741063,82.67515034802081,34.78938333767777,221,56,12000,7626,5e-05,0.0001,7,50,8,0.8694096601073346,0.5617404182751974,1337,2026-01-17 07:44:30,/home/jupyter/notebooks/jan26-LearningT/re-id-new/models2/utility/densenet121/pretrained/gs10/fold_1.pt
densenet121,pretrained,gs10,raw,blind,1,0.5241502683363148,0.7678571428571429,0.5,0.0,1.0,0.9095656282697447,0.914104800860839,0.09648789769615979,2.5268506274643125,90.95656282697446,8.589519913916108,221,56,12000,7626,5e-05,0.0001,7,50,,,,1337,2026-01-17 07:44:43,/home/jupyter/notebooks/jan26-LearningT/re-id-new/models2/utility/densenet121/pretrained/gs10/fold_1.pt
resnet18,pretrained,gs20,gs20,adaptive,1,0.8747763864042934,0.8035714285714286,0.7379248658318426,0.6153846153846154,0.8604651162790697,0.8266445793897885,0.6595565064450388,0.2080086484903013,1.1280377849649352,82.66445793897886,34.04434935549613,221,56,12000,7626,5e-05,0.0001,7,50,5,0.8747763864042934,0.560388594865799,1337,2026-01-17 07:55:55,/home/jupyter/notebooks/jan26-LearningT/re-id-new/models2/utility/resnet18/pretrained/gs20/fold_1.pt
resnet18,pretrained,gs20,raw,blind,1,0.7638640429338104,0.23214285714285715,0.5,1.0,0.0,0.968434927370353,0.9338677045340745,0.032546108730081166,2.9934670138790014,96.8434927370353,6.613229546592547,221,56,12000,7626,5e-05,0.0001,7,50,,,,1337,2026-01-17 07:56:00,/home/jupyter/notebooks/jan26-LearningT/re-id-new/models2/utility/resnet18/pretrained/gs20/fold_1.pt
densenet121,pretrained,gs20,gs20,adaptive,1,0.853309481216458,0.7678571428571429,0.6878354203935599,0.5384615384615384,0.8372093023255814,0.8297879369685482,0.6490074096446297,0.20191099812808988,1.1070423812624735,82.97879369685482,35.09925903553703,221,56,12000,7626,5e-05,0.0001,7,50,9,0.853309481216458,0.5727338333924611,1337,2026-01-17 08:07:34,/home/jupyter/notebooks/jan26-LearningT/re-id-new/models2/utility/densenet121/pretrained/gs20/fold_1.pt
densenet121,pretrained,gs20,raw,blind,1,0.5635062611806798,0.23214285714285715,0.5,1.0,0.0,0.9993795211202751,0.9991849503962211,0.0006207249313621584,7.344702850377368,99.93795211202749,0.08150496037789164,221,56,12000,7626,5e-05,0.0001,7,50,,,,1337,2026-01-17 08:07:47,/home/jupyter/notebooks/jan26-LearningT/re-id-new/models2/utility/densenet121/pretrained/gs20/fold_1.pt
resnet18,pretrained,gs30,gs30,adaptive,1,0.8801431127012522,0.7857142857142857,0.6994633273703041,0.5384615384615384,0.8604651162790697,0.8158534885896781,0.616949149965739,0.21925265883273415,0.977358721918521,81.58534885896779,38.30508500342608,221,56,12000,7626,5e-05,0.0001,7,50,2,0.8801431127012522,0.534927515188853,1337,2026-01-17 08:18:21,/home/jupyter/notebooks/jan26-LearningT/re-id-new/models2/utility/resnet18/pretrained/gs30/fold_1.pt
resnet18,pretrained,gs30,raw,blind,1,0.6547406082289803,0.35714285714285715,0.5545617173524151,0.9230769230769231,0.18604651162790697,0.6683863259942061,0.6800357521452641,0.41835683236803234,1.195444623831989,66.8386325994206,31.99642478547359,221,56,12000,7626,5e-05,0.0001,7,50,,,,1337,2026-01-17 08:18:25,/home/jupyter/notebooks/jan26-LearningT/re-id-new/models2/utility/resnet18/pretrained/gs30/fold_1.pt
densenet121,pretrained,gs30,gs30,adaptive,1,0.849731663685152,0.8035714285714286,0.8452593917710197,0.9230769230769231,0.7674418604651163,0.786049267125347,0.7072033281451708,0.2556185252111986,1.3045259367807396,78.6049267125347,29.27966718548291,221,56,12000,7626,5e-05,0.0001,7,50,2,0.849731663685152,0.540597407023112,1337,2026-01-17 08:25:03,/home/jupyter/notebooks/jan26-LearningT/re-id-new/models2/utility/densenet121/pretrained/gs30/fold_1.pt
densenet121,pretrained,gs30,raw,blind,1,0.29695885509839,0.7678571428571429,0.5,0.0,1.0,0.9896179403458778,0.993570947870963,0.010454713698636564,5.143212670262861,98.96179403458777,0.6429052129036877,221,56,12000,7626,5e-05,0.0001,7,50,,,,1337,2026-01-17 08:25:15,/home/jupyter/notebooks/jan26-LearningT/re-id-new/models2/utility/densenet121/pretrained/gs30/fold_1.pt
resnet18,pretrained,gs40,gs40,adaptive,1,0.8765652951699463,0.8035714285714286,0.7915921288014311,0.7692307692307693,0.813953488372093,0.78399154871706,0.6557650015014497,0.26062982931650625,1.1308132767699495,78.39915487170599,34.423499849855034,221,56,12000,7626,5e-05,0.0001,7,50,2,0.8765652951699463,0.5712782209118207,1337,2026-01-17 08:35:48,/home/jupyter/notebooks/jan26-LearningT/re-id-new/models2/utility/resnet18/pretrained/gs40/fold_1.pt
resnet18,pretrained,gs40,raw,blind,1,0.7280858676207513,0.23214285714285715,0.5,1.0,0.0,0.9815284825362286,0.9765475696885725,0.018685724415384155,3.8094019771511167,98.1528482536228,2.345243031142742,221,56,12000,7626,5e-05,0.0001,7,50,,,,1337,2026-01-17 08:35:53,/home/jupyter/notebooks/jan26-LearningT/re-id-new/models2/utility/resnet18/pretrained/gs40/fold_1.pt
densenet121,pretrained,gs40,gs40,adaptive,1,0.8622540250447227,0.7857142857142857,0.6189624329159213,0.3076923076923077,0.9302325581395349,0.809034139945163,0.64724241170196,0.22602139659164822,1.0718591689127133,80.9034139945163,35.275758829804,221,56,12000,7626,5e-05,0.0001,7,50,8,0.8622540250447227,0.5597712203860283,1337,2026-01-17 08:46:43,/home/jupyter/notebooks/jan26-LearningT/re-id-new/models2/utility/densenet121/pretrained/gs40/fold_1.pt
densenet121,pretrained,gs40,raw,blind,1,0.6636851520572451,0.7678571428571429,0.5,0.0,1.0,0.9952566781060775,0.9945752131723782,0.0047576352695605185,5.258018460923732,99.52566781060777,0.5424786827621737,221,56,12000,7626,5e-05,0.0001,7,50,,,,1337,2026-01-17 08:46:56,/home/jupyter/notebooks/jan26-LearningT/re-id-new/models2/utility/densenet121/pretrained/gs40/fold_1.pt
resnet18,pretrained,gs50,gs50,adaptive,1,0.8711985688729874,0.7857142857142857,0.6457960644007156,0.38461538461538464,0.9069767441860465,0.8321699827667639,0.6337884509070996,0.1988177696855094,1.0532769482893598,83.2169982766764,36.621154909290034,221,56,12000,7626,5e-05,0.0001,7,50,3,0.8711985688729874,0.551800386607647,1337,2026-01-17 08:57:41,/home/jupyter/notebooks/jan26-LearningT/re-id-new/models2/utility/resnet18/pretrained/gs50/fold_1.pt
resnet18,pretrained,gs50,raw,blind,1,0.4919499105545617,0.3392857142857143,0.5161001788908766,0.8461538461538461,0.18604651162790697,0.5878834574107539,0.6335637191203888,0.5385971250133328,1.0316295944236145,58.788345741075375,36.64362808796114,221,56,12000,7626,5e-05,0.0001,7,50,,,,1337,2026-01-17 08:57:45,/home/jupyter/notebooks/jan26-LearningT/re-id-new/models2/utility/resnet18/pretrained/gs50/fold_1.pt
densenet121,pretrained,gs50,gs50,adaptive,1,0.8694096601073344,0.8035714285714286,0.8184257602862254,0.8461538461538461,0.7906976744186046,0.6960641397936941,0.5996192350595796,0.37583341057957564,0.9456376009882255,69.6064139793694,40.03807649404203,221,56,12000,7626,5e-05,0.0001,7,50,1,0.8694096601073344,0.5270854915181796,1337,2026-01-17 09:03:38,/home/jupyter/notebooks/jan26-LearningT/re-id-new/models2/utility/densenet121/pretrained/gs50/fold_1.pt
densenet121,pretrained,gs50,raw,blind,1,0.5438282647584973,0.26785714285714285,0.5232558139534884,1.0,0.046511627906976744,0.7342740305569222,0.7471375853749451,0.32049752795609904,1.4839749270728038,73.42740305569222,25.286241462505487,221,56,12000,7626,5e-05,0.0001,7,50,,,,1337,2026-01-17 09:03:51,/home/jupyter/notebooks/jan26-LearningT/re-id-new/models2/utility/densenet121/pretrained/gs50/fold_1.pt
resnet18,pretrained,raw,raw,adaptive,2,0.9131313131313132,0.875,0.8878787878787879,0.9090909090909091,0.8666666666666667,0.8350830106206588,0.7639443118020767,0.19435422956429527,2.6815175978032255,83.50830106206587,23.605568819792335,222,56,12000,7347,5e-05,0.0001,7,50,3,0.9131313131313132,0.6363057052267009,1337,2026-01-17 09:06:59,/home/jupyter/notebooks/jan26-LearningT/re-id-new/models2/utility/resnet18/pretrained/raw/fold_2.pt
densenet121,pretrained,raw,raw,adaptive,2,0.9030303030303031,0.8571428571428571,0.7737373737373737,0.6363636363636364,0.9111111111111111,0.8202580916199801,0.7026797770322251,0.21483584272808662,1.4793339008465698,82.02580916199803,29.732022296777497,222,56,12000,7347,5e-05,0.0001,7,50,1,0.9030303030303031,0.43874333182285574,1337,2026-01-17 09:12:48,/home/jupyter/notebooks/jan26-LearningT/re-id-new/models2/utility/densenet121/pretrained/raw/fold_2.pt
resnet18,pretrained,gs0,gs0,adaptive,2,0.8929292929292929,0.8214285714285714,0.7171717171717171,0.5454545454545454,0.8888888888888888,0.8499655600577547,0.7174158573791545,0.17182927720550314,1.6551974064482882,84.99655600577549,28.25841426208455,222,56,12000,7347,5e-05,0.0001,7,50,8,0.8929292929292929,0.5280536783152613,1337,2026-01-17 09:24:25,/home/jupyter/notebooks/jan26-LearningT/re-id-new/models2/utility/resnet18/pretrained/gs0/fold_2.pt
resnet18,pretrained,gs0,raw,blind,2,0.7131313131313131,0.19642857142857142,0.5,1.0,0.0,0.8139889013615754,0.738207141690517,0.2086410169188028,1.405379888218922,81.39889013615753,26.179285830948306,222,56,12000,7347,5e-05,0.0001,7,50,,,,1337,2026-01-17 09:24:30,/home/jupyter/notebooks/jan26-LearningT/re-id-new/models2/utility/resnet18/pretrained/gs0/fold_2.pt
densenet121,pretrained,gs0,gs0,adaptive,2,0.8848484848484849,0.8571428571428571,0.8424242424242425,0.8181818181818182,0.8666666666666667,0.8202751610681202,0.7043868952633573,0.21978284553240704,1.3902812299654963,82.02751610681202,29.56131047366427,222,56,12000,7347,5e-05,0.0001,7,50,1,0.8848484848484849,0.430192946360029,1337,2026-01-17 09:30:19,/home/jupyter/notebooks/jan26-LearningT/re-id-new/models2/utility/densenet121/pretrained/gs0/fold_2.pt
densenet121,pretrained,gs0,raw,blind,2,0.6888888888888889,0.8035714285714286,0.5,0.0,1.0,0.9811548424927791,0.9770618107785286,0.01906472155205558,3.8207640014637505,98.11548424927796,2.293818922147141,222,56,12000,7347,5e-05,0.0001,7,50,,,,1337,2026-01-17 09:30:31,/home/jupyter/notebooks/jan26-LearningT/re-id-new/models2/utility/densenet121/pretrained/gs0/fold_2.pt
resnet18,pretrained,gs10,gs10,adaptive,2,0.8888888888888888,0.75,0.8444444444444444,1.0,0.6888888888888889,0.801456713494569,0.7263741790876365,0.238363678143141,1.4637605587343525,80.14567134945689,27.362582091236355,222,56,12000,7347,5e-05,0.0001,7,50,1,0.8888888888888888,0.6856874291752947,1337,2026-01-17 09:40:43,/home/jupyter/notebooks/jan26-LearningT/re-id-new/models2/utility/resnet18/pretrained/gs10/fold_2.pt
resnet18,pretrained,gs10,raw,blind,2,0.6363636363636364,0.32142857142857145,0.5090909090909091,0.8181818181818182,0.2,0.6712094569064704,0.6943172252050221,0.4166895372354274,1.2584257982722309,67.12094569064703,30.568277479497784,222,56,12000,7347,5e-05,0.0001,7,50,,,,1337,2026-01-17 09:40:47,/home/jupyter/notebooks/jan26-LearningT/re-id-new/models2/utility/resnet18/pretrained/gs10/fold_2.pt
densenet121,pretrained,gs10,gs10,adaptive,2,0.907070707070707,0.8571428571428571,0.8767676767676768,0.9090909090909091,0.8444444444444444,0.8096325120049827,0.681645550793888,0.2308264264625559,1.2665843807967323,80.96325120049828,31.8354449206112,222,56,12000,7347,5e-05,0.0001,7,50,2,0.907070707070707,0.4580236442130187,1337,2026-01-17 09:47:19,/home/jupyter/notebooks/jan26-LearningT/re-id-new/models2/utility/densenet121/pretrained/gs10/fold_2.pt
densenet121,pretrained,gs10,raw,blind,2,0.41414141414141414,0.8035714285714286,0.5,0.0,1.0,0.9839239226490656,0.9858162760214743,0.016322051767188556,4.791120488509172,98.39239226490655,1.4183723978525675,222,56,12000,7347,5e-05,0.0001,7,50,,,,1337,2026-01-17 09:47:32,/home/jupyter/notebooks/jan26-LearningT/re-id-new/models2/utility/densenet121/pretrained/gs10/fold_2.pt
resnet18,pretrained,gs20,gs20,adaptive,2,0.8808080808080808,0.8392857142857143,0.7626262626262625,0.6363636363636364,0.8888888888888888,0.8420129572521268,0.6896803094832986,0.18435492176131546,1.4422565819552495,84.20129572521272,31.031969051670142,222,56,12000,7347,5e-05,0.0001,7,50,12,0.8808080808080808,0.48900499323318747,1337,2026-01-17 10:00:00,/home/jupyter/notebooks/jan26-LearningT/re-id-new/models2/utility/resnet18/pretrained/gs20/fold_2.pt
resnet18,pretrained,gs20,raw,blind,2,0.4868686868686869,0.8035714285714286,0.5,0.0,1.0,0.6675570807630016,0.6743638949397721,0.4069729822511858,1.1282891111167241,66.75570807630017,32.563610506022776,222,56,12000,7347,5e-05,0.0001,7,50,,,,1337,2026-01-17 10:00:04,/home/jupyter/notebooks/jan26-LearningT/re-id-new/models2/utility/resnet18/pretrained/gs20/fold_2.pt
densenet121,pretrained,gs20,gs20,adaptive,2,0.8909090909090909,0.8571428571428571,0.8424242424242425,0.8181818181818182,0.8666666666666667,0.7980221755840319,0.6994080230238802,0.24614277815989685,1.3536779241179921,79.80221755840319,30.059197697611978,222,56,12000,7347,5e-05,0.0001,7,50,3,0.8909090909090909,0.5184504009526352,1337,2026-01-17 10:07:18,/home/jupyter/notebooks/jan26-LearningT/re-id-new/models2/utility/densenet121/pretrained/gs20/fold_2.pt
densenet121,pretrained,gs20,raw,blind,2,0.5515151515151515,0.19642857142857142,0.5,1.0,0.0,0.993728110561273,0.9932874104580001,0.006319050156030025,5.357111424741886,99.37281105612729,0.6712589541999808,222,56,12000,7347,5e-05,0.0001,7,50,,,,1337,2026-01-17 10:07:30,/home/jupyter/notebooks/jan26-LearningT/re-id-new/models2/utility/densenet121/pretrained/gs20/fold_2.pt
resnet18,pretrained,gs30,gs30,adaptive,2,0.8686868686868687,0.7857142857142857,0.7292929292929293,0.6363636363636364,0.8222222222222222,0.8484809594526986,0.6461701866921502,0.1764129441319828,1.1188343151106284,84.84809594526989,35.38298133078498,222,56,12000,7347,5e-05,0.0001,7,50,2,0.8686868686868687,0.4960027419287583,1337,2026-01-17 10:17:55,/home/jupyter/notebooks/jan26-LearningT/re-id-new/models2/utility/resnet18/pretrained/gs30/fold_2.pt
resnet18,pretrained,gs30,raw,blind,2,0.5414141414141413,0.21428571428571427,0.5111111111111111,1.0,0.022222222222222223,0.8065655801752346,0.7954464479434218,0.22499085845546576,1.7737273259908348,80.65655801752348,20.455355205657806,222,56,12000,7347,5e-05,0.0001,7,50,,,,1337,2026-01-17 10:17:59,/home/jupyter/notebooks/jan26-LearningT/re-id-new/models2/utility/resnet18/pretrained/gs30/fold_2.pt
densenet121,pretrained,gs30,gs30,adaptive,2,0.8787878787878788,0.8214285714285714,0.8545454545454545,0.9090909090909091,0.8,0.7876417387226837,0.6934529784792705,0.25835032444403966,1.2777581866116154,78.76417387226837,30.654702152072964,222,56,12000,7347,5e-05,0.0001,7,50,2,0.8787878787878788,0.5079877273789768,1337,2026-01-17 10:24:30,/home/jupyter/notebooks/jan26-LearningT/re-id-new/models2/utility/densenet121/pretrained/gs30/fold_2.pt
densenet121,pretrained,gs30,raw,blind,2,0.5292929292929294,0.5714285714285714,0.4585858585858586,0.2727272727272727,0.6444444444444445,0.6518553749172165,0.604582071675682,0.4364115343976191,0.9454946297823451,65.18553749172165,39.5417928324318,222,56,12000,7347,5e-05,0.0001,7,50,,,,1337,2026-01-17 10:24:43,/home/jupyter/notebooks/jan26-LearningT/re-id-new/models2/utility/densenet121/pretrained/gs30/fold_2.pt
resnet18,pretrained,gs40,gs40,adaptive,2,0.8686868686868686,0.8214285714285714,0.7515151515151515,0.6363636363636364,0.8666666666666667,0.841942821682199,0.6701602406386706,0.1853508499569101,1.271591714823541,84.1942821682199,32.98397593613293,222,56,12000,7347,5e-05,0.0001,7,50,6,0.8686868686868686,0.5334724776189903,1337,2026-01-17 10:35:58,/home/jupyter/notebooks/jan26-LearningT/re-id-new/models2/utility/resnet18/pretrained/gs40/fold_2.pt
resnet18,pretrained,gs40,raw,blind,2,0.3858585858585859,0.8035714285714286,0.5,0.0,1.0,0.6068178737849851,0.6219804922550305,0.5014927794791955,0.9754117707180735,60.681787378498505,37.80195077449695,222,56,12000,7347,5e-05,0.0001,7,50,,,,1337,2026-01-17 10:36:03,/home/jupyter/notebooks/jan26-LearningT/re-id-new/models2/utility/resnet18/pretrained/gs40/fold_2.pt
densenet121,pretrained,gs40,gs40,adaptive,2,0.8767676767676768,0.8571428571428571,0.7737373737373737,0.6363636363636364,0.9111111111111111,0.8022434728400087,0.6790668336254913,0.23894842915672662,1.2591077280443754,80.22434728400088,32.09331663745087,222,56,12000,7347,5e-05,0.0001,7,50,4,0.8767676767676768,0.5109095110975462,1337,2026-01-17 10:43:59,/home/jupyter/notebooks/jan26-LearningT/re-id-new/models2/utility/densenet121/pretrained/gs40/fold_2.pt
densenet121,pretrained,gs40,raw,blind,2,0.3090909090909091,0.8035714285714286,0.5,0.0,1.0,0.999999999214626,0.9999999997479317,7.853738358474657e-10,22.579389735249674,99.99999992146259,2.5206814875546494e-08,222,56,12000,7347,5e-05,0.0001,7,50,,,,1337,2026-01-17 10:44:11,/home/jupyter/notebooks/jan26-LearningT/re-id-new/models2/utility/densenet121/pretrained/gs40/fold_2.pt
resnet18,pretrained,gs50,gs50,adaptive,2,0.8646464646464646,0.8392857142857143,0.7626262626262625,0.6363636363636364,0.8888888888888888,0.8147395673309401,0.7154028877850149,0.22149526116166696,1.4044180268673934,81.473956733094,28.459711221498498,222,56,12000,7347,5e-05,0.0001,7,50,8,0.8646464646464646,0.5713413455362978,1337,2026-01-17 10:55:51,/home/jupyter/notebooks/jan26-LearningT/re-id-new/models2/utility/resnet18/pretrained/gs50/fold_2.pt
resnet18,pretrained,gs50,raw,blind,2,0.406060606060606,0.19642857142857142,0.5,1.0,0.0,0.6813588134820626,0.7005653826548777,0.3854565278562924,1.2285466728499033,68.13588134820627,29.943461734512226,222,56,12000,7347,5e-05,0.0001,7,50,,,,1337,2026-01-17 10:55:56,/home/jupyter/notebooks/jan26-LearningT/re-id-new/models2/utility/resnet18/pretrained/gs50/fold_2.pt
densenet121,pretrained,gs50,gs50,adaptive,2,0.8666666666666667,0.7678571428571429,0.7868686868686869,0.8181818181818182,0.7555555555555555,0.775054410886527,0.6443873917527198,0.272402426615552,1.1279988288964817,77.50544108865272,35.56126082472802,222,56,12000,7347,5e-05,0.0001,7,50,2,0.8666666666666667,0.5435087948009886,1337,2026-01-17 11:02:27,/home/jupyter/notebooks/jan26-LearningT/re-id-new/models2/utility/densenet121/pretrained/gs50/fold_2.pt
densenet121,pretrained,gs50,raw,blind,2,0.5232323232323233,0.8035714285714286,0.5,0.0,1.0,0.9721967314149526,0.9737210674207969,0.02830926539814387,3.674105468881953,97.21967314149525,2.6278932579203103,222,56,12000,7347,5e-05,0.0001,7,50,,,,1337,2026-01-17 11:02:39,/home/jupyter/notebooks/jan26-LearningT/re-id-new/models2/utility/densenet121/pretrained/gs50/fold_2.pt
resnet18,pretrained,raw,raw,adaptive,3,0.930232558139535,0.75,0.8372093023255813,1.0,0.6744186046511628,0.8914203869184459,0.8022529331705434,0.12467048644938289,1.8166003958610926,89.14203869184459,19.77470668294566,222,56,12000,7347,5e-05,0.0001,7,50,1,0.930232558139535,0.737542267246493,1337,2026-01-17 11:05:35,/home/jupyter/notebooks/jan26-LearningT/re-id-new/models2/utility/resnet18/pretrained/raw/fold_3.pt
densenet121,pretrained,raw,raw,adaptive,3,0.9266547406082289,0.8928571428571429,0.8497316636851521,0.7692307692307693,0.9302325581395349,0.8341460660329402,0.7067222661408846,0.19877222443196083,1.2963777054649903,83.41460660329403,29.327773385911538,222,56,12000,7347,5e-05,0.0001,7,50,2,0.9266547406082289,0.4095202150015995,1337,2026-01-17 11:12:07,/home/jupyter/notebooks/jan26-LearningT/re-id-new/models2/utility/densenet121/pretrained/raw/fold_3.pt
resnet18,pretrained,gs0,gs0,adaptive,3,0.9141323792486583,0.8035714285714286,0.8184257602862254,0.8461538461538461,0.7906976744186046,0.834521536037352,0.66094748130583,0.1953681145280493,1.126679050397913,83.4521536037352,33.90525186941699,222,56,12000,7347,5e-05,0.0001,7,50,2,0.9141323792486583,0.5067091409502358,1337,2026-01-17 11:22:32,/home/jupyter/notebooks/jan26-LearningT/re-id-new/models2/utility/resnet18/pretrained/gs0/fold_3.pt
resnet18,pretrained,gs0,raw,blind,3,0.6887298747763865,0.75,0.5957066189624329,0.3076923076923077,0.8837209302325582,0.6761510519733933,0.6149109490255119,0.4031649843640766,0.9816855920205397,67.61510519733932,38.508905097448796,222,56,12000,7347,5e-05,0.0001,7,50,,,,1337,2026-01-17 11:22:36,/home/jupyter/notebooks/jan26-LearningT/re-id-new/models2/utility/resnet18/pretrained/gs0/fold_3.pt
densenet121,pretrained,gs0,gs0,adaptive,3,0.9302325581395349,0.8392857142857143,0.8148479427549196,0.7692307692307693,0.8604651162790697,0.827399317886053,0.6293124942789956,0.20281408092834782,1.0128323189436412,82.73993178860532,37.068750572100434,222,56,12000,7347,5e-05,0.0001,7,50,11,0.9302325581395349,0.4602193087339401,1337,2026-01-17 11:35:26,/home/jupyter/notebooks/jan26-LearningT/re-id-new/models2/utility/densenet121/pretrained/gs0/fold_3.pt
densenet121,pretrained,gs0,raw,blind,3,0.8246869409660107,0.7678571428571429,0.5,0.0,1.0,0.8514499504577483,0.797604860557664,0.1613671862136175,1.6274176238833642,85.14499504577483,20.239513944233618,222,56,12000,7347,5e-05,0.0001,7,50,,,,1337,2026-01-17 11:35:39,/home/jupyter/notebooks/jan26-LearningT/re-id-new/models2/utility/densenet121/pretrained/gs0/fold_3.pt
resnet18,pretrained,gs10,gs10,adaptive,3,0.9320214669051878,0.8571428571428571,0.7996422182468694,0.6923076923076923,0.9069767441860465,0.8355815791865848,0.612480980595724,0.19295111802977036,0.9720967037361689,83.55815791865848,38.7519019404276,222,56,12000,7347,5e-05,0.0001,7,50,6,0.9320214669051878,0.4428486299925837,1337,2026-01-17 11:46:50,/home/jupyter/notebooks/jan26-LearningT/re-id-new/models2/utility/resnet18/pretrained/gs10/fold_3.pt
resnet18,pretrained,gs10,raw,blind,3,0.7853309481216458,0.25,0.5116279069767442,1.0,0.023255813953488372,0.8071003440859084,0.7406943582515273,0.2219075228833077,1.3978841496365697,80.71003440859086,25.930564174847273,222,56,12000,7347,5e-05,0.0001,7,50,,,,1337,2026-01-17 11:46:54,/home/jupyter/notebooks/jan26-LearningT/re-id-new/models2/utility/resnet18/pretrained/gs10/fold_3.pt
densenet121,pretrained,gs10,gs10,adaptive,3,0.9499105545617174,0.875,0.8917710196779964,0.9230769230769231,0.8604651162790697,0.827950563583734,0.6125681702378056,0.20407272434725973,0.9654898391782035,82.79505635837339,38.74318297621944,222,56,12000,7347,5e-05,0.0001,7,50,6,0.9499105545617174,0.4302670482931466,1337,2026-01-17 11:56:14,/home/jupyter/notebooks/jan26-LearningT/re-id-new/models2/utility/densenet121/pretrained/gs10/fold_3.pt
densenet121,pretrained,gs10,raw,blind,3,0.7245080500894454,0.7678571428571429,0.5,0.0,1.0,0.9856623259396582,0.9791360870433637,0.014479673107077084,3.9946725027275276,98.56623259396582,2.086391295663623,222,56,12000,7347,5e-05,0.0001,7,50,,,,1337,2026-01-17 11:56:26,/home/jupyter/notebooks/jan26-LearningT/re-id-new/models2/utility/densenet121/pretrained/gs10/fold_3.pt
resnet18,pretrained,gs20,gs20,adaptive,3,0.9105545617173524,0.8571428571428571,0.7459749552772809,0.5384615384615384,0.9534883720930233,0.8111575203441795,0.659735932677073,0.2246559224110876,1.1137440976970885,81.11575203441795,34.026406732292706,222,56,12000,7347,5e-05,0.0001,7,50,16,0.9105545617173524,0.42582234509032346,1337,2026-01-17 12:09:44,/home/jupyter/notebooks/jan26-LearningT/re-id-new/models2/utility/resnet18/pretrained/gs20/fold_3.pt
resnet18,pretrained,gs20,raw,blind,3,0.5849731663685152,0.75,0.4883720930232558,0.0,0.9767441860465116,0.7116936531377585,0.6765743061505292,0.3428968151049097,1.15564908496531,71.16936531377583,32.342569384947076,222,56,12000,7347,5e-05,0.0001,7,50,,,,1337,2026-01-17 12:09:48,/home/jupyter/notebooks/jan26-LearningT/re-id-new/models2/utility/resnet18/pretrained/gs20/fold_3.pt
densenet121,pretrained,gs20,gs20,adaptive,3,0.9069767441860466,0.8035714285714286,0.7915921288014311,0.7692307692307693,0.813953488372093,0.8078894341261855,0.6406066592016649,0.2300553209576552,1.0591591633964585,80.78894341261858,35.939334079833515,222,56,12000,7347,5e-05,0.0001,7,50,5,0.9069767441860466,0.5938617124639708,1337,2026-01-17 12:18:25,/home/jupyter/notebooks/jan26-LearningT/re-id-new/models2/utility/densenet121/pretrained/gs20/fold_3.pt
densenet121,pretrained,gs20,raw,blind,3,0.7030411449016101,0.23214285714285715,0.5,1.0,0.0,0.8792067581681402,0.8238784996175518,0.12992111996289132,1.8333664215640133,87.92067581681401,17.612150038244813,222,56,12000,7347,5e-05,0.0001,7,50,,,,1337,2026-01-17 12:18:38,/home/jupyter/notebooks/jan26-LearningT/re-id-new/models2/utility/densenet121/pretrained/gs20/fold_3.pt
resnet18,pretrained,gs30,gs30,adaptive,3,0.9159212880143113,0.7678571428571429,0.7951699463327371,0.8461538461538461,0.7441860465116279,0.8163080365320998,0.6093462218840145,0.21412579005885946,0.9977900047992698,81.63080365320997,39.06537781159853,222,56,12000,7347,5e-05,0.0001,7,50,8,0.9159212880143113,0.58404357679959,1337,2026-01-17 12:30:17,/home/jupyter/notebooks/jan26-LearningT/re-id-new/models2/utility/resnet18/pretrained/gs30/fold_3.pt
resnet18,pretrained,gs30,raw,blind,3,0.3148479427549195,0.35714285714285715,0.3935599284436494,0.46153846153846156,0.32558139534883723,0.5422112258631857,0.5789792605262948,0.6136852578161485,0.8763623025378794,54.22112258631855,42.10207394737051,222,56,12000,7347,5e-05,0.0001,7,50,,,,1337,2026-01-17 12:30:21,/home/jupyter/notebooks/jan26-LearningT/re-id-new/models2/utility/resnet18/pretrained/gs30/fold_3.pt
densenet121,pretrained,gs30,gs30,adaptive,3,0.9284436493738819,0.8571428571428571,0.8533094812164579,0.8461538461538461,0.8604651162790697,0.8055947575303826,0.6088316847622814,0.23188315150082084,0.9581780853110162,80.55947575303826,39.11683152377185,222,56,12000,7347,5e-05,0.0001,7,50,17,0.9284436493738819,0.5384832415087469,1337,2026-01-17 12:47:23,/home/jupyter/notebooks/jan26-LearningT/re-id-new/models2/utility/densenet121/pretrained/gs30/fold_3.pt
densenet121,pretrained,gs30,raw,blind,3,0.40429338103756707,0.2857142857142857,0.3470483005366726,0.46153846153846156,0.23255813953488372,0.6296709756196668,0.6263712665116195,0.470426484450676,1.0118747583315777,62.96709756196667,37.36287334883806,222,56,12000,7347,5e-05,0.0001,7,50,,,,1337,2026-01-17 12:47:36,/home/jupyter/notebooks/jan26-LearningT/re-id-new/models2/utility/densenet121/pretrained/gs30/fold_3.pt
resnet18,pretrained,gs40,gs40,adaptive,3,0.8962432915921288,0.8214285714285714,0.7227191413237924,0.5384615384615384,0.9069767441860465,0.8186664235564914,0.6416123181110829,0.21545105751851787,1.2126422451402996,81.86664235564915,35.83876818889171,222,56,12000,7347,5e-05,0.0001,7,50,17,0.8962432915921288,0.5164421087708967,1337,2026-01-17 13:01:06,/home/jupyter/notebooks/jan26-LearningT/re-id-new/models2/utility/resnet18/pretrained/gs40/fold_3.pt
resnet18,pretrained,gs40,raw,blind,3,0.33273703041144903,0.23214285714285715,0.5,1.0,0.0,0.9389255301113264,0.9525281118769798,0.06396237553038966,3.291367316174795,93.89255301113263,4.747188812302005,222,56,12000,7347,5e-05,0.0001,7,50,,,,1337,2026-01-17 13:01:10,/home/jupyter/notebooks/jan26-LearningT/re-id-new/models2/utility/resnet18/pretrained/gs40/fold_3.pt
densenet121,pretrained,gs40,gs40,adaptive,3,0.9033989266547406,0.8392857142857143,0.7611806797853309,0.6153846153846154,0.9069767441860465,0.7942142049217666,0.6003670047895189,0.24939519832828558,0.9420842528803282,79.42142049217667,39.963299521048114,222,56,12000,7347,5e-05,0.0001,7,50,16,0.9033989266547406,0.5735791890785612,1337,2026-01-17 13:17:29,/home/jupyter/notebooks/jan26-LearningT/re-id-new/models2/utility/densenet121/pretrained/gs40/fold_3.pt
densenet121,pretrained,gs40,raw,blind,3,0.2182468694096601,0.21428571428571427,0.4347048300536673,0.8461538461538461,0.023255813953488372,0.5906766987736186,0.6683153627806306,0.5324151557800502,1.1424674923298168,59.06766987736186,33.16846372193692,222,56,12000,7347,5e-05,0.0001,7,50,,,,1337,2026-01-17 13:17:42,/home/jupyter/notebooks/jan26-LearningT/re-id-new/models2/utility/densenet121/pretrained/gs40/fold_3.pt
resnet18,pretrained,gs50,gs50,adaptive,3,0.8747763864042933,0.7321428571428571,0.8255813953488372,1.0,0.6511627906976745,0.7538951487359591,0.7707978285829067,0.2931452922077333,1.5769137706287046,75.38951487359593,22.92021714170934,222,56,12000,7347,5e-05,0.0001,7,50,1,0.8747763864042933,0.7786604155754221,1337,2026-01-17 13:27:51,/home/jupyter/notebooks/jan26-LearningT/re-id-new/models2/utility/resnet18/pretrained/gs50/fold_3.pt
resnet18,pretrained,gs50,raw,blind,3,0.41502683363148485,0.23214285714285715,0.5,1.0,0.0,0.8739681780535491,0.8785809442050667,0.13505494261064396,2.1530211927824037,87.3968178053549,12.141905579493326,222,56,12000,7347,5e-05,0.0001,7,50,,,,1337,2026-01-17 13:27:56,/home/jupyter/notebooks/jan26-LearningT/re-id-new/models2/utility/resnet18/pretrained/gs50/fold_3.pt
densenet121,pretrained,gs50,gs50,adaptive,3,0.8819320214669051,0.7678571428571429,0.6610017889087656,0.46153846153846156,0.8604651162790697,0.810858468934472,0.5796209651203803,0.22511379771675064,0.881348689545583,81.0858468934472,42.03790348796197,222,56,12000,7347,5e-05,0.0001,7,50,9,0.8819320214669051,0.5793070356393683,1337,2026-01-17 13:39:20,/home/jupyter/notebooks/jan26-LearningT/re-id-new/models2/utility/densenet121/pretrained/gs50/fold_3.pt
densenet121,pretrained,gs50,raw,blind,3,0.7477638640429338,0.7678571428571429,0.5,0.0,1.0,0.926807909056796,0.8641006851919703,0.07729097885383045,2.189342531099607,92.6807909056796,13.589931480802989,222,56,12000,7347,5e-05,0.0001,7,50,,,,1337,2026-01-17 13:39:32,/home/jupyter/notebooks/jan26-LearningT/re-id-new/models2/utility/densenet121/pretrained/gs50/fold_3.pt
resnet18,pretrained,raw,raw,adaptive,4,0.9210526315789473,0.8035714285714286,0.7236842105263157,0.5,0.9473684210526315,0.850080000885997,0.712366489341204,0.17485238063991618,1.4044482704499541,85.00800008859969,28.763351065879604,222,56,12000,6727,5e-05,0.0001,7,50,13,0.9210526315789473,0.4984557988508692,1337,2026-01-17 13:44:52,/home/jupyter/notebooks/jan26-LearningT/re-id-new/models2/utility/resnet18/pretrained/raw/fold_4.pt
densenet121,pretrained,raw,raw,adaptive,4,0.9210526315789475,0.8571428571428571,0.8216374269005848,0.7222222222222222,0.9210526315789473,0.8394717925871177,0.7494730461358783,0.18583883581648306,1.6330940651542738,83.94717925871174,25.05269538641216,222,56,12000,6727,5e-05,0.0001,7,50,11,0.9210526315789475,0.5516386169869945,1337,2026-01-17 13:57:22,/home/jupyter/notebooks/jan26-LearningT/re-id-new/models2/utility/densenet121/pretrained/raw/fold_4.pt
resnet18,pretrained,gs0,gs0,adaptive,4,0.9312865497076024,0.8214285714285714,0.8099415204678362,0.7777777777777778,0.8421052631578947,0.8519070434549613,0.6327028381119992,0.17490465011716988,1.0425475118815923,85.19070434549614,36.72971618880007,222,56,12000,6727,5e-05,0.0001,7,50,2,0.9312865497076024,0.46435439530408607,1337,2026-01-17 14:07:24,/home/jupyter/notebooks/jan26-LearningT/re-id-new/models2/utility/resnet18/pretrained/gs0/fold_4.pt
resnet18,pretrained,gs0,raw,blind,4,0.6681286549707603,0.6785714285714286,0.5146198830409356,0.05555555555555555,0.9736842105263158,0.7429391538942902,0.6764018345911978,0.3049165155506713,1.2320434622750411,74.29391538942903,32.35981654088022,222,56,12000,6727,5e-05,0.0001,7,50,,,,1337,2026-01-17 14:07:28,/home/jupyter/notebooks/jan26-LearningT/re-id-new/models2/utility/resnet18/pretrained/gs0/fold_4.pt
densenet121,pretrained,gs0,gs0,adaptive,4,0.9283625730994152,0.7678571428571429,0.6827485380116959,0.4444444444444444,0.9210526315789473,0.8591138850191897,0.6560357707900029,0.1589637006364821,1.1372840460263223,85.91138850191898,34.39642292099972,222,56,12000,6727,5e-05,0.0001,7,50,17,0.9283625730994152,0.493087075510115,1337,2026-01-17 14:24:04,/home/jupyter/notebooks/jan26-LearningT/re-id-new/models2/utility/densenet121/pretrained/gs0/fold_4.pt
densenet121,pretrained,gs0,raw,blind,4,0.5891812865497076,0.6964285714285714,0.5277777777777778,0.05555555555555555,1.0,0.6943813281055199,0.6815259167470938,0.36879016339103116,1.164488159168855,69.43813281055198,31.847408325290615,222,56,12000,6727,5e-05,0.0001,7,50,,,,1337,2026-01-17 14:24:15,/home/jupyter/notebooks/jan26-LearningT/re-id-new/models2/utility/densenet121/pretrained/gs0/fold_4.pt
resnet18,pretrained,gs10,gs10,adaptive,4,0.9415204678362573,0.8571428571428571,0.8216374269005848,0.7222222222222222,0.9210526315789473,0.8225350468039787,0.6443827117922195,0.2078666626371349,1.098965251232248,82.25350468039785,35.56172882077805,222,56,12000,6727,5e-05,0.0001,7,50,8,0.9415204678362573,0.4461137556804801,1337,2026-01-17 14:35:30,/home/jupyter/notebooks/jan26-LearningT/re-id-new/models2/utility/resnet18/pretrained/gs10/fold_4.pt
resnet18,pretrained,gs10,raw,blind,4,0.6710526315789473,0.6785714285714286,0.5,0.0,1.0,0.8047007547815852,0.7696244684353988,0.22025612860670743,1.518304352929447,80.47007547815852,23.03755315646013,222,56,12000,6727,5e-05,0.0001,7,50,,,,1337,2026-01-17 14:35:34,/home/jupyter/notebooks/jan26-LearningT/re-id-new/models2/utility/resnet18/pretrained/gs10/fold_4.pt
densenet121,pretrained,gs10,gs10,adaptive,4,0.9327485380116959,0.8214285714285714,0.7660818713450293,0.6111111111111112,0.9210526315789473,0.8379175244611584,0.6354988724705563,0.1905944778575122,1.0382340830709098,83.79175244611584,36.45011275294438,222,56,12000,6727,5e-05,0.0001,7,50,4,0.9327485380116959,0.4728015270435585,1337,2026-01-17 14:43:17,/home/jupyter/notebooks/jan26-LearningT/re-id-new/models2/utility/densenet121/pretrained/gs10/fold_4.pt
densenet121,pretrained,gs10,raw,blind,4,0.6418128654970761,0.32142857142857145,0.5,1.0,0.0,0.8343271281093965,0.8119080837670531,0.18184244633740007,1.7038867991492146,83.43271281093966,18.809191623294694,222,56,12000,6727,5e-05,0.0001,7,50,,,,1337,2026-01-17 14:43:28,/home/jupyter/notebooks/jan26-LearningT/re-id-new/models2/utility/densenet121/pretrained/gs10/fold_4.pt
resnet18,pretrained,gs20,gs20,adaptive,4,0.9327485380116959,0.875,0.8347953216374269,0.7222222222222222,0.9473684210526315,0.8243544039067704,0.7005070687279523,0.20922518813834315,1.275164109966253,82.43544039067703,29.949293127204772,222,56,12000,6727,5e-05,0.0001,7,50,7,0.9327485380116959,0.466828225075074,1337,2026-01-17 14:54:30,/home/jupyter/notebooks/jan26-LearningT/re-id-new/models2/utility/resnet18/pretrained/gs20/fold_4.pt
resnet18,pretrained,gs20,raw,blind,4,0.4590643274853801,0.32142857142857145,0.5,1.0,0.0,0.6970160212122982,0.708101474421218,0.3640856113868156,1.2538606014346807,69.7016021212298,29.189852557878208,222,56,12000,6727,5e-05,0.0001,7,50,,,,1337,2026-01-17 14:54:34,/home/jupyter/notebooks/jan26-LearningT/re-id-new/models2/utility/resnet18/pretrained/gs20/fold_4.pt
densenet121,pretrained,gs20,gs20,adaptive,4,0.9546783625730995,0.8214285714285714,0.8391812865497076,0.8888888888888888,0.7894736842105263,0.7638110397780877,0.5998501426259917,0.28251396853930283,0.9295413974244535,76.38110397780873,40.01498573740083,222,56,12000,6727,5e-05,0.0001,7,50,1,0.9546783625730995,0.4511775290066341,1337,2026-01-17 15:00:14,/home/jupyter/notebooks/jan26-LearningT/re-id-new/models2/utility/densenet121/pretrained/gs20/fold_4.pt
densenet121,pretrained,gs20,raw,blind,4,0.4108187134502924,0.32142857142857145,0.5,1.0,0.0,0.9801032361146087,0.9816438147727554,0.020133175434713522,4.160823519132724,98.01032361146085,1.835618522724461,222,56,12000,6727,5e-05,0.0001,7,50,,,,1337,2026-01-17 15:00:25,/home/jupyter/notebooks/jan26-LearningT/re-id-new/models2/utility/densenet121/pretrained/gs20/fold_4.pt
resnet18,pretrained,gs30,gs30,adaptive,4,0.9312865497076024,0.8392857142857143,0.8377192982456141,0.8333333333333334,0.8421052631578947,0.8076571118874859,0.6440937694460054,0.22758964298846587,1.10355215209276,80.76571118874861,35.59062305539946,222,56,12000,6727,5e-05,0.0001,7,50,2,0.9312865497076024,0.5198498025255384,1337,2026-01-17 15:10:27,/home/jupyter/notebooks/jan26-LearningT/re-id-new/models2/utility/resnet18/pretrained/gs30/fold_4.pt
resnet18,pretrained,gs30,raw,blind,4,0.6637426900584795,0.32142857142857145,0.5,1.0,0.0,0.957737958541623,0.9394512227027513,0.0434666018546292,2.93055141259157,95.7737958541623,6.054877729724879,222,56,12000,6727,5e-05,0.0001,7,50,,,,1337,2026-01-17 15:10:31,/home/jupyter/notebooks/jan26-LearningT/re-id-new/models2/utility/resnet18/pretrained/gs30/fold_4.pt
densenet121,pretrained,gs30,gs30,adaptive,4,0.9385964912280702,0.8392857142857143,0.8669590643274854,0.9444444444444444,0.7894736842105263,0.7455560379506466,0.6329260465957162,0.3078348702910338,1.0335734810537451,74.55560379506466,36.707395340428384,222,56,12000,6727,5e-05,0.0001,7,50,1,0.9385964912280702,0.4852665111703693,1337,2026-01-17 15:16:12,/home/jupyter/notebooks/jan26-LearningT/re-id-new/models2/utility/densenet121/pretrained/gs30/fold_4.pt
densenet121,pretrained,gs30,raw,blind,4,0.46783625730994155,0.6785714285714286,0.5,0.0,1.0,0.9090517743421591,0.9019413564477691,0.09615508210691773,2.469948880157435,90.90517743421591,9.8058643552231,222,56,12000,6727,5e-05,0.0001,7,50,,,,1337,2026-01-17 15:16:24,/home/jupyter/notebooks/jan26-LearningT/re-id-new/models2/utility/densenet121/pretrained/gs30/fold_4.pt
resnet18,pretrained,gs40,gs40,adaptive,4,0.9312865497076023,0.875,0.8640350877192983,0.8333333333333334,0.8947368421052632,0.7941691853331109,0.6483307795040899,0.246922852621596,1.1087882739741899,79.41691853331109,35.16692204959101,222,56,12000,6727,5e-05,0.0001,7,50,4,0.9312865497076023,0.5288282998327939,1337,2026-01-17 15:26:53,/home/jupyter/notebooks/jan26-LearningT/re-id-new/models2/utility/resnet18/pretrained/gs40/fold_4.pt
resnet18,pretrained,gs40,raw,blind,4,0.5482456140350878,0.6785714285714286,0.5,0.0,1.0,0.8674468257526133,0.8522315387146185,0.14361824944869958,2.0084027212193747,86.74468257526136,14.776846128538153,222,56,12000,6727,5e-05,0.0001,7,50,,,,1337,2026-01-17 15:26:57,/home/jupyter/notebooks/jan26-LearningT/re-id-new/models2/utility/resnet18/pretrained/gs40/fold_4.pt
densenet121,pretrained,gs40,gs40,adaptive,4,0.9312865497076024,0.8392857142857143,0.8084795321637427,0.7222222222222222,0.8947368421052632,0.7884791047073436,0.5739824911929987,0.2570251575297842,0.8674945782409278,78.84791047073436,42.60175088070012,222,56,12000,6727,5e-05,0.0001,7,50,3,0.9312865497076024,0.44932251072154855,1337,2026-01-17 15:34:00,/home/jupyter/notebooks/jan26-LearningT/re-id-new/models2/utility/densenet121/pretrained/gs40/fold_4.pt
densenet121,pretrained,gs40,raw,blind,4,0.32748538011695905,0.6785714285714286,0.5,0.0,1.0,0.9582178583487968,0.970746137737286,0.04345835102581813,3.9866827555235123,95.8217858348797,2.9253862262713914,222,56,12000,6727,5e-05,0.0001,7,50,,,,1337,2026-01-17 15:34:11,/home/jupyter/notebooks/jan26-LearningT/re-id-new/models2/utility/densenet121/pretrained/gs40/fold_4.pt
resnet18,pretrained,gs50,gs50,adaptive,4,0.9181286549707603,0.8035714285714286,0.7090643274853801,0.4444444444444444,0.9736842105263158,0.827342292210091,0.6763463624486942,0.2067811701215203,1.1767375018685715,82.73422922100909,32.36536375513058,222,56,12000,6727,5e-05,0.0001,7,50,7,0.9181286549707603,0.5978737023641478,1337,2026-01-17 15:45:16,/home/jupyter/notebooks/jan26-LearningT/re-id-new/models2/utility/resnet18/pretrained/gs50/fold_4.pt
resnet18,pretrained,gs50,raw,blind,4,0.4283625730994152,0.5535714285714286,0.45175438596491224,0.16666666666666666,0.7368421052631579,0.5492009911692645,0.5415191482984892,0.6009069658554654,0.783433763589822,54.92009911692642,45.84808517015108,222,56,12000,6727,5e-05,0.0001,7,50,,,,1337,2026-01-17 15:45:20,/home/jupyter/notebooks/jan26-LearningT/re-id-new/models2/utility/resnet18/pretrained/gs50/fold_4.pt
densenet121,pretrained,gs50,gs50,adaptive,4,0.9064327485380117,0.7142857142857143,0.7748538011695907,0.9444444444444444,0.6052631578947368,0.7170298373812505,0.6185868338347533,0.3438548645279733,1.0052549525605161,71.70298373812506,38.14131661652467,222,56,12000,6727,5e-05,0.0001,7,50,1,0.9064327485380117,0.5981270777729323,1337,2026-01-17 15:51:01,/home/jupyter/notebooks/jan26-LearningT/re-id-new/models2/utility/densenet121/pretrained/gs50/fold_4.pt
densenet121,pretrained,gs50,raw,blind,4,0.5365497076023391,0.6785714285714286,0.5,0.0,1.0,0.9842592482087077,0.9836869933328285,0.015930953251005513,4.244605861361254,98.42592482087075,1.6313006667171441,222,56,12000,6727,5e-05,0.0001,7,50,,,,1337,2026-01-17 15:51:13,/home/jupyter/notebooks/jan26-LearningT/re-id-new/models2/utility/densenet121/pretrained/gs50/fold_4.pt
resnet18,scratch,raw,raw,adaptive,0,0.8276422764227642,0.6964285714285714,0.4967479674796748,0.06666666666666667,0.926829268292683,0.8831416938945893,0.7588614577352105,0.13297889545353292,1.5220664285292644,88.31416938945894,24.113854226478946,221,56,12000,7130,8e-05,0.0005,7,50,7,0.8276422764227642,0.6465971009539706,1337,2026-01-17 15:56:33,/home/jupyter/notebooks/jan26-LearningT/re-id-new/models2/utility/resnet18/scratch/raw/fold_0.pt
densenet121,scratch,raw,raw,adaptive,0,0.7691056910569105,0.7142857142857143,0.551219512195122,0.2,0.9024390243902439,0.8677729710735871,0.7069174510122227,0.15812584458750498,1.4613648406991273,86.7772971073587,29.308254898777733,221,56,12000,7130,8e-05,0.0005,7,50,1,0.7691056910569105,0.5794512762555054,1337,2026-01-17 16:05:58,/home/jupyter/notebooks/jan26-LearningT/re-id-new/models2/utility/densenet121/scratch/raw/fold_0.pt
resnet18,scratch,gs0,gs0,adaptive,0,0.8178861788617886,0.7857142857142857,0.7691056910569105,0.7333333333333333,0.8048780487804879,0.8056653595362441,0.7327959709500353,0.2264146896897757,1.5919537087441613,80.56653595362442,26.720402904996465,221,56,12000,7130,8e-05,0.0005,7,50,14,0.8178861788617886,0.6651389316788742,1337,2026-01-17 16:13:45,/home/jupyter/notebooks/jan26-LearningT/re-id-new/models2/utility/resnet18/scratch/gs0/fold_0.pt
resnet18,scratch,gs0,raw,blind,0,0.640650406504065,0.7321428571428571,0.5,0.0,1.0,0.8773902418690792,0.8766840120784163,0.13080451103344443,2.093060524280597,87.73902418690793,12.331598792158362,221,56,12000,7130,8e-05,0.0005,7,50,,,,1337,2026-01-17 16:13:49,/home/jupyter/notebooks/jan26-LearningT/re-id-new/models2/utility/resnet18/scratch/gs0/fold_0.pt
densenet121,scratch,gs0,gs0,adaptive,0,0.8146341463414632,0.7857142857142857,0.6845528455284553,0.4666666666666667,0.9024390243902439,0.8412604950261889,0.7183041248006762,0.1901285687408609,1.5256631013054227,84.1260495026189,28.16958751993239,221,56,12000,7130,8e-05,0.0005,7,50,3,0.8146341463414632,0.5920399153339011,1337,2026-01-17 16:25:33,/home/jupyter/notebooks/jan26-LearningT/re-id-new/models2/utility/densenet121/scratch/gs0/fold_0.pt
densenet121,scratch,gs0,raw,blind,0,0.6731707317073171,0.7321428571428571,0.5,0.0,1.0,0.9687429157588503,0.9641042898976541,0.03180975764003518,3.351919753486766,96.87429157588504,3.589571010234589,221,56,12000,7130,8e-05,0.0005,7,50,,,,1337,2026-01-17 16:25:45,/home/jupyter/notebooks/jan26-LearningT/re-id-new/models2/utility/densenet121/scratch/gs0/fold_0.pt
resnet18,scratch,gs10,gs10,adaptive,0,0.7934959349593496,0.6071428571428571,0.7105691056910569,0.9333333333333333,0.4878048780487805,0.8135758629715241,0.7937623204058901,0.22172278210794727,2.1545798719729485,81.35758629715238,20.623767959410994,221,56,12000,7130,8e-05,0.0005,7,50,7,0.7934959349593496,1.5400200900289096,1337,2026-01-17 16:31:06,/home/jupyter/notebooks/jan26-LearningT/re-id-new/models2/utility/resnet18/scratch/gs10/fold_0.pt
resnet18,scratch,gs10,raw,blind,0,0.7414634146341463,0.7142857142857143,0.4878048780487805,0.0,0.975609756097561,0.7147126326144683,0.6312679229804905,0.3431999698467304,1.0214595492623553,71.47126326144682,36.873207701950946,221,56,12000,7130,8e-05,0.0005,7,50,,,,1337,2026-01-17 16:31:11,/home/jupyter/notebooks/jan26-LearningT/re-id-new/models2/utility/resnet18/scratch/gs10/fold_0.pt
densenet121,scratch,gs10,gs10,adaptive,0,0.7918699186991869,0.75,0.7869918699186992,0.8666666666666667,0.7073170731707317,0.8344568435333508,0.8556757073308673,0.1958935188519187,2.759228094637211,83.44568435333504,14.432429266913283,221,56,12000,7130,8e-05,0.0005,7,50,8,0.7918699186991869,1.3205346401414968,1337,2026-01-17 16:48:38,/home/jupyter/notebooks/jan26-LearningT/re-id-new/models2/utility/densenet121/scratch/gs10/fold_0.pt
densenet121,scratch,gs10,raw,blind,0,0.7300813008130081,0.7321428571428571,0.5,0.0,1.0,0.9340278916027952,0.9307590542027333,0.06826161046714348,2.6709557575068006,93.4027891602795,6.924094579726671,221,56,12000,7130,8e-05,0.0005,7,50,,,,1337,2026-01-17 16:48:50,/home/jupyter/notebooks/jan26-LearningT/re-id-new/models2/utility/densenet121/scratch/gs10/fold_0.pt
resnet18,scratch,gs20,gs20,adaptive,0,0.7934959349593497,0.625,0.7227642276422764,0.9333333333333333,0.5121951219512195,0.7982806074012789,0.7936896903467656,0.23892377818169222,1.8914893236918626,79.8280607401279,20.631030965323433,221,56,12000,7130,8e-05,0.0005,7,50,1,0.7934959349593497,1.0366437317404364,1337,2026-01-17 16:52:05,/home/jupyter/notebooks/jan26-LearningT/re-id-new/models2/utility/resnet18/scratch/gs20/fold_0.pt
resnet18,scratch,gs20,raw,blind,0,0.2520325203252033,0.7321428571428571,0.5,0.0,1.0,0.8784883894652047,0.9062766551644305,0.13049028901242304,2.377870765112269,87.84883894652047,9.372334483556957,221,56,12000,7130,8e-05,0.0005,7,50,,,,1337,2026-01-17 16:52:09,/home/jupyter/notebooks/jan26-LearningT/re-id-new/models2/utility/resnet18/scratch/gs20/fold_0.pt
densenet121,scratch,gs20,gs20,adaptive,0,0.7934959349593496,0.75,0.7235772357723578,0.6666666666666666,0.7804878048780488,0.8413957457268667,0.7401829969936182,0.18323784867436008,1.7610259519949754,84.13957457268668,25.981700300638163,221,56,12000,7130,8e-05,0.0005,7,50,7,0.7934959349593496,0.8224485628306866,1337,2026-01-17 17:08:26,/home/jupyter/notebooks/jan26-LearningT/re-id-new/models2/utility/densenet121/scratch/gs20/fold_0.pt
densenet121,scratch,gs20,raw,blind,0,0.7609756097560976,0.7321428571428571,0.5,0.0,1.0,0.94034361487148,0.9348058191732265,0.061532378421852774,2.7330766773115083,94.03436148714802,6.519418082677334,221,56,12000,7130,8e-05,0.0005,7,50,,,,1337,2026-01-17 17:08:39,/home/jupyter/notebooks/jan26-LearningT/re-id-new/models2/utility/densenet121/scratch/gs20/fold_0.pt
resnet18,scratch,gs30,gs30,adaptive,0,0.7593495934959349,0.44642857142857145,0.6008130081300813,0.9333333333333333,0.2682926829268293,0.7974198775904715,0.7776652694725184,0.24781012266843025,1.9091632864724908,79.74198775904715,22.23347305274816,221,56,12000,7130,8e-05,0.0005,7,50,1,0.7593495934959349,1.4280195801319289,1337,2026-01-17 17:11:54,/home/jupyter/notebooks/jan26-LearningT/re-id-new/models2/utility/resnet18/scratch/gs30/fold_0.pt
resnet18,scratch,gs30,raw,blind,0,0.7056910569105691,0.26785714285714285,0.5,1.0,0.0,0.9956334566343641,0.9943699141968712,0.004377085217780565,5.242022320738274,99.56334566343642,0.563008580312871,221,56,12000,7130,8e-05,0.0005,7,50,,,,1337,2026-01-17 17:11:58,/home/jupyter/notebooks/jan26-LearningT/re-id-new/models2/utility/resnet18/scratch/gs30/fold_0.pt
densenet121,scratch,gs30,gs30,adaptive,0,0.7739837398373984,0.75,0.7235772357723578,0.6666666666666666,0.7804878048780488,0.7920348586869144,0.7481277128123605,0.246746689128087,1.6301910331584835,79.20348586869143,25.187228718763947,221,56,12000,7130,8e-05,0.0005,7,50,6,0.7739837398373984,0.8769912271361265,1337,2026-01-17 17:27:07,/home/jupyter/notebooks/jan26-LearningT/re-id-new/models2/utility/densenet121/scratch/gs30/fold_0.pt
densenet121,scratch,gs30,raw,blind,0,0.22601626016260162,0.30357142857142855,0.3975609756097561,0.6,0.1951219512195122,0.5737280330109982,0.693179076658174,0.5633568097612519,1.2404883416557684,57.372803301099815,30.68209233418259,221,56,12000,7130,8e-05,0.0005,7,50,,,,1337,2026-01-17 17:27:19,/home/jupyter/notebooks/jan26-LearningT/re-id-new/models2/utility/densenet121/scratch/gs30/fold_0.pt
resnet18,scratch,gs40,gs40,adaptive,0,0.7300813008130081,0.44642857142857145,0.6008130081300813,0.9333333333333333,0.2682926829268293,0.7880240539020498,0.7862228775466841,0.2592084751128866,2.033697922163011,78.80240539020498,21.377712245331594,221,56,12000,7130,8e-05,0.0005,7,50,2,0.7300813008130081,1.6991844662199063,1337,2026-01-17 17:30:57,/home/jupyter/notebooks/jan26-LearningT/re-id-new/models2/utility/resnet18/scratch/gs40/fold_0.pt
resnet18,scratch,gs40,raw,blind,0,0.37235772357723573,0.7321428571428571,0.5,0.0,1.0,0.9989431118006157,0.9993384226133416,0.0010583443951545635,7.406850588381043,99.89431118006156,0.06615773866584819,221,56,12000,7130,8e-05,0.0005,7,50,,,,1337,2026-01-17 17:31:02,/home/jupyter/notebooks/jan26-LearningT/re-id-new/models2/utility/resnet18/scratch/gs40/fold_0.pt
densenet121,scratch,gs40,gs40,adaptive,0,0.7837398373983739,0.5178571428571429,0.6495934959349594,0.9333333333333333,0.36585365853658536,0.7854306036896499,0.8351308178888764,0.26351505612620496,2.423374924688338,78.54306036896499,16.48691821111235,221,56,12000,7130,8e-05,0.0005,7,50,5,0.7837398373983739,2.277102642617787,1337,2026-01-17 17:47:35,/home/jupyter/notebooks/jan26-LearningT/re-id-new/models2/utility/densenet121/scratch/gs40/fold_0.pt
densenet121,scratch,gs40,raw,blind,0,0.3447154471544715,0.7321428571428571,0.5,0.0,1.0,0.9961515045443885,0.9969117726667805,0.003856973235909359,5.868341580581031,99.61515045443883,0.30882273332193316,221,56,12000,7130,8e-05,0.0005,7,50,,,,1337,2026-01-17 17:47:47,/home/jupyter/notebooks/jan26-LearningT/re-id-new/models2/utility/densenet121/scratch/gs40/fold_0.pt
resnet18,scratch,gs50,gs50,adaptive,0,0.7804878048780488,0.7321428571428571,0.5,0.0,1.0,0.9022438471628572,0.8620593989267946,0.10512445638359974,2.0640597063322503,90.22438471628571,13.794060107320547,221,56,12000,7130,8e-05,0.0005,7,50,11,0.7804878048780488,0.6729578164273075,1337,2026-01-17 17:54:33,/home/jupyter/notebooks/jan26-LearningT/re-id-new/models2/utility/resnet18/scratch/gs50/fold_0.pt
resnet18,scratch,gs50,raw,blind,0,0.6097560975609756,0.75,0.5333333333333333,0.06666666666666667,1.0,0.6800567163912702,0.6652192124430255,0.3937680471043384,1.1118682861474212,68.00567163912702,33.478078755697446,221,56,12000,7130,8e-05,0.0005,7,50,,,,1337,2026-01-17 17:54:38,/home/jupyter/notebooks/jan26-LearningT/re-id-new/models2/utility/resnet18/scratch/gs50/fold_0.pt
densenet121,scratch,gs50,gs50,adaptive,0,0.7463414634146341,0.3392857142857143,0.5487804878048781,1.0,0.0975609756097561,0.8543685104573555,0.8373231422346908,0.18704362092180593,2.5721569445393353,85.43685104573558,16.267685776530932,221,56,12000,7130,8e-05,0.0005,7,50,9,0.7463414634146341,2.5288648172281682,1337,2026-01-17 18:24:46,/home/jupyter/notebooks/jan26-LearningT/re-id-new/models2/utility/densenet121/scratch/gs50/fold_0.pt
densenet121,scratch,gs50,raw,blind,0,0.6455284552845528,0.7321428571428571,0.5,0.0,1.0,0.7948712864687968,0.772168842295859,0.2315714677863111,1.4993559294715226,79.48712864687968,22.783115770414103,221,56,12000,7130,8e-05,0.0005,7,50,,,,1337,2026-01-17 18:25:09,/home/jupyter/notebooks/jan26-LearningT/re-id-new/models2/utility/densenet121/scratch/gs50/fold_0.pt
resnet18,scratch,raw,raw,adaptive,1,0.9248658318425761,0.7678571428571429,0.5,0.0,1.0,0.9011350838324486,0.7688332064118856,0.10631325034438542,1.5745272035504407,90.11350838324486,23.116679358811442,221,56,12000,7626,8e-05,0.0005,7,50,11,0.9248658318425761,0.4681151823451122,1337,2026-01-17 18:37:18,/home/jupyter/notebooks/jan26-LearningT/re-id-new/models2/utility/resnet18/scratch/raw/fold_1.pt
densenet121,scratch,raw,raw,adaptive,1,0.9033989266547406,0.8214285714285714,0.6153846153846154,0.23076923076923078,1.0,0.8828098267967093,0.7635877492987821,0.13684154036145746,1.6683134795728036,88.28098267967088,23.641225070121784,221,56,12000,7626,8e-05,0.0005,7,50,8,0.9033989266547406,0.49204862167437874,1337,2026-01-17 19:10:30,/home/jupyter/notebooks/jan26-LearningT/re-id-new/models2/utility/densenet121/scratch/raw/fold_1.pt
resnet18,scratch,gs0,gs0,adaptive,1,0.8855098389982112,0.8214285714285714,0.6958855098389982,0.46153846153846156,0.9302325581395349,0.8237760053906643,0.6520322083826027,0.20466770685878397,1.132296588173309,82.37760053906642,34.796779161739735,221,56,12000,7626,8e-05,0.0005,7,50,8,0.8855098389982112,0.43183363576730094,1337,2026-01-17 19:20:44,/home/jupyter/notebooks/jan26-LearningT/re-id-new/models2/utility/resnet18/scratch/gs0/fold_1.pt
resnet18,scratch,gs0,raw,blind,1,0.8729874776386404,0.25,0.5116279069767442,1.0,0.023255813953488372,0.7397809548792752,0.6716390019249319,0.30657887324011834,1.1341382941255957,73.9780954879275,32.83609980750682,221,56,12000,7626,8e-05,0.0005,7,50,,,,1337,2026-01-17 19:20:52,/home/jupyter/notebooks/jan26-LearningT/re-id-new/models2/utility/resnet18/scratch/gs0/fold_1.pt
densenet121,scratch,gs0,gs0,adaptive,1,0.8837209302325582,0.8392857142857143,0.7075134168157424,0.46153846153846156,0.9534883720930233,0.847821114585443,0.7286400800490731,0.1810947648871792,1.4609783573850124,84.78211145854428,27.13599199509268,221,56,12000,7626,8e-05,0.0005,7,50,5,0.8837209302325582,0.4454916809995969,1337,2026-01-17 19:47:45,/home/jupyter/notebooks/jan26-LearningT/re-id-new/models2/utility/densenet121/scratch/gs0/fold_1.pt
densenet121,scratch,gs0,raw,blind,1,0.7334525939177102,0.7678571428571429,0.5,0.0,1.0,0.8963803012812733,0.8790607484330242,0.10981236425815485,2.126747151304372,89.63803012812731,12.093925156697594,221,56,12000,7626,8e-05,0.0005,7,50,,,,1337,2026-01-17 19:48:13,/home/jupyter/notebooks/jan26-LearningT/re-id-new/models2/utility/densenet121/scratch/gs0/fold_1.pt
resnet18,scratch,gs10,gs10,adaptive,1,0.9051878354203936,0.8214285714285714,0.8032200357781754,0.7692307692307693,0.8372093023255814,0.8016515551199168,0.6611768517342786,0.23461945466493592,1.1976706498607501,80.16515551199166,33.882314826572134,221,56,12000,7626,8e-05,0.0005,7,50,8,0.9051878354203936,0.49538827389478685,1337,2026-01-17 19:58:35,/home/jupyter/notebooks/jan26-LearningT/re-id-new/models2/utility/resnet18/scratch/gs10/fold_1.pt
resnet18,scratch,gs10,raw,blind,1,0.8354203935599285,0.7678571428571429,0.5,0.0,1.0,0.8591503023595423,0.8455240490659148,0.15190687355753477,1.8702243264596892,85.91503023595423,15.44759509340853,221,56,12000,7626,8e-05,0.0005,7,50,,,,1337,2026-01-17 19:58:42,/home/jupyter/notebooks/jan26-LearningT/re-id-new/models2/utility/resnet18/scratch/gs10/fold_1.pt
densenet121,scratch,gs10,gs10,adaptive,1,0.8425760286225402,0.7142857142857143,0.5187835420393561,0.15384615384615385,0.8837209302325582,0.8754556137411645,0.6562189332917407,0.14631112619104417,1.1165893510417453,87.54556137411646,34.37810667082592,221,56,12000,7626,8e-05,0.0005,7,50,1,0.8425760286225402,0.44693926398952805,1337,2026-01-17 20:16:49,/home/jupyter/notebooks/jan26-LearningT/re-id-new/models2/utility/densenet121/scratch/gs10/fold_1.pt
densenet121,scratch,gs10,raw,blind,1,0.8246869409660107,0.7678571428571429,0.5,0.0,1.0,0.9891923420041123,0.9840201291844373,0.01087621457519537,4.159731699455434,98.91923420041122,1.5979870815562642,221,56,12000,7626,8e-05,0.0005,7,50,,,,1337,2026-01-17 20:17:12,/home/jupyter/notebooks/jan26-LearningT/re-id-new/models2/utility/densenet121/scratch/gs10/fold_1.pt
resnet18,scratch,gs20,gs20,adaptive,1,0.8962432915921288,0.7321428571428571,0.5035778175313059,0.07692307692307693,0.9302325581395349,0.8847270576917651,0.6554491559123642,0.12667444518073062,1.1440512272091286,88.47270576917651,34.4550844087636,221,56,12000,7626,8e-05,0.0005,7,50,16,0.8962432915921288,0.4682632140815258,1337,2026-01-17 20:32:36,/home/jupyter/notebooks/jan26-LearningT/re-id-new/models2/utility/resnet18/scratch/gs20/fold_1.pt
resnet18,scratch,gs20,raw,blind,1,0.7960644007155636,0.7678571428571429,0.5,0.0,1.0,0.671272901213111,0.6335062816110496,0.39971856446932647,1.0072556341508707,67.12729012131109,36.64937183889503,221,56,12000,7626,8e-05,0.0005,7,50,,,,1337,2026-01-17 20:32:44,/home/jupyter/notebooks/jan26-LearningT/re-id-new/models2/utility/resnet18/scratch/gs20/fold_1.pt
densenet121,scratch,gs20,gs20,adaptive,1,0.8604651162790699,0.7321428571428571,0.798747763864043,0.9230769230769231,0.6744186046511628,0.7325956918538075,0.6700995198020372,0.3236361264218401,1.2721330018044363,73.25956918538074,32.99004801979628,221,56,12000,7626,8e-05,0.0005,7,50,1,0.8604651162790699,0.6123154203097025,1337,2026-01-17 20:50:17,/home/jupyter/notebooks/jan26-LearningT/re-id-new/models2/utility/densenet121/scratch/gs20/fold_1.pt
densenet121,scratch,gs20,raw,blind,1,0.8300536672629696,0.6071428571428571,0.7173524150268337,0.9230769230769231,0.5116279069767442,0.6282599824115488,0.5931394902819936,0.47347677230087987,0.9168336812216841,62.825998241154885,40.686050971800626,221,56,12000,7626,8e-05,0.0005,7,50,,,,1337,2026-01-17 20:50:43,/home/jupyter/notebooks/jan26-LearningT/re-id-new/models2/utility/densenet121/scratch/gs20/fold_1.pt
resnet18,scratch,gs30,gs30,adaptive,1,0.924865831842576,0.7678571428571429,0.8220035778175313,0.9230769230769231,0.7209302325581395,0.7704196919982977,0.6477483500240446,0.27163078033021043,1.1093223084337378,77.04196919982977,35.22516499759554,221,56,12000,7626,8e-05,0.0005,7,50,4,0.924865831842576,0.5873287836710612,1337,2026-01-17 20:58:18,/home/jupyter/notebooks/jan26-LearningT/re-id-new/models2/utility/resnet18/scratch/gs30/fold_1.pt
resnet18,scratch,gs30,raw,blind,1,0.29695885509839,0.23214285714285715,0.47316636851520577,0.9230769230769231,0.023255813953488372,0.5747680121076018,0.6051630048194463,0.5555331666177948,0.9364674713706566,57.47680121076019,39.483699518055374,221,56,12000,7626,8e-05,0.0005,7,50,,,,1337,2026-01-17 20:58:26,/home/jupyter/notebooks/jan26-LearningT/re-id-new/models2/utility/resnet18/scratch/gs30/fold_1.pt
densenet121,scratch,gs30,gs30,adaptive,1,0.8354203935599284,0.75,0.4883720930232558,0.0,0.9767441860465116,0.8875916490241851,0.7280807787330374,0.12846066605992976,1.3886046545929038,88.75916490241849,27.19192212669625,221,56,12000,7626,8e-05,0.0005,7,50,1,0.8354203935599284,0.448713393881917,1337,2026-01-17 21:16:45,/home/jupyter/notebooks/jan26-LearningT/re-id-new/models2/utility/densenet121/scratch/gs30/fold_1.pt
densenet121,scratch,gs30,raw,blind,1,0.7531305903398926,0.6071428571428571,0.6636851520572451,0.7692307692307693,0.5581395348837209,0.678968598747745,0.6189042263421233,0.39896242181337643,1.0074163727989758,67.89685987477449,38.10957736578768,221,56,12000,7626,8e-05,0.0005,7,50,,,,1337,2026-01-17 21:17:11,/home/jupyter/notebooks/jan26-LearningT/re-id-new/models2/utility/densenet121/scratch/gs30/fold_1.pt
resnet18,scratch,gs40,gs40,adaptive,1,0.8962432915921288,0.8214285714285714,0.8837209302325582,1.0,0.7674418604651163,0.7184191177557334,0.6771802490877529,0.3444683388528529,1.242755562741552,71.84191177557332,32.281975091224716,221,56,12000,7626,8e-05,0.0005,7,50,10,0.8962432915921288,0.7069323162237803,1337,2026-01-17 21:28:54,/home/jupyter/notebooks/jan26-LearningT/re-id-new/models2/utility/resnet18/scratch/gs40/fold_1.pt
resnet18,scratch,gs40,raw,blind,1,0.35778175313059035,0.23214285714285715,0.5,1.0,0.0,0.9999705750874195,0.9999325895054572,2.9426154252087556e-05,11.807565620710223,99.99705750874195,0.006741049454253385,221,56,12000,7626,8e-05,0.0005,7,50,,,,1337,2026-01-17 21:29:01,/home/jupyter/notebooks/jan26-LearningT/re-id-new/models2/utility/resnet18/scratch/gs40/fold_1.pt
densenet121,scratch,gs40,gs40,adaptive,1,0.8461538461538461,0.5,0.6744186046511628,1.0,0.3488372093023256,0.7555002652585417,0.748740661962633,0.3005002494524608,1.7348951771340224,75.55002652585418,25.12593380373669,221,56,12000,7626,8e-05,0.0005,7,50,2,0.8461538461538461,1.204731784760952,1337,2026-01-17 21:49:19,/home/jupyter/notebooks/jan26-LearningT/re-id-new/models2/utility/densenet121/scratch/gs40/fold_1.pt
densenet121,scratch,gs40,raw,blind,1,0.59391771019678,0.23214285714285715,0.5,1.0,0.0,0.9884934304813592,0.9799067098037189,0.01159227513487926,4.325944327195168,98.84934304813594,2.0093290196281273,221,56,12000,7626,8e-05,0.0005,7,50,,,,1337,2026-01-17 21:49:46,/home/jupyter/notebooks/jan26-LearningT/re-id-new/models2/utility/densenet121/scratch/gs40/fold_1.pt
resnet18,scratch,gs50,gs50,adaptive,1,0.8443649373881932,0.25,0.5116279069767442,1.0,0.023255813953488372,0.8834678530564302,0.7700453598444309,0.1336097419745457,1.671505794920951,88.34678530564301,22.99546401555692,221,56,12000,7626,8e-05,0.0005,7,50,5,0.8443649373881932,1.9067103425661722,1337,2026-01-17 21:58:04,/home/jupyter/notebooks/jan26-LearningT/re-id-new/models2/utility/resnet18/scratch/gs50/fold_1.pt
resnet18,scratch,gs50,raw,blind,1,0.855098389982111,0.23214285714285715,0.5,1.0,0.0,0.9999999843221209,0.9999999002713753,1.5677879721536752e-08,16.957544568686245,99.99999843221205,9.972862495305165e-06,221,56,12000,7626,8e-05,0.0005,7,50,,,,1337,2026-01-17 21:58:12,/home/jupyter/notebooks/jan26-LearningT/re-id-new/models2/utility/resnet18/scratch/gs50/fold_1.pt
densenet121,scratch,gs50,gs50,adaptive,1,0.8711985688729874,0.7142857142857143,0.813953488372093,1.0,0.627906976744186,0.7863661596048322,0.7391333274733556,0.2542562968754387,1.6013087624508922,78.63661596048323,26.086667252664444,221,56,12000,7626,8e-05,0.0005,7,50,9,0.8711985688729874,1.0757072714467844,1337,2026-01-17 22:32:21,/home/jupyter/notebooks/jan26-LearningT/re-id-new/models2/utility/densenet121/scratch/gs50/fold_1.pt
densenet121,scratch,gs50,raw,blind,1,0.4937388193202147,0.23214285714285715,0.5,1.0,0.0,0.9999667744778521,0.9998584500411265,3.3227403787980115e-05,11.365439621875936,99.9966774477852,0.014154995887330817,221,56,12000,7626,8e-05,0.0005,7,50,,,,1337,2026-01-17 22:32:44,/home/jupyter/notebooks/jan26-LearningT/re-id-new/models2/utility/densenet121/scratch/gs50/fold_1.pt
resnet18,scratch,raw,raw,adaptive,2,0.8868686868686868,0.8214285714285714,0.8202020202020202,0.8181818181818182,0.8222222222222222,0.8310160274140465,0.6849961187306202,0.20070526631342597,1.2788039966372335,83.10160274140466,31.50038812693799,222,56,12000,7347,8e-05,0.0005,7,50,2,0.8868686868686868,0.46356954759564895,1337,2026-01-17 22:39:08,/home/jupyter/notebooks/jan26-LearningT/re-id-new/models2/utility/resnet18/scratch/raw/fold_2.pt
densenet121,scratch,raw,raw,adaptive,2,0.8848484848484848,0.7321428571428571,0.7989898989898989,0.9090909090909091,0.6888888888888889,0.8894770153212697,0.8422540285814833,0.12348324281187727,2.56117145138357,88.94770153212697,15.774597141851661,222,56,12000,7347,8e-05,0.0005,7,50,15,0.8848484848484848,0.9869451978211773,1337,2026-01-17 23:28:06,/home/jupyter/notebooks/jan26-LearningT/re-id-new/models2/utility/densenet121/scratch/raw/fold_2.pt
resnet18,scratch,gs0,gs0,adaptive,2,0.8929292929292929,0.8392857142857143,0.693939393939394,0.45454545454545453,0.9333333333333333,0.8495849769901688,0.6814867724445309,0.16877141066519263,1.391026740185862,84.95849769901687,31.85132275554691,222,56,12000,7347,8e-05,0.0005,7,50,29,0.8929292929292929,0.40672327167001265,1337,2026-01-17 23:45:32,/home/jupyter/notebooks/jan26-LearningT/re-id-new/models2/utility/resnet18/scratch/gs0/fold_2.pt
resnet18,scratch,gs0,raw,blind,2,0.15353535353535355,0.19642857142857142,0.5,1.0,0.0,0.9469407518646467,0.9541508964900475,0.05452979080162472,3.0902456285960134,94.69407518646467,4.584910350995252,222,56,12000,7347,8e-05,0.0005,7,50,,,,1337,2026-01-17 23:45:37,/home/jupyter/notebooks/jan26-LearningT/re-id-new/models2/utility/resnet18/scratch/gs0/fold_2.pt
densenet121,scratch,gs0,gs0,adaptive,2,0.8444444444444444,0.7678571428571429,0.7868686868686869,0.8181818181818182,0.7555555555555555,0.8173635016573426,0.7022573138037165,0.2178773758981329,1.3887760722838853,81.73635016573425,29.774268619628344,222,56,12000,7347,8e-05,0.0005,7,50,1,0.8444444444444444,0.522369452077767,1337,2026-01-18 00:00:55,/home/jupyter/notebooks/jan26-LearningT/re-id-new/models2/utility/densenet121/scratch/gs0/fold_2.pt
densenet121,scratch,gs0,raw,blind,2,0.1575757575757576,0.375,0.2676767676767677,0.09090909090909091,0.4444444444444444,0.6074618019613773,0.6323734598466053,0.5032216033079502,1.020901857235963,60.74618019613771,36.76265401533946,222,56,12000,7347,8e-05,0.0005,7,50,,,,1337,2026-01-18 00:01:15,/home/jupyter/notebooks/jan26-LearningT/re-id-new/models2/utility/densenet121/scratch/gs0/fold_2.pt
resnet18,scratch,gs10,gs10,adaptive,2,0.901010101010101,0.8571428571428571,0.6707070707070707,0.36363636363636365,0.9777777777777777,0.8602534234367302,0.7618053534633971,0.15871704916190288,1.5767413219486481,86.02534234367302,23.819464653660294,222,56,12000,7347,8e-05,0.0005,7,50,25,0.901010101010101,0.3947719070931961,1337,2026-01-18 00:14:51,/home/jupyter/notebooks/jan26-LearningT/re-id-new/models2/utility/resnet18/scratch/gs10/fold_2.pt
resnet18,scratch,gs10,raw,blind,2,0.7656565656565657,0.21428571428571427,0.5111111111111111,1.0,0.022222222222222223,0.6032082274636273,0.5767874065823015,0.5076522128261364,0.8642175830569298,60.320822746362744,42.321259341769846,222,56,12000,7347,8e-05,0.0005,7,50,,,,1337,2026-01-18 00:14:56,/home/jupyter/notebooks/jan26-LearningT/re-id-new/models2/utility/resnet18/scratch/gs10/fold_2.pt
densenet121,scratch,gs10,gs10,adaptive,2,0.8767676767676768,0.7678571428571429,0.7525252525252526,0.7272727272727273,0.7777777777777778,0.8343473435431636,0.6429230977451419,0.19253977963848837,1.2372488015944683,83.43473435431638,35.70769022548582,222,56,12000,7347,8e-05,0.0005,7,50,2,0.8767676767676768,0.5130277687105639,1337,2026-01-18 00:25:32,/home/jupyter/notebooks/jan26-LearningT/re-id-new/models2/utility/densenet121/scratch/gs10/fold_2.pt
densenet121,scratch,gs10,raw,blind,2,0.7575757575757576,0.19642857142857142,0.5,1.0,0.0,0.9966054384542935,0.9880323988954084,0.00340499218123868,5.005223426793897,99.66054384542932,1.1967601104591619,222,56,12000,7347,8e-05,0.0005,7,50,,,,1337,2026-01-18 00:25:45,/home/jupyter/notebooks/jan26-LearningT/re-id-new/models2/utility/densenet121/scratch/gs10/fold_2.pt
resnet18,scratch,gs20,gs20,adaptive,2,0.8828282828282829,0.6964285714285714,0.7424242424242424,0.8181818181818182,0.6666666666666666,0.8140070822741675,0.7217648817513611,0.22421420025524,1.558597085362669,81.40070822741674,27.823511824863893,222,56,12000,7347,8e-05,0.0005,7,50,1,0.8828282828282829,0.8434810783585598,1337,2026-01-18 00:29:03,/home/jupyter/notebooks/jan26-LearningT/re-id-new/models2/utility/resnet18/scratch/gs20/fold_2.pt
resnet18,scratch,gs20,raw,blind,2,0.5171717171717172,0.19642857142857142,0.5,1.0,0.0,0.8685246117245533,0.8690348560896254,0.14170831588868946,2.0731405352701997,86.85246117245535,13.096514391037438,222,56,12000,7347,8e-05,0.0005,7,50,,,,1337,2026-01-18 00:29:08,/home/jupyter/notebooks/jan26-LearningT/re-id-new/models2/utility/resnet18/scratch/gs20/fold_2.pt
densenet121,scratch,gs20,gs20,adaptive,2,0.8686868686868687,0.6785714285714286,0.7656565656565657,0.9090909090909091,0.6222222222222222,0.8166144455915625,0.7046977826875378,0.21508871204516436,1.3738730453025827,81.66144455915625,29.530221731246204,222,56,12000,7347,8e-05,0.0005,7,50,1,0.8686868686868687,0.6518972112700857,1337,2026-01-18 00:38:35,/home/jupyter/notebooks/jan26-LearningT/re-id-new/models2/utility/densenet121/scratch/gs20/fold_2.pt
densenet121,scratch,gs20,raw,blind,2,0.701010101010101,0.21428571428571427,0.5111111111111111,1.0,0.022222222222222223,0.9238691756762164,0.9262280444198544,0.09231665201227994,2.865125410795934,92.38691756762164,7.37719555801456,222,56,12000,7347,8e-05,0.0005,7,50,,,,1337,2026-01-18 00:38:48,/home/jupyter/notebooks/jan26-LearningT/re-id-new/models2/utility/densenet121/scratch/gs20/fold_2.pt
resnet18,scratch,gs30,gs30,adaptive,2,0.8767676767676768,0.8214285714285714,0.7171717171717171,0.5454545454545454,0.8888888888888888,0.8387270396818721,0.6943767321846818,0.1839158088296992,1.699926777965701,83.8727039681872,30.562326781531816,222,56,12000,7347,8e-05,0.0005,7,50,19,0.8767676767676768,0.5470475934702774,1337,2026-01-18 00:48:24,/home/jupyter/notebooks/jan26-LearningT/re-id-new/models2/utility/resnet18/scratch/gs30/fold_2.pt
resnet18,scratch,gs30,raw,blind,2,0.6666666666666666,0.19642857142857142,0.5,1.0,0.0,0.9607658747762063,0.9568094349338305,0.04004785180937424,3.1552408182582075,96.07658747762062,4.319056506616952,222,56,12000,7347,8e-05,0.0005,7,50,,,,1337,2026-01-18 00:48:28,/home/jupyter/notebooks/jan26-LearningT/re-id-new/models2/utility/resnet18/scratch/gs30/fold_2.pt
densenet121,scratch,gs30,gs30,adaptive,2,0.8626262626262626,0.75,0.8101010101010101,0.9090909090909091,0.7111111111111111,0.8127309072321506,0.721351340546855,0.22266176708691518,1.415212516856716,81.27309072321505,27.864865945314502,222,56,12000,7347,8e-05,0.0005,7,50,4,0.8626262626262626,0.7683623964930403,1337,2026-01-18 01:01:23,/home/jupyter/notebooks/jan26-LearningT/re-id-new/models2/utility/densenet121/scratch/gs30/fold_2.pt
densenet121,scratch,gs30,raw,blind,2,0.393939393939394,0.8035714285714286,0.5,0.0,1.0,0.8776399442566231,0.9021881252373838,0.13312116300773089,2.446762103140488,87.76399442566233,9.781187476261625,222,56,12000,7347,8e-05,0.0005,7,50,,,,1337,2026-01-18 01:01:36,/home/jupyter/notebooks/jan26-LearningT/re-id-new/models2/utility/densenet121/scratch/gs30/fold_2.pt
resnet18,scratch,gs40,gs40,adaptive,2,0.8727272727272727,0.6071428571428571,0.7212121212121212,0.9090909090909091,0.5333333333333333,0.7953397837168685,0.7472514269025933,0.24334246092735057,1.9008512573898542,79.53397837168686,25.274857309740682,222,56,12000,7347,8e-05,0.0005,7,50,9,0.8727272727272727,1.4758056748401502,1337,2026-01-18 01:07:43,/home/jupyter/notebooks/jan26-LearningT/re-id-new/models2/utility/resnet18/scratch/gs40/fold_2.pt
resnet18,scratch,gs40,raw,blind,2,0.35151515151515156,0.19642857142857142,0.5,1.0,0.0,0.9999035399621998,0.9999194787999918,9.646536154021497e-05,9.75288510431,99.99035399622,0.008052120000800035,222,56,12000,7347,8e-05,0.0005,7,50,,,,1337,2026-01-18 01:07:48,/home/jupyter/notebooks/jan26-LearningT/re-id-new/models2/utility/resnet18/scratch/gs40/fold_2.pt
densenet121,scratch,gs40,gs40,adaptive,2,0.8525252525252526,0.7857142857142857,0.7292929292929293,0.6363636363636364,0.8222222222222222,0.8515581270397159,0.7187569912299381,0.17034687405067056,1.6489861041925564,85.15581270397158,28.124300877006192,222,56,12000,7347,8e-05,0.0005,7,50,16,0.8525252525252526,0.7564951700383219,1337,2026-01-18 01:34:34,/home/jupyter/notebooks/jan26-LearningT/re-id-new/models2/utility/densenet121/scratch/gs40/fold_2.pt
densenet121,scratch,gs40,raw,blind,2,0.41414141414141414,0.7857142857142857,0.5575757575757576,0.18181818181818182,0.9333333333333333,0.6502578791362011,0.6741487538628949,0.4373408778365695,1.1541984834515973,65.02578791362012,32.585124613710526,222,56,12000,7347,8e-05,0.0005,7,50,,,,1337,2026-01-18 01:34:47,/home/jupyter/notebooks/jan26-LearningT/re-id-new/models2/utility/densenet121/scratch/gs40/fold_2.pt
resnet18,scratch,gs50,gs50,adaptive,2,0.8585858585858586,0.5357142857142857,0.7111111111111111,1.0,0.4222222222222222,0.7322746004469486,0.7407561983850403,0.3340035588576947,1.816052739082188,73.22746004469485,25.924380161495982,222,56,12000,7347,8e-05,0.0005,7,50,6,0.8585858585858586,1.5634019412100315,1337,2026-01-18 01:39:53,/home/jupyter/notebooks/jan26-LearningT/re-id-new/models2/utility/resnet18/scratch/gs50/fold_2.pt
resnet18,scratch,gs50,raw,blind,2,0.23636363636363636,0.19642857142857142,0.5,1.0,0.0,0.999990067611342,0.9999953572824151,9.932456608173366e-06,12.735737480763012,99.9990067611342,0.00046427175847697636,222,56,12000,7347,8e-05,0.0005,7,50,,,,1337,2026-01-18 01:39:58,/home/jupyter/notebooks/jan26-LearningT/re-id-new/models2/utility/resnet18/scratch/gs50/fold_2.pt
densenet121,scratch,gs50,gs50,adaptive,2,0.8727272727272727,0.8214285714285714,0.5797979797979798,0.18181818181818182,0.9777777777777777,0.8524200318697344,0.7151936157155901,0.17202619079675135,1.3179507059366795,85.24200318697345,28.480638428440976,222,56,12000,7347,8e-05,0.0005,7,50,6,0.8727272727272727,0.47889649148645075,1337,2026-01-18 01:55:11,/home/jupyter/notebooks/jan26-LearningT/re-id-new/models2/utility/densenet121/scratch/gs50/fold_2.pt
densenet121,scratch,gs50,raw,blind,2,0.34949494949494947,0.8035714285714286,0.5,0.0,1.0,0.9981040334034279,0.998756590855951,0.001898841090799115,6.965371221983644,99.81040334034282,0.12434091440489368,222,56,12000,7347,8e-05,0.0005,7,50,,,,1337,2026-01-18 01:55:24,/home/jupyter/notebooks/jan26-LearningT/re-id-new/models2/utility/densenet121/scratch/gs50/fold_2.pt
resnet18,scratch,raw,raw,adaptive,3,0.9284436493738819,0.7678571428571429,0.5,0.0,1.0,0.9149401014278078,0.7563553401788988,0.09154434966095225,1.5941544695593757,91.49401014278078,24.36446598211012,222,56,12000,7347,8e-05,0.0005,7,50,7,0.9284436493738819,0.4833258602382808,1337,2026-01-18 02:00:48,/home/jupyter/notebooks/jan26-LearningT/re-id-new/models2/utility/resnet18/scratch/raw/fold_3.pt
densenet121,scratch,raw,raw,adaptive,3,0.924865831842576,0.6964285714285714,0.8023255813953488,1.0,0.6046511627906976,0.8983596225413191,0.9139518575986717,0.11120287765672805,2.97533007067888,89.83596225413189,8.604814240132836,222,56,12000,7347,8e-05,0.0005,7,50,6,0.924865831842576,1.1052339419497754,1337,2026-01-18 02:16:01,/home/jupyter/notebooks/jan26-LearningT/re-id-new/models2/utility/densenet121/scratch/raw/fold_3.pt
resnet18,scratch,gs0,gs0,adaptive,3,0.9391771019677996,0.8214285714285714,0.6153846153846154,0.23076923076923078,1.0,0.8762286439769419,0.7221659223328755,0.14157204078042976,1.4636871185981828,87.62286439769416,27.78340776671245,222,56,12000,7347,8e-05,0.0005,7,50,8,0.9391771019677996,0.41819570637468634,1337,2026-01-18 02:21:49,/home/jupyter/notebooks/jan26-LearningT/re-id-new/models2/utility/resnet18/scratch/gs0/fold_3.pt
resnet18,scratch,gs0,raw,blind,3,0.2558139534883721,0.7678571428571429,0.5,0.0,1.0,0.7372874477615049,0.7589523492918662,0.3054635145210725,1.4256204696615122,73.72874477615049,24.104765070813365,222,56,12000,7347,8e-05,0.0005,7,50,,,,1337,2026-01-18 02:21:54,/home/jupyter/notebooks/jan26-LearningT/re-id-new/models2/utility/resnet18/scratch/gs0/fold_3.pt
densenet121,scratch,gs0,gs0,adaptive,3,0.9338103756708408,0.8214285714285714,0.6958855098389982,0.46153846153846156,0.9302325581395349,0.8870974855197923,0.6883675003754756,0.1253277345593805,1.2885730129022104,88.70974855197923,31.163249962452436,222,56,12000,7347,8e-05,0.0005,7,50,8,0.9338103756708408,0.4501310057681182,1337,2026-01-18 02:39:24,/home/jupyter/notebooks/jan26-LearningT/re-id-new/models2/utility/densenet121/scratch/gs0/fold_3.pt
densenet121,scratch,gs0,raw,blind,3,0.8103756708407872,0.7678571428571429,0.5,0.0,1.0,0.8602953400650574,0.8401895240811991,0.15070576303164696,1.8362763521482015,86.02953400650574,15.9810475918801,222,56,12000,7347,8e-05,0.0005,7,50,,,,1337,2026-01-18 02:39:37,/home/jupyter/notebooks/jan26-LearningT/re-id-new/models2/utility/densenet121/scratch/gs0/fold_3.pt
resnet18,scratch,gs10,gs10,adaptive,3,0.923076923076923,0.8392857142857143,0.7611806797853309,0.6153846153846154,0.9069767441860465,0.8536226449828758,0.6612195463110042,0.16751633842069938,1.1064106361374095,85.36226449828757,33.87804536889959,222,56,12000,7347,8e-05,0.0005,7,50,8,0.923076923076923,0.4044000403634433,1337,2026-01-18 02:45:23,/home/jupyter/notebooks/jan26-LearningT/re-id-new/models2/utility/resnet18/scratch/gs10/fold_3.pt
resnet18,scratch,gs10,raw,blind,3,0.5742397137745975,0.7678571428571429,0.5,0.0,1.0,0.7467715370497441,0.7416373140697048,0.29443741897699255,1.3586955802148932,74.67715370497442,25.836268593029505,222,56,12000,7347,8e-05,0.0005,7,50,,,,1337,2026-01-18 02:45:27,/home/jupyter/notebooks/jan26-LearningT/re-id-new/models2/utility/resnet18/scratch/gs10/fold_3.pt
densenet121,scratch,gs10,gs10,adaptive,3,0.9499105545617172,0.8035714285714286,0.5769230769230769,0.15384615384615385,1.0,0.9245117012187148,0.7251016012026964,0.08450803733661696,1.4612937427725499,92.45117012187151,27.489839879730365,222,56,12000,7347,8e-05,0.0005,7,50,3,0.9499105545617172,0.4115198153745511,1337,2026-01-18 02:57:12,/home/jupyter/notebooks/jan26-LearningT/re-id-new/models2/utility/densenet121/scratch/gs10/fold_3.pt
densenet121,scratch,gs10,raw,blind,3,0.8926654740608229,0.7678571428571429,0.5,0.0,1.0,0.9988522294239277,0.9985515776138011,0.0011484621652328554,6.539179479137754,99.88522294239279,0.1448422386198816,222,56,12000,7347,8e-05,0.0005,7,50,,,,1337,2026-01-18 02:57:25,/home/jupyter/notebooks/jan26-LearningT/re-id-new/models2/utility/densenet121/scratch/gs10/fold_3.pt
resnet18,scratch,gs20,gs20,adaptive,3,0.9159212880143113,0.8571428571428571,0.7996422182468694,0.6923076923076923,0.9069767441860465,0.8232385740278699,0.7092589481898974,0.2062294216293006,1.3295518963508743,82.32385740278698,29.07410518101026,222,56,12000,7347,8e-05,0.0005,7,50,15,0.9159212880143113,0.4561109018736872,1337,2026-01-18 03:05:36,/home/jupyter/notebooks/jan26-LearningT/re-id-new/models2/utility/resnet18/scratch/gs20/fold_3.pt
resnet18,scratch,gs20,raw,blind,3,0.7978533094812164,0.23214285714285715,0.5,1.0,0.0,0.9736272613429353,0.94144713383603,0.02678059921326079,3.112231618806834,97.36272613429354,5.855286616396982,222,56,12000,7347,8e-05,0.0005,7,50,,,,1337,2026-01-18 03:05:41,/home/jupyter/notebooks/jan26-LearningT/re-id-new/models2/utility/resnet18/scratch/gs20/fold_3.pt
densenet121,scratch,gs20,gs20,adaptive,3,0.9338103756708408,0.8928571428571429,0.9302325581395349,1.0,0.8604651162790697,0.8104879918247331,0.7505563026324155,0.22395382022130647,1.4674277432565237,81.04879918247329,24.94436973675845,222,56,12000,7347,8e-05,0.0005,7,50,2,0.9338103756708408,0.4217320716586606,1337,2026-01-18 03:16:32,/home/jupyter/notebooks/jan26-LearningT/re-id-new/models2/utility/densenet121/scratch/gs20/fold_3.pt
densenet121,scratch,gs20,raw,blind,3,0.8819320214669052,0.7678571428571429,0.5,0.0,1.0,0.9962575954014173,0.9920395733315099,0.0037514875393827025,4.916051129742152,99.62575954014176,0.7960426668489945,222,56,12000,7347,8e-05,0.0005,7,50,,,,1337,2026-01-18 03:16:45,/home/jupyter/notebooks/jan26-LearningT/re-id-new/models2/utility/densenet121/scratch/gs20/fold_3.pt
resnet18,scratch,gs30,gs30,adaptive,3,0.8998211091234347,0.8392857142857143,0.7880143112701252,0.6923076923076923,0.8837209302325582,0.818246021523332,0.6946623522628058,0.21107568678289987,1.2865978696016824,81.82460215233318,30.533764773719415,222,56,12000,7347,8e-05,0.0005,7,50,13,0.8998211091234347,0.4837363267253185,1337,2026-01-18 03:24:14,/home/jupyter/notebooks/jan26-LearningT/re-id-new/models2/utility/resnet18/scratch/gs30/fold_3.pt
resnet18,scratch,gs30,raw,blind,3,0.7084078711985689,0.7678571428571429,0.5,0.0,1.0,0.7586541833105901,0.7429618067219792,0.2765005161374852,1.361572290193486,75.86541833105902,25.703819327802083,222,56,12000,7347,8e-05,0.0005,7,50,,,,1337,2026-01-18 03:24:19,/home/jupyter/notebooks/jan26-LearningT/re-id-new/models2/utility/resnet18/scratch/gs30/fold_3.pt
densenet121,scratch,gs30,gs30,adaptive,3,0.9373881932021467,0.8571428571428571,0.7191413237924866,0.46153846153846156,0.9767441860465116,0.8529370024503629,0.6854172427437558,0.1714790922369711,1.2514405436853955,85.29370024503629,31.458275725624414,222,56,12000,7347,8e-05,0.0005,7,50,13,0.9373881932021467,0.477248164857256,1337,2026-01-18 03:47:40,/home/jupyter/notebooks/jan26-LearningT/re-id-new/models2/utility/densenet121/scratch/gs30/fold_3.pt
densenet121,scratch,gs30,raw,blind,3,0.30590339892665475,0.7678571428571429,0.5,0.0,1.0,0.946428392621707,0.9491899570009561,0.055084187669403845,2.9828111550678518,94.6428392621707,5.081004299904389,222,56,12000,7347,8e-05,0.0005,7,50,,,,1337,2026-01-18 03:47:53,/home/jupyter/notebooks/jan26-LearningT/re-id-new/models2/utility/densenet121/scratch/gs30/fold_3.pt
resnet18,scratch,gs40,gs40,adaptive,3,0.8819320214669052,0.75,0.4883720930232558,0.0,0.9767441860465116,0.9555827929572998,0.7848972606709792,0.04900575593221553,1.8444165368279724,95.55827929572997,21.510273932902066,222,56,12000,7347,8e-05,0.0005,7,50,3,0.8819320214669052,0.6423355728259375,1337,2026-01-18 03:51:54,/home/jupyter/notebooks/jan26-LearningT/re-id-new/models2/utility/resnet18/scratch/gs40/fold_3.pt
resnet18,scratch,gs40,raw,blind,3,0.6064400715563506,0.23214285714285715,0.5,1.0,0.0,0.9945445337060861,0.9923111036118045,0.005473856307436108,5.1160183048792955,99.4544533706086,0.7688896388195547,222,56,12000,7347,8e-05,0.0005,7,50,,,,1337,2026-01-18 03:51:59,/home/jupyter/notebooks/jan26-LearningT/re-id-new/models2/utility/resnet18/scratch/gs40/fold_3.pt
densenet121,scratch,gs40,gs40,adaptive,3,0.9338103756708407,0.8571428571428571,0.7191413237924866,0.46153846153846156,0.9767441860465116,0.8329165376825713,0.6298697669051527,0.20082489657967748,1.0045098693675083,83.29165376825712,37.01302330948473,222,56,12000,7347,8e-05,0.0005,7,50,2,0.9338103756708407,0.3448778968946687,1337,2026-01-18 04:02:35,/home/jupyter/notebooks/jan26-LearningT/re-id-new/models2/utility/densenet121/scratch/gs40/fold_3.pt
densenet121,scratch,gs40,raw,blind,3,0.8711985688729875,0.7678571428571429,0.5,0.0,1.0,0.9989939126545692,0.9957570573919519,0.0010074053443534347,5.821242700589339,99.89939126545691,0.4242942608048137,222,56,12000,7347,8e-05,0.0005,7,50,,,,1337,2026-01-18 04:02:48,/home/jupyter/notebooks/jan26-LearningT/re-id-new/models2/utility/densenet121/scratch/gs40/fold_3.pt
resnet18,scratch,gs50,gs50,adaptive,3,0.8747763864042933,0.8035714285714286,0.7647584973166368,0.6923076923076923,0.8372093023255814,0.7894212802106533,0.6534443121970852,0.2520433869267453,1.1208230798487546,78.9421280210653,34.655568780291475,222,56,12000,7347,8e-05,0.0005,7,50,5,0.8747763864042933,0.5691539018318571,1337,2026-01-18 04:07:28,/home/jupyter/notebooks/jan26-LearningT/re-id-new/models2/utility/resnet18/scratch/gs50/fold_3.pt
resnet18,scratch,gs50,raw,blind,3,0.7155635062611806,0.23214285714285715,0.5,1.0,0.0,0.9999986805878365,0.999998278407253,1.3194146690001543e-06,13.526141017988028,99.99986805878362,0.00017215927471650528,222,56,12000,7347,8e-05,0.0005,7,50,,,,1337,2026-01-18 04:07:33,/home/jupyter/notebooks/jan26-LearningT/re-id-new/models2/utility/resnet18/scratch/gs50/fold_3.pt
densenet121,scratch,gs50,gs50,adaptive,3,0.8801431127012522,0.75,0.5152057245080501,0.07692307692307693,0.9534883720930233,0.8946334842960381,0.7402594504790658,0.117672506491912,1.476341339797372,89.4633484296038,25.974054952093418,222,56,12000,7347,8e-05,0.0005,7,50,6,0.8801431127012522,0.5693615227937698,1337,2026-01-18 04:22:54,/home/jupyter/notebooks/jan26-LearningT/re-id-new/models2/utility/densenet121/scratch/gs50/fold_3.pt
densenet121,scratch,gs50,raw,blind,3,0.3148479427549195,0.7678571428571429,0.5,0.0,1.0,0.9949251194208213,0.9960683412157862,0.005089654115742816,5.57835078762187,99.49251194208215,0.3931658784213735,222,56,12000,7347,8e-05,0.0005,7,50,,,,1337,2026-01-18 04:23:07,/home/jupyter/notebooks/jan26-LearningT/re-id-new/models2/utility/densenet121/scratch/gs50/fold_3.pt
resnet18,scratch,raw,raw,adaptive,4,0.9853801169590644,0.8571428571428571,0.7777777777777778,0.5555555555555556,1.0,0.8338446022804341,0.5751801258515097,0.19882350416950537,0.8693108349341887,83.38446022804341,42.48198741484904,222,56,12000,6727,8e-05,0.0005,7,50,4,0.9853801169590644,0.39151469266639566,1337,2026-01-18 04:27:20,/home/jupyter/notebooks/jan26-LearningT/re-id-new/models2/utility/resnet18/scratch/raw/fold_4.pt
densenet121,scratch,raw,raw,adaptive,4,0.9502923976608186,0.875,0.8494152046783625,0.7777777777777778,0.9210526315789473,0.8098830541039593,0.6056656920981983,0.2273137492977079,0.9453122541746023,80.98830541039594,39.43343079018017,222,56,12000,6727,8e-05,0.0005,7,50,1,0.9502923976608186,0.3542273466317159,1337,2026-01-18 04:36:38,/home/jupyter/notebooks/jan26-LearningT/re-id-new/models2/utility/densenet121/scratch/raw/fold_4.pt
resnet18,scratch,gs0,gs0,adaptive,4,0.9692982456140351,0.875,0.8932748538011696,0.9444444444444444,0.8421052631578947,0.8263423252216809,0.6255547983168457,0.20180196855319166,1.1448609509121463,82.63423252216809,37.44452016831543,222,56,12000,6727,8e-05,0.0005,7,50,11,0.9692982456140351,0.450251782277845,1337,2026-01-18 04:43:20,/home/jupyter/notebooks/jan26-LearningT/re-id-new/models2/utility/resnet18/scratch/gs0/fold_4.pt
resnet18,scratch,gs0,raw,blind,4,0.7602339181286549,0.6785714285714286,0.5,0.0,1.0,0.9182595529021135,0.9167527539595481,0.0852767742493034,2.4860410910292368,91.82595529021137,8.32472460404519,222,56,12000,6727,8e-05,0.0005,7,50,,,,1337,2026-01-18 04:43:24,/home/jupyter/notebooks/jan26-LearningT/re-id-new/models2/utility/resnet18/scratch/gs0/fold_4.pt
densenet121,scratch,gs0,gs0,adaptive,4,0.8991228070175439,0.8571428571428571,0.8362573099415205,0.7777777777777778,0.8947368421052632,0.8024501388530142,0.6940913026844482,0.23867043607343152,1.261865719213119,80.24501388530142,30.59086973155518,222,56,12000,6727,8e-05,0.0005,7,50,1,0.8991228070175439,0.42080600925211636,1337,2026-01-18 04:52:47,/home/jupyter/notebooks/jan26-LearningT/re-id-new/models2/utility/densenet121/scratch/gs0/fold_4.pt
densenet121,scratch,gs0,raw,blind,4,0.4371345029239766,0.6785714285714286,0.5,0.0,1.0,0.9082865525442496,0.9171474675760298,0.09667355868215949,2.5048284144638195,90.82865525442493,8.285253242397037,222,56,12000,6727,8e-05,0.0005,7,50,,,,1337,2026-01-18 04:52:59,/home/jupyter/notebooks/jan26-LearningT/re-id-new/models2/utility/densenet121/scratch/gs0/fold_4.pt
resnet18,scratch,gs10,gs10,adaptive,4,0.9502923976608186,0.8392857142857143,0.8377192982456141,0.8333333333333334,0.8421052631578947,0.8315232484310601,0.6551363462105999,0.1928015569768671,1.1463322208953128,83.15232484310599,34.48636537894001,222,56,12000,6727,8e-05,0.0005,7,50,8,0.9502923976608186,0.4880908176584064,1337,2026-01-18 04:58:38,/home/jupyter/notebooks/jan26-LearningT/re-id-new/models2/utility/resnet18/scratch/gs10/fold_4.pt
resnet18,scratch,gs10,raw,blind,4,0.577485380116959,0.6785714285714286,0.5,0.0,1.0,0.873467181074519,0.87278290879284,0.135290422915225,2.0619903680626965,87.34671810745189,12.721709120715996,222,56,12000,6727,8e-05,0.0005,7,50,,,,1337,2026-01-18 04:58:42,/home/jupyter/notebooks/jan26-LearningT/re-id-new/models2/utility/resnet18/scratch/gs10/fold_4.pt
densenet121,scratch,gs10,gs10,adaptive,4,0.9444444444444444,0.6428571428571429,0.7368421052631579,1.0,0.47368421052631576,0.8082886357608684,0.7332786724171652,0.22723417261951592,1.5226691776684231,80.82886357608683,26.67213275828349,222,56,12000,6727,8e-05,0.0005,7,50,1,0.9444444444444444,0.7583289407193661,1337,2026-01-18 05:08:01,/home/jupyter/notebooks/jan26-LearningT/re-id-new/models2/utility/densenet121/scratch/gs10/fold_4.pt
densenet121,scratch,gs10,raw,blind,4,0.6681286549707602,0.6607142857142857,0.4868421052631579,0.0,0.9736842105263158,0.6805763167819829,0.6258909370187284,0.3921313069082197,0.9878399927531522,68.05763167819829,37.41090629812716,222,56,12000,6727,8e-05,0.0005,7,50,,,,1337,2026-01-18 05:08:13,/home/jupyter/notebooks/jan26-LearningT/re-id-new/models2/utility/densenet121/scratch/gs10/fold_4.pt
resnet18,scratch,gs20,gs20,adaptive,4,0.9634502923976608,0.7142857142857143,0.5555555555555556,0.1111111111111111,1.0,0.8515341194183815,0.6867294069342015,0.1641821367336483,1.2102698355488868,85.15341194183816,31.327059306579848,222,56,12000,6727,8e-05,0.0005,7,50,10,0.9634502923976608,0.5328316978126202,1337,2026-01-18 05:14:31,/home/jupyter/notebooks/jan26-LearningT/re-id-new/models2/utility/resnet18/scratch/gs20/fold_4.pt
resnet18,scratch,gs20,raw,blind,4,0.4342105263157895,0.6785714285714286,0.5,0.0,1.0,0.6871524558644522,0.7084318278947114,0.3813572952521098,1.2426030557872656,68.71524558644519,29.156817210528875,222,56,12000,6727,8e-05,0.0005,7,50,,,,1337,2026-01-18 05:14:36,/home/jupyter/notebooks/jan26-LearningT/re-id-new/models2/utility/resnet18/scratch/gs20/fold_4.pt
densenet121,scratch,gs20,gs20,adaptive,4,0.9298245614035088,0.6964285714285714,0.7763157894736843,1.0,0.5526315789473685,0.804124125540177,0.7291309042189595,0.2342232284629793,1.5849502067583778,80.4124125540177,27.086909578104045,222,56,12000,6727,8e-05,0.0005,7,50,2,0.9298245614035088,0.8381711007710898,1337,2026-01-18 05:25:03,/home/jupyter/notebooks/jan26-LearningT/re-id-new/models2/utility/densenet121/scratch/gs20/fold_4.pt
densenet121,scratch,gs20,raw,blind,4,0.46345029239766083,0.6785714285714286,0.5,0.0,1.0,0.9037478697453544,0.9096430051891554,0.10251055994894537,2.5366863601175984,90.37478697453544,9.035699481084462,222,56,12000,6727,8e-05,0.0005,7,50,,,,1337,2026-01-18 05:25:15,/home/jupyter/notebooks/jan26-LearningT/re-id-new/models2/utility/densenet121/scratch/gs20/fold_4.pt
resnet18,scratch,gs30,gs30,adaptive,4,0.9780701754385965,0.7678571428571429,0.6388888888888888,0.2777777777777778,1.0,0.8488695596126552,0.692112317606129,0.17233300766170853,1.2074516485157927,84.88695596126551,30.788768239387117,222,56,12000,6727,8e-05,0.0005,7,50,15,0.9780701754385965,0.5222454797827972,1337,2026-01-18 05:33:16,/home/jupyter/notebooks/jan26-LearningT/re-id-new/models2/utility/resnet18/scratch/gs30/fold_4.pt
resnet18,scratch,gs30,raw,blind,4,0.4137426900584795,0.6785714285714286,0.5,0.0,1.0,0.8870098684048972,0.8875732952261538,0.11990059766685539,2.1855552582270565,88.7009868404897,11.242670477384628,222,56,12000,6727,8e-05,0.0005,7,50,,,,1337,2026-01-18 05:33:20,/home/jupyter/notebooks/jan26-LearningT/re-id-new/models2/utility/resnet18/scratch/gs30/fold_4.pt
resnet18,scratch,gs40,gs40,adaptive,4,0.8859649122807018,0.6785714285714286,0.5,0.0,1.0,0.9544091478475576,0.888228693820526,0.04827324975834406,2.327579363960231,95.44091478475578,11.17713061794739,222,56,12000,6727,8e-05,0.0005,7,50,5,0.8859649122807018,0.9245659721628675,1337,2026-01-18 05:51:39,/home/jupyter/notebooks/jan26-LearningT/re-id-new/models2/utility/resnet18/scratch/gs40/fold_4.pt
resnet18,scratch,gs40,raw,blind,4,0.25584795321637427,0.32142857142857145,0.5,1.0,0.0,0.9999639203631749,0.9999827721578358,3.608063654562339e-05,11.633972468417051,99.99639203631749,0.0017227842164168588,222,56,12000,6727,8e-05,0.0005,7,50,,,,1337,2026-01-18 05:51:51,/home/jupyter/notebooks/jan26-LearningT/re-id-new/models2/utility/resnet18/scratch/gs40/fold_4.pt
densenet121,scratch,gs40,gs40,adaptive,4,0.912280701754386,0.8035714285714286,0.7236842105263157,0.5,0.9473684210526315,0.8074559401541966,0.6432846160602136,0.23136701923834654,1.067872197286165,80.74559401541968,35.67153839397864,222,56,12000,6727,8e-05,0.0005,7,50,2,0.912280701754386,0.464346725142227,1337,2026-01-18 06:02:22,/home/jupyter/notebooks/jan26-LearningT/re-id-new/models2/utility/densenet121/scratch/gs40/fold_4.pt
densenet121,scratch,gs40,raw,blind,4,0.8596491228070176,0.6964285714285714,0.7616959064327485,0.9444444444444444,0.5789473684210527,0.7001754389064109,0.6140073813182277,0.3695753879225928,0.9849090383850594,70.01754389064111,38.599261868177216,222,56,12000,6727,8e-05,0.0005,7,50,,,,1337,2026-01-18 06:02:34,/home/jupyter/notebooks/jan26-LearningT/re-id-new/models2/utility/densenet121/scratch/gs40/fold_4.pt
resnet18,scratch,gs50,gs50,adaptive,4,0.9005847953216375,0.6785714285714286,0.5146198830409356,0.05555555555555555,0.9736842105263158,0.8625331226666207,0.7562662964640019,0.1513617317371053,1.4849372736291995,86.25331226666209,24.373370353599814,222,56,12000,6727,8e-05,0.0005,7,50,17,0.9005847953216375,0.6858527741904529,1337,2026-01-18 06:11:17,/home/jupyter/notebooks/jan26-LearningT/re-id-new/models2/utility/resnet18/scratch/gs50/fold_4.pt
resnet18,scratch,gs50,raw,blind,4,0.5453216374269007,0.6785714285714286,0.5,0.0,1.0,0.7316664112499907,0.7291549877102265,0.31256065408670597,1.3076031338480196,73.16664112499907,27.084501228977345,222,56,12000,6727,8e-05,0.0005,7,50,,,,1337,2026-01-18 06:11:21,/home/jupyter/notebooks/jan26-LearningT/re-id-new/models2/utility/resnet18/scratch/gs50/fold_4.pt
densenet121,scratch,gs50,gs50,adaptive,4,0.8932748538011696,0.48214285714285715,0.618421052631579,1.0,0.23684210526315788,0.8210446690789664,0.773427537821294,0.22656837304268299,1.7960542001518034,82.10446690789662,22.657246217870593,222,56,12000,6727,8e-05,0.0005,7,50,7,0.8932748538011696,1.8980103520289906,1337,2026-01-18 06:36:58,/home/jupyter/notebooks/jan26-LearningT/re-id-new/models2/utility/densenet121/scratch/gs50/fold_4.pt
densenet121,scratch,gs50,raw,blind,4,0.6359649122807017,0.6785714285714286,0.5,0.0,1.0,0.9807559212838193,0.9787632816229426,0.019439445154837205,3.866612381366505,98.07559212838193,2.1236718377057273,222,56,12000,6727,8e-05,0.0005,7,50,,,,1337,2026-01-18 06:37:15,/home/jupyter/notebooks/jan26-LearningT/re-id-new/models2/utility/densenet121/scratch/gs50/fold_4.pt
