fold,arch,init,train_condition,attacker_type,eval_split,eval_condition,seed,level,rank1,rank5,top1_sim,margin,p_top1,auc,tar_at_far_1pct,mean_sim_same,mean_sim_diff,n_pos_pairs,n_neg_pairs
0,densenet121,pretrained,raw,adaptive,train,raw,1337,slice_level,0.9905831818932761,0.9978523046423261,0.9350213762868166,0.008864950202190048,0.0017822505724764055,0.9228652705924396,0.3744309086161287,0.8739088553330515,0.6946225380538841,176158,1210600
0,densenet121,pretrained,raw,adaptive,train,raw,1337,subject_level,1.0,1.0,0.9945300955038804,0.028035078922547904,0.025460063627335282,0.9999998138672612,1.0,0.9945300955038804,0.7850122175997346,221,48620
0,densenet121,pretrained,raw,adaptive,test,raw,1337,slice_level,0.9988881476539916,0.9997776295307983,0.9375132192419136,0.006702807179180177,0.002491332808020613,0.920237837658692,0.41478810328635424,0.8642187694705711,0.7157800563660255,305597,899400
0,densenet121,pretrained,raw,adaptive,test,raw,1337,subject_level,1.0,1.0,0.9973489276000431,0.03820584501538958,0.07663091671253953,1.0,1.0,0.9973489276000431,0.8288241863867758,70,4830
1,densenet121,pretrained,raw,adaptive,train,raw,1337,slice_level,0.9910817506193229,0.9983484723369116,0.9377546381595999,0.008662787997752157,0.0016855658647626588,0.9214220583326782,0.368043067208669,0.8771341430268159,0.6926112534861049,172939,1211000
1,densenet121,pretrained,raw,adaptive,train,raw,1337,subject_level,1.0,1.0,0.994857216852283,0.0275914639369395,0.02387555633835933,0.9999999069336305,1.0,0.994857216852283,0.7809012226266951,221,48620
1,densenet121,pretrained,raw,adaptive,test,raw,1337,slice_level,0.9981912728917025,0.9993217273343884,0.9323398654153113,0.007572298806742686,0.0027684978769245455,0.8956972979688089,0.3901208192132017,0.844794102817878,0.7157308662679234,298628,884600
1,densenet121,pretrained,raw,adaptive,test,raw,1337,subject_level,1.0,1.0,0.9970901046480452,0.042915710381099155,0.07676080491925989,1.0,1.0,0.9970901046480452,0.843934150876219,70,4830
2,densenet121,pretrained,raw,adaptive,train,raw,1337,slice_level,0.9828241123038811,0.9948802642444261,0.9016655217803873,0.013355214137070245,0.0021550705823197526,0.894445467433199,0.40902230420929064,0.8112927321346014,0.7126732946741344,172927,1211000
2,densenet121,pretrained,raw,adaptive,train,raw,1337,subject_level,1.0,1.0,0.9910074700643351,0.036174322570766415,0.022848667077686603,0.9999999081875076,1.0,0.9910074700643351,0.8677013356255764,222,49062
2,densenet121,pretrained,raw,adaptive,test,raw,1337,slice_level,0.998824082784572,1.0,0.9143098882090227,0.009487152884618807,0.003090534581150509,0.8999289101668724,0.4012634448209813,0.818191496239454,0.7222974201908943,271480,850400
2,densenet121,pretrained,raw,adaptive,test,raw,1337,subject_level,1.0,1.0,0.9961675500524216,0.04359222235886947,0.06533717342476913,1.0,1.0,0.9961675500524216,0.880453001926927,69,4692
3,densenet121,pretrained,raw,adaptive,train,raw,1337,slice_level,0.9933949801849405,0.9985138705416117,0.8897176389945388,0.013901820595780956,0.002277148588768285,0.9147434199044016,0.4553293841459546,0.8022135878650424,0.697452227986409,173369,1211200
3,densenet121,pretrained,raw,adaptive,train,raw,1337,subject_level,1.0,1.0,0.991022668711774,0.04115403047553054,0.02509122296144162,1.0,1.0,0.991022668711774,0.8600754747500183,222,49062
3,densenet121,pretrained,raw,adaptive,test,raw,1337,slice_level,0.9997614503816794,1.0,0.8965364035702389,0.010270536813230915,0.003144339261808031,0.8947036000561499,0.4218438387623134,0.797041921732454,0.7045654512707941,264752,838400
3,densenet121,pretrained,raw,adaptive,test,raw,1337,subject_level,1.0,1.0,0.9955313551253167,0.04834519607433374,0.06696682920058568,1.0,1.0,0.9955313551253167,0.8773092163467855,69,4692
4,densenet121,pretrained,raw,adaptive,train,raw,1337,slice_level,0.9894284770399736,0.9963660389824909,0.9502167919503607,0.007041783844002962,0.0012617745551104997,0.9199151731759596,0.30043337890113725,0.9017199679970349,0.7124151167420835,171905,1210800
4,densenet121,pretrained,raw,adaptive,train,raw,1337,subject_level,1.0,1.0,0.9958686544014527,0.021790662864307024,0.019864230152420902,0.9999947666879304,1.0,0.9958686544014527,0.7845310296274555,222,49062
4,densenet121,pretrained,raw,adaptive,test,raw,1337,slice_level,0.995889225443531,0.9982691475551709,0.948787730875494,0.005673970638648198,0.001797601367901162,0.8741843259231105,0.31850607976943324,0.8815773825746026,0.7475043401556039,335868,924400
4,densenet121,pretrained,raw,adaptive,test,raw,1337,subject_level,1.0,1.0,0.997811628424603,0.029812184796817062,0.06571819703432097,1.0,1.0,0.997811628424603,0.8431805402599434,69,4692
0,densenet121,pretrained,gs0,adaptive,train,gs0,1337,slice_level,0.9653064596068065,0.99273087725095,0.8795832127908744,0.011816118042389854,0.002182672791141914,0.911790571037197,0.3749020765449199,0.7973422031818282,0.6728179999153003,176158,1210600
0,densenet121,pretrained,gs0,adaptive,train,gs0,1337,subject_level,1.0,1.0,0.9902793765068054,0.03154724243000082,0.026926568275258553,0.9999983248053518,1.0,0.9902793765068054,0.8314054156516816,221,48620
0,densenet121,pretrained,gs0,adaptive,test,gs0,1337,slice_level,0.9944407382699577,0.9997776295307983,0.8873905275354179,0.008557647923933338,0.00265010113611259,0.9132218802128163,0.3890057821248245,0.8018884594841227,0.6894196400753466,305597,899400
0,densenet121,pretrained,gs0,adaptive,test,gs0,1337,subject_level,1.0,1.0,0.9957411587238312,0.038856685161590576,0.0700821792440755,1.0,1.0,0.9957411587238312,0.8594298369519212,70,4830
0,densenet121,pretrained,gs0,blind,train,raw,1337,slice_level,0.993226499256567,0.9983479266479431,0.9942130463272604,0.0019757977285090505,0.0002937854781375712,0.8569481596707711,0.3221028849101375,0.9762003404097422,0.9540036674070591,176158,1210600
0,densenet121,pretrained,gs0,blind,train,raw,1337,subject_level,1.0,1.0,0.9990503731356487,0.0060637968158290395,0.006241783324831347,0.9999986040044597,1.0,0.9990503731356487,0.9759430694168166,221,48620
0,densenet121,pretrained,gs0,blind,test,raw,1337,slice_level,0.9995552590615966,1.0,0.9956192670993496,0.0011060863885716224,0.0003978616319411828,0.8525626523304967,0.34384499847838823,0.9759301647158746,0.9535076480932917,305597,899400
0,densenet121,pretrained,gs0,blind,test,raw,1337,subject_level,1.0,1.0,0.9996001788548061,0.00742850729397365,0.019674620351621083,1.0,1.0,0.9996001788548061,0.9763404593334435,70,4830
1,densenet121,pretrained,gs0,adaptive,train,gs0,1337,slice_level,0.9659785301403798,0.9910817506193229,0.8650275431222703,0.013375615591258673,0.0019690804181175968,0.8747221483979909,0.3716050167978304,0.7727028124822765,0.681944349237457,172939,1211000
1,densenet121,pretrained,gs0,adaptive,train,gs0,1337,subject_level,1.0,1.0,0.9890616997334752,0.033902824734131136,0.021213781640641558,0.9999968357434421,1.0,0.9890616997334752,0.8706508957238808,221,48620
1,densenet121,pretrained,gs0,adaptive,test,gs0,1337,slice_level,0.9959303640063305,0.9997739091114628,0.8704434299857104,0.01031084391371632,0.0029947372613377448,0.8691265428677145,0.38769974684222513,0.7645056195167808,0.6768243357001819,298628,884600
1,densenet121,pretrained,gs0,adaptive,test,gs0,1337,subject_level,1.0,1.0,0.9949877398354666,0.04194713575499398,0.06293672067778451,0.9999999999999999,1.0,0.9949877398354666,0.880356659713986,70,4830
1,densenet121,pretrained,gs0,blind,train,raw,1337,slice_level,0.9912469033856317,0.9963666391412056,0.9910052615290924,0.003392780073214719,0.00039346207980709466,0.8485493950819993,0.3247850398117255,0.9607503448561165,0.9293223906336591,172939,1211000
1,densenet121,pretrained,gs0,blind,train,raw,1337,subject_level,1.0,1.0,0.9984792624663443,0.008897554011366486,0.007150870119958981,0.9999966496107033,1.0,0.9984792624663443,0.9653813794580127,221,48620
1,densenet121,pretrained,gs0,blind,test,raw,1337,slice_level,0.9995478182229256,0.9995478182229256,0.9920611273452704,0.0021269289099089357,0.0005628203927981894,0.8402538446981666,0.3156870755588893,0.9568291770721616,0.9257166049490815,298628,884600
1,densenet121,pretrained,gs0,blind,test,raw,1337,subject_level,1.0,1.0,0.9992499155657631,0.011856095279966082,0.022546528386218206,1.0,1.0,0.9992499155657631,0.9659976162648842,70,4830
2,densenet121,pretrained,gs0,adaptive,train,gs0,1337,slice_level,0.9559042113955408,0.9895953757225433,0.8690142983646062,0.012841603718544214,0.0019909740971385185,0.8712462019779837,0.37861641039282473,0.7761989122739912,0.68366606735248,172927,1211000
2,densenet121,pretrained,gs0,adaptive,train,gs0,1337,subject_level,0.9954954954954955,1.0,0.988842706422548,0.03371758289165325,0.021416885484647645,0.9999968783752567,1.0,0.9888374222828461,0.8687258598433303,222,49062
2,densenet121,pretrained,gs0,adaptive,test,gs0,1337,slice_level,0.9978833490122295,1.0,0.8800577341192529,0.009660192247504685,0.0029576328908707,0.878396386104231,0.36142257256519816,0.7813067496332273,0.6888907269414721,271480,850400
2,densenet121,pretrained,gs0,adaptive,test,gs0,1337,subject_level,1.0,1.0,0.995195954606153,0.041620075702667236,0.06395509752674379,1.0,1.0,0.995195954606153,0.8790790779358896,69,4692
2,densenet121,pretrained,gs0,blind,train,raw,1337,slice_level,0.987943848059455,0.9935590421139554,0.9912104486730058,0.0031532621501793455,0.000379648225592114,0.8386453550991005,0.31972450802939967,0.9620053359469742,0.9318721339190232,172927,1211000
2,densenet121,pretrained,gs0,blind,train,raw,1337,subject_level,0.9954954954954955,1.0,0.9984440247754793,0.008511681277472694,0.007001967758762541,0.999990176063308,1.0,0.9984390587957056,0.9664363683091312,222,49062
2,densenet121,pretrained,gs0,blind,test,raw,1337,slice_level,1.0,1.0,0.9941605585062157,0.0017112802612478735,0.0005359149472941846,0.8542931075796364,0.3332437011934581,0.9658086991789188,0.9340335295613599,271480,850400
2,densenet121,pretrained,gs0,blind,test,raw,1337,subject_level,1.0,1.0,0.9993771444196287,0.01068392439164977,0.022496680256681167,1.0,1.0,0.9993771444196287,0.967153733280207,69,4692
3,densenet121,pretrained,gs0,adaptive,train,gs0,1337,slice_level,0.9491413474240423,0.9924042272126816,0.9118404300438051,0.008421814494829039,0.0016826771958171336,0.9120190226910847,0.32836320218724224,0.8507884572703313,0.6935865137835564,173369,1211200
3,densenet121,pretrained,gs0,adaptive,train,gs0,1337,subject_level,1.0,1.0,0.9934943315682111,0.024154802163441975,0.024075049462283518,0.9999998163750151,1.0,0.9934943315682111,0.8080169359849011,222,49062
3,densenet121,pretrained,gs0,adaptive,test,gs0,1337,slice_level,0.9861641221374046,0.9966603053435115,0.908038888581609,0.007855014164597933,0.002250601442341132,0.8698989953112934,0.3287756088716988,0.8272589811576934,0.7271029022167159,264752,838400
3,densenet121,pretrained,gs0,adaptive,test,gs0,1337,subject_level,1.0,1.0,0.9963236105614814,0.032073094361070274,0.06113489825224531,1.0,1.0,0.9963236105614814,0.8747095124699169,69,4692
3,densenet121,pretrained,gs0,blind,train,raw,1337,slice_level,0.9933949801849405,0.9983487450462352,0.996215998398108,0.0013597225339755986,0.0002479999991419811,0.8625176064205813,0.34252951796457265,0.983876253406702,0.9685091035214193,173369,1211200
3,densenet121,pretrained,gs0,blind,train,raw,1337,subject_level,1.0,1.0,0.9994364327138608,0.00415750451990076,0.005631335077572379,0.999999173687568,1.0,0.9994364327138608,0.9835059837452631,222,49062
3,densenet121,pretrained,gs0,blind,test,raw,1337,slice_level,0.9992843511450382,1.0,0.996890937141676,0.0008043436091819793,0.00035098943771333,0.8690620777996487,0.37140795914667313,0.9842282964328992,0.9693903321149325,264752,838400
3,densenet121,pretrained,gs0,blind,test,raw,1337,subject_level,1.0,1.0,0.999690194060837,0.004828477251356927,0.01786929617325465,1.0,1.0,0.999690194060837,0.9845678613847478,69,4692
4,densenet121,pretrained,gs0,adaptive,train,gs0,1337,slice_level,0.958374628344896,0.9922365378262306,0.9153004996367796,0.008165308989665672,0.0016823559158560422,0.9145546574532126,0.3216078648090515,0.8549841486597376,0.6805231295595315,171905,1210800
4,densenet121,pretrained,gs0,adaptive,train,gs0,1337,subject_level,1.0,1.0,0.9937252144555788,0.024609542107796884,0.024444420175912144,0.9999986228126133,1.0,0.9937252144555788,0.7903038643786183,222,49062
4,densenet121,pretrained,gs0,adaptive,test,gs0,1337,slice_level,0.9865858935525746,0.9974037213327563,0.9121534491271387,0.007213136892925347,0.0022809771221169975,0.8858878243643211,0.31287291435921255,0.8336481567133396,0.7064891825242702,335868,924400
4,densenet121,pretrained,gs0,adaptive,test,gs0,1337,subject_level,1.0,1.0,0.9969613984011222,0.0343092351719953,0.07503083164709201,1.0,1.0,0.9969613984011222,0.8416471917306065,69,4692
4,densenet121,pretrained,gs0,blind,train,raw,1337,slice_level,0.9945490584737364,0.9985133795837463,0.9940412971971057,0.00206023414299596,0.00029623094391048377,0.8741351549563329,0.34928012565079547,0.9761440697974523,0.9534510174958293,171905,1210800
4,densenet121,pretrained,gs0,blind,train,raw,1337,subject_level,1.0,1.0,0.9990684650502764,0.006602485706140329,0.0062447342295870855,0.9999990818750756,1.0,0.9990684650502764,0.9757054295040198,222,49062
4,densenet121,pretrained,gs0,blind,test,raw,1337,slice_level,0.9997836434443964,1.0,0.9956409785975526,0.0011193646026967873,0.0003821638738494713,0.8747367539498153,0.3280872247430538,0.9767394057297821,0.9546620011574027,335868,924400
4,densenet121,pretrained,gs0,blind,test,raw,1337,subject_level,1.0,1.0,0.9996323585510254,0.007849585318910902,0.019955653481293415,1.0,1.0,0.9996323585510254,0.9764598011843485,69,4692
0,densenet121,pretrained,gs10,adaptive,train,gs10,1337,slice_level,0.8402445068561044,0.9633239715843384,0.8414535485731163,0.009442028468765544,0.0013037405961151447,0.8885176265698517,0.33618115555353717,0.7720845011819628,0.688139733588343,176158,1210600
0,densenet121,pretrained,gs10,adaptive,train,gs10,1337,subject_level,1.0,1.0,0.9886949097408968,0.024480044032653532,0.01818309425127722,0.9999964634779648,1.0,0.9886949097408968,0.8777668299190992,221,48620
0,densenet121,pretrained,gs10,adaptive,test,gs10,1337,slice_level,0.959083833666889,0.9971091839003781,0.8481826672480852,0.007948909424558491,0.0015520628605183726,0.8860764988326607,0.3359129834389735,0.7762161407086405,0.7023430390998288,305597,899400
0,densenet121,pretrained,gs10,adaptive,test,gs10,1337,subject_level,1.0,1.0,0.9951631801468985,0.029280256373541695,0.046716807676213126,0.9999999999999999,1.0,0.9951631801468985,0.9026408789937788,70,4830
0,densenet121,pretrained,gs10,blind,train,raw,1337,slice_level,0.9983479266479431,0.9993391706591773,0.9988600312826477,0.0005296254264368965,0.00022174896746683068,0.8917173187703492,0.4762542717333303,0.9921270874381832,0.9790531207222043,176158,1210600
0,densenet121,pretrained,gs10,blind,train,raw,1337,subject_level,1.0,1.0,0.9996921533373146,0.002836258163279538,0.005454792598961975,0.9999827827216701,1.0,0.9996921533373146,0.9863418668876308,221,48620
0,densenet121,pretrained,gs10,blind,test,raw,1337,slice_level,1.0,1.0,0.999201815274654,0.0002630627338213472,0.0002927319018226879,0.906505925995783,0.5085913801509832,0.9925845784028106,0.9794413692061971,305597,899400
0,densenet121,pretrained,gs10,blind,test,raw,1337,subject_level,1.0,1.0,0.9998870968818665,0.0032797208854130335,0.017220983494605338,1.0,1.0,0.9998870968818665,0.9863877458478599,70,4830
1,densenet121,pretrained,gs10,adaptive,train,gs10,1337,slice_level,0.7686209744013213,0.9374071015689512,0.8611254328346567,0.008071603566334329,0.0013915314342754315,0.8890861417825979,0.20511856781871066,0.7960184448718907,0.676305151178953,172939,1211000
1,densenet121,pretrained,gs10,adaptive,train,gs10,1337,subject_level,1.0,1.0,0.9904661755756016,0.020723206155440387,0.02045074185752626,0.9999971149425503,1.0,0.9904661755756016,0.8378754353790506,221,48620
1,densenet121,pretrained,gs10,adaptive,test,gs10,1337,slice_level,0.9129550079131811,0.9853040922450825,0.8611586016549962,0.007688835037528134,0.001923201312783709,0.8643417590489679,0.22897718901107733,0.7795981273007373,0.6818759703755433,298628,884600
1,densenet121,pretrained,gs10,adaptive,test,gs10,1337,subject_level,1.0,1.0,0.9955105117389134,0.029648209469658987,0.05658204842891012,1.0,1.0,0.9955105117389134,0.8699231584003007,70,4830
1,densenet121,pretrained,gs10,blind,train,raw,1337,slice_level,0.998018166804294,0.999009083402147,0.9989800558318588,0.0004801445712145452,0.00021573230313453638,0.895132146054048,0.46466094981467454,0.9931495029346077,0.9811362055277746,172939,1211000
1,densenet121,pretrained,gs10,blind,train,raw,1337,subject_level,1.0,1.0,0.9997419048758114,0.0023165059305424065,0.00536390239945971,0.999969195031745,1.0,0.9997419048758114,0.9875552140442936,221,48620
1,densenet121,pretrained,gs10,blind,test,raw,1337,slice_level,1.0,1.0,0.9991660922354711,0.00027694038856414927,0.00029389952226151764,0.8743463151803469,0.43551843765487497,0.9918364225464432,0.9804547498520213,298628,884600
1,densenet121,pretrained,gs10,blind,test,raw,1337,subject_level,1.0,1.0,0.9998742171696254,0.003214071478162493,0.016877341004354614,0.9999999999999999,1.0,0.9998742171696254,0.9878588701257054,70,4830
2,densenet121,pretrained,gs10,adaptive,train,gs10,1337,slice_level,0.8123864574731626,0.9492981007431874,0.8297432292895707,0.010194120989861713,0.001346817679699775,0.8551508893766369,0.3062332660602451,0.7502618420050086,0.675106296878305,172927,1211000
2,densenet121,pretrained,gs10,adaptive,train,gs10,1337,subject_level,0.9954954954954955,1.0,0.9873248349438917,0.025101857410894858,0.016908745642180915,0.9999903596882929,1.0,0.987312569543048,0.8859990074490126,222,49062
2,densenet121,pretrained,gs10,adaptive,test,gs10,1337,slice_level,0.9327375352775165,0.9936500470366886,0.8376073806160257,0.009070541397760415,0.0019399923495322978,0.8604192569988646,0.2928724031236187,0.754810829952862,0.680495878762845,271480,850400
2,densenet121,pretrained,gs10,adaptive,test,gs10,1337,subject_level,1.0,1.0,0.9945427213889965,0.03189758891644685,0.05070839546944784,1.0,1.0,0.9945427213889965,0.8980673300412,69,4692
2,densenet121,pretrained,gs10,blind,train,raw,1337,slice_level,0.9960363336085879,0.9986787778695293,0.9979951247412936,0.0008857268916979789,0.00023944964789567033,0.8976304649694501,0.47480150583772346,0.9887826003112407,0.9726894507301829,172927,1211000
2,densenet121,pretrained,gs10,blind,train,raw,1337,subject_level,0.9954954954954955,1.0,0.9995609913860355,0.0038779794095872757,0.005678724675850423,0.9999623568780962,1.0,0.9995510696290849,0.9829865175411989,222,49062
2,densenet121,pretrained,gs10,blind,test,raw,1337,slice_level,1.0,1.0,0.99872360980578,0.00044329660687935545,0.0003309803660988575,0.9013347693567546,0.4954692795049359,0.9898788310026444,0.9742938043417537,271480,850400
2,densenet121,pretrained,gs10,blind,test,raw,1337,subject_level,1.0,1.0,0.9998242086258488,0.004415950049524722,0.018011323810703514,1.0,1.0,0.9998242086258488,0.9841314152149898,69,4692
3,densenet121,pretrained,gs10,adaptive,train,gs10,1337,slice_level,0.7960700132100397,0.946003963011889,0.8549400051585749,0.008906712600545492,0.001551272717038172,0.8895015820636671,0.3001343954224804,0.7830569969644355,0.6758929923608102,173369,1211200
3,densenet121,pretrained,gs10,adaptive,train,gs10,1337,subject_level,1.0,1.0,0.9896950423717499,0.022832759328790614,0.021053961360709625,0.9999941240004833,1.0,0.9896950423717499,0.8533059453297019,222,49062
3,densenet121,pretrained,gs10,adaptive,test,gs10,1337,slice_level,0.9358301526717557,0.9930820610687023,0.8536443786539194,0.008732266198019034,0.0019159081928189381,0.856808233441882,0.2860450534840152,0.7713448004176294,0.6947179693920282,264752,838400
3,densenet121,pretrained,gs10,adaptive,test,gs10,1337,subject_level,1.0,1.0,0.994805659936822,0.02932465940281965,0.05137144531244817,1.0,1.0,0.994805659936822,0.8946291009712097,69,4692
3,densenet121,pretrained,gs10,blind,train,raw,1337,slice_level,0.9968626155878467,0.9995046235138706,0.9978653075298985,0.00095388794236643,0.00024656424224017974,0.8842079081740823,0.42448188545818455,0.9877748929151038,0.9705221143223178,173369,1211200
3,densenet121,pretrained,gs10,blind,train,raw,1337,subject_level,1.0,1.0,0.9995860650732711,0.004181299929146294,0.00577648839837796,0.9999990818750755,1.0,0.9995860650732711,0.9818100172739762,222,49062
3,densenet121,pretrained,gs10,blind,test,raw,1337,slice_level,0.9992843511450382,0.9995229007633588,0.9983621955714153,0.000545507368013149,0.00035377295217023564,0.8937290177372929,0.44958678310267725,0.9880790206223624,0.9701274007361894,264752,838400
3,densenet121,pretrained,gs10,blind,test,raw,1337,subject_level,1.0,1.0,0.9997354374415632,0.005457451378089794,0.018654319822140362,0.9999876447113187,1.0,0.9997354374415632,0.9814415707714215,69,4692
4,densenet121,pretrained,gs10,adaptive,train,gs10,1337,slice_level,0.8130161876445325,0.9527585067723819,0.8398026936039265,0.00914584005237374,0.00137411813542001,0.8845333294571441,0.32404525755504493,0.7680334584736075,0.6808542222776526,171905,1210800
4,densenet121,pretrained,gs10,adaptive,train,gs10,1337,subject_level,1.0,1.0,0.988592185952642,0.024130707657015003,0.01857286769275864,0.999999173687568,1.0,0.988592185952642,0.8759707176633337,222,49062
4,densenet121,pretrained,gs10,adaptive,test,gs10,1337,slice_level,0.9355257464301169,0.9935093033318909,0.8416092469546765,0.008258389335646354,0.0016941044549679376,0.8513985131723026,0.2870532471089833,0.7582324213949302,0.6864785725456368,335868,924400
4,densenet121,pretrained,gs10,adaptive,test,gs10,1337,subject_level,1.0,1.0,0.9952226825382399,0.030215957890386166,0.05095812284212182,1.0,1.0,0.9952226825382399,0.8959210713704427,69,4692
4,densenet121,pretrained,gs10,blind,train,raw,1337,slice_level,0.9978526593987447,0.9993392798149984,0.9982077847288747,0.0008086036505540055,0.00022851416199047873,0.8860868940080465,0.42717780169279546,0.9897693487009221,0.9763584498206518,171905,1210800
4,densenet121,pretrained,gs10,blind,train,raw,1337,subject_level,1.0,1.0,0.9996345598955412,0.0033473546977515695,0.005461808159813151,0.9999992655000605,1.0,0.9996345598955412,0.9858986561323931,222,49062
4,densenet121,pretrained,gs10,blind,test,raw,1337,slice_level,1.0,1.0,0.9987584995609607,0.00041078927969839704,0.0002969728370030076,0.8920131825603304,0.42754296330701347,0.9899950340206175,0.9761023735659611,335868,924400
4,densenet121,pretrained,gs10,blind,test,raw,1337,subject_level,1.0,1.0,0.9998467339985613,0.004225497660429582,0.01767075323648211,1.0,1.0,0.9998467339985613,0.9855492508192908,69,4692
0,densenet121,pretrained,gs20,adaptive,train,gs20,1337,slice_level,0.6175450189988435,0.8651908144721626,0.8307235051083718,0.007624614343118534,0.0008979740505397622,0.8221286162587995,0.2200808365217589,0.7616684414368278,0.7057485139923866,176158,1210600
0,densenet121,pretrained,gs20,adaptive,train,gs20,1337,subject_level,1.0,1.0,0.9879760440118712,0.018130064280324393,0.012174829579384079,0.9999532806825859,1.0,0.9879760440118712,0.9137227129183498,221,48620
0,densenet121,pretrained,gs20,adaptive,test,gs20,1337,slice_level,0.8352234823215477,0.980653769179453,0.8377992926715929,0.007438516216541042,0.001190400520373883,0.8333799805122534,0.24176938909740606,0.768304671113338,0.7128808791030505,305597,899400
0,densenet121,pretrained,gs20,adaptive,test,gs20,1337,subject_level,1.0,1.0,0.9951489610331399,0.02228191154343741,0.03645991504724536,1.0,1.0,0.9951489610331399,0.9241876229242755,70,4830
0,densenet121,pretrained,gs20,blind,train,raw,1337,slice_level,0.9935569139269783,0.9971914753015034,0.9993064929468857,0.0003475154822825519,0.0002016398325108894,0.8722754498956016,0.41251036001771135,0.9947648137822396,0.9863368458654218,176158,1210600
0,densenet121,pretrained,gs20,blind,train,raw,1337,subject_level,0.995475113122172,1.0,0.9997938474918383,0.0015055405068721166,0.005105205847380253,0.9998472780878955,0.9909502262443439,0.9997928582165576,0.9911969756856959,221,48620
0,densenet121,pretrained,gs20,blind,test,raw,1337,slice_level,1.0,1.0,0.9995429713062798,0.0001756916821254792,0.0002679547252079022,0.8809451225614551,0.4482831964973478,0.9949192133184334,0.98618811391574,305597,899400
0,densenet121,pretrained,gs20,blind,test,raw,1337,subject_level,1.0,1.0,0.9999226561614445,0.0018684046609061106,0.016156586099948203,1.0,1.0,0.9999226561614445,0.9910602880314023,70,4830
1,densenet121,pretrained,gs20,adaptive,train,gs20,1337,slice_level,0.6150289017341041,0.8668868703550785,0.845060100799548,0.006724621095901477,0.0011759283869549582,0.8725270933514696,0.17846755214266302,0.781397923722654,0.6789759037872665,172939,1211000
1,densenet121,pretrained,gs20,adaptive,train,gs20,1337,subject_level,1.0,1.0,0.9894881154077625,0.01670062919547655,0.01752718786258099,0.9999661238415564,1.0,0.9894881154077625,0.8561345925195283,221,48620
1,densenet121,pretrained,gs20,adaptive,test,gs20,1337,slice_level,0.8403798326927425,0.9687994573818675,0.8427416667958716,0.007239545790447845,0.0015354112723769409,0.8396456935847003,0.20883842104558178,0.7646704461559122,0.6890182680225793,298628,884600
1,densenet121,pretrained,gs20,adaptive,test,gs20,1337,subject_level,1.0,1.0,0.9950501254626682,0.025697270461491176,0.046224501888666836,1.0,1.0,0.9950501254626682,0.8956735629842888,70,4830
1,densenet121,pretrained,gs20,blind,train,raw,1337,slice_level,0.9971924029727498,0.9988439306358381,0.9991917582704054,0.0003963340027680779,0.00020878369674147326,0.9172204800388585,0.5183099243085713,0.9944583084485,0.9838036034214999,172939,1211000
1,densenet121,pretrained,gs20,blind,train,raw,1337,subject_level,1.0,1.0,0.999799949281356,0.0022107772697690384,0.005266422429016678,0.9999971149425501,1.0,0.999799949281356,0.9889924075465201,221,48620
1,densenet121,pretrained,gs20,blind,test,raw,1337,slice_level,1.0,1.0,0.9993493830270959,0.0002273685409827063,0.00028741688307612863,0.8942501989072575,0.4798712779779525,0.9930594772539957,0.9823096453206264,298628,884600
1,densenet121,pretrained,gs20,blind,test,raw,1337,subject_level,1.0,1.0,0.9998990893363953,0.002983654396874564,0.01671942656061479,1.0,1.0,0.9998990893363953,0.9885907649500276,70,4830
2,densenet121,pretrained,gs20,adaptive,train,gs20,1337,slice_level,0.6379851362510323,0.8820809248554913,0.8197730503035024,0.007824633871593522,0.0009632746405962202,0.8513957639161136,0.25300271212708253,0.7525672979817337,0.6903224695624398,172927,1211000
2,densenet121,pretrained,gs20,adaptive,train,gs20,1337,subject_level,1.0,1.0,0.9875282873441508,0.018897662023166277,0.013594532435810243,0.9999798012516613,1.0,0.9875282873441508,0.9033675104905698,222,49062
2,densenet121,pretrained,gs20,adaptive,test,gs20,1337,slice_level,0.8276105362182502,0.9734242709313264,0.8243697372003198,0.00762270445657696,0.001337058202089542,0.8503919117821085,0.23238175924561663,0.7550841077742845,0.6953015309211606,271480,850400
2,densenet121,pretrained,gs20,adaptive,test,gs20,1337,subject_level,1.0,1.0,0.9945430859275486,0.024828343287758205,0.039989656026380646,1.0,1.0,0.9945430859275486,0.9171016528402143,69,4692
2,densenet121,pretrained,gs20,blind,train,raw,1337,slice_level,0.9950454170107349,0.9978530140379851,0.9988179573827691,0.0005778011066868323,0.00021830899922102597,0.8929528541890517,0.4567418621730557,0.9923300423756116,0.980168051544297,172927,1211000
2,densenet121,pretrained,gs20,blind,train,raw,1337,subject_level,0.9954954954954955,1.0,0.9997055146608267,0.002454077338313197,0.005366710161471421,0.9999318751306032,0.9954954954954955,0.9997000441894875,0.9871939591427739,222,49062
2,densenet121,pretrained,gs20,blind,test,raw,1337,slice_level,1.0,1.0,0.9992955013731125,0.00027607876180144606,0.00029916591100790735,0.8893209511967848,0.4576874907912185,0.9932529281938447,0.9822105881126697,271480,850400
2,densenet121,pretrained,gs20,blind,test,raw,1337,subject_level,1.0,1.0,0.9998778666275135,0.00291175945945408,0.016906372932852177,1.0,1.0,0.9998778666275135,0.9887951715497613,69,4692
3,densenet121,pretrained,gs20,adaptive,train,gs20,1337,slice_level,0.612450462351387,0.8659180977542933,0.8302728733837683,0.007637954362553681,0.0011780016797385117,0.8758852679886526,0.2411619147598475,0.7641373642075991,0.6802528140244605,173369,1211200
3,densenet121,pretrained,gs20,adaptive,train,gs20,1337,subject_level,0.9954954954954955,1.0,0.9886053733460538,0.019010925615156018,0.0168313957742407,0.9999782404392897,1.0,0.9886043439577291,0.8791220606097454,222,49062
3,densenet121,pretrained,gs20,adaptive,test,gs20,1337,slice_level,0.8148854961832062,0.9682729007633588,0.8284076219211325,0.007725422405673347,0.0014630268564193823,0.8382599893729402,0.23415875989605367,0.7545398010324047,0.693410758127437,264752,838400
3,densenet121,pretrained,gs20,adaptive,test,gs20,1337,subject_level,1.0,1.0,0.9944832489110421,0.02562584047732146,0.04226926384844642,1.0,1.0,0.9944832489110421,0.9123965473456558,69,4692
3,densenet121,pretrained,gs20,blind,train,raw,1337,slice_level,0.993560105680317,0.9971928665785997,0.9987541492856163,0.0006089591503615738,0.00021935035495839974,0.8642114212542609,0.40200958648893403,0.9912973629470413,0.9798019433656863,173369,1211200
3,densenet121,pretrained,gs20,blind,train,raw,1337,subject_level,1.0,1.0,0.9997152060538799,0.002283500658499228,0.0053276381337897735,0.9999881561884743,1.0,0.9997152060538799,0.9877381526815444,222,49062
3,densenet121,pretrained,gs20,blind,test,raw,1337,slice_level,0.9992843511450382,0.9997614503816794,0.9990653773442707,0.0003637028644785626,0.00030840011985334016,0.8751331860528154,0.4168051610563848,0.9919596312581888,0.9808777127690073,264752,838400
3,densenet121,pretrained,gs20,blind,test,raw,1337,subject_level,1.0,1.0,0.9998207567394644,0.0029751736184825068,0.01692619865787202,0.9999752894226374,1.0,0.9998207567394644,0.9886512322905525,69,4692
4,densenet121,pretrained,gs20,adaptive,train,gs20,1337,slice_level,0.5327056491575818,0.8102081268582755,0.8247276653560586,0.007593472641137397,0.0009305661961175981,0.8110086381558825,0.2084988801954568,0.7505426987175653,0.6978994938485549,171905,1210800
4,densenet121,pretrained,gs20,adaptive,train,gs20,1337,subject_level,1.0,1.0,0.9874444029352687,0.01729973613678872,0.01144787788953263,0.9999854936261932,1.0,0.9874444029352687,0.9177682633299079,222,49062
4,densenet121,pretrained,gs20,adaptive,test,gs20,1337,slice_level,0.7754218952834271,0.9634357421029858,0.8296691800855754,0.007750980256182556,0.001334526968166016,0.8125962206418955,0.19499624852620673,0.7486975998645049,0.6932582152672258,335868,924400
4,densenet121,pretrained,gs20,adaptive,test,gs20,1337,subject_level,1.0,1.0,0.9948663080947987,0.02210999830909397,0.039166817090649536,1.0,1.0,0.9948663080947987,0.9175988096054659,69,4692
4,densenet121,pretrained,gs20,blind,train,raw,1337,slice_level,0.9955401387512388,0.9983481995374959,0.9991012270256833,0.0004573172769965533,0.00020886761984892645,0.879394574535722,0.45457083854454494,0.9933939782345934,0.9835785185772867,171905,1210800
4,densenet121,pretrained,gs20,blind,train,raw,1337,subject_level,1.0,1.0,0.9997709992232623,0.001857876240670144,0.0051884085594399556,0.9999989900625831,1.0,0.9997709992232623,0.9896774543278819,222,49062
4,densenet121,pretrained,gs20,blind,test,raw,1337,slice_level,0.9993509303331891,0.9995672868887927,0.999400221710853,0.00023670228257008003,0.0002743512787571546,0.8773502258026205,0.4474406612121429,0.9932891526477153,0.9822397009638263,335868,924400
4,densenet121,pretrained,gs20,blind,test,raw,1337,subject_level,1.0,1.0,0.9999051439589348,0.0025205672651097393,0.017019221289218334,1.0,1.0,0.9999051439589348,0.9882103598153398,69,4692
0,densenet121,pretrained,gs30,adaptive,train,gs30,1337,slice_level,0.43102593755162727,0.7368247150173468,0.8301348034437089,0.006119197988124125,0.0007551865296331941,0.8166026248359896,0.18892130927916984,0.7670080425436687,0.7189101737296505,176158,1210600
0,densenet121,pretrained,gs30,adaptive,train,gs30,1337,subject_level,1.0,1.0,0.9884192684656894,0.014968669792106249,0.010693677081578997,0.9999369010015803,1.0,0.9884192684656894,0.9247163036817486,221,48620
0,densenet121,pretrained,gs30,adaptive,test,gs30,1337,slice_level,0.6860128974872137,0.9372915276851234,0.8346345642553002,0.006317933426980631,0.0009913369454200114,0.8286193238415475,0.1879828663239495,0.7722084579422305,0.7235800093022723,305597,899400
0,densenet121,pretrained,gs30,adaptive,test,gs30,1337,subject_level,1.0,1.0,0.995172154051917,0.018229378972734724,0.032657405441360816,1.0,1.0,0.995172154051917,0.9329017372111603,70,4830
0,densenet121,pretrained,gs30,blind,train,raw,1337,slice_level,0.9874442425243681,0.9957046092846522,0.9991900926480781,0.00042372872056241036,0.00020468218414713447,0.8710510668681148,0.3996298777234074,0.9939353338777116,0.9851736104420428,176158,1210600
0,densenet121,pretrained,gs30,blind,train,raw,1337,subject_level,0.995475113122172,0.995475113122172,0.9997671621417568,0.0015943584398985988,0.005135024004358782,0.999981665925238,1.0,0.9997656299517705,0.9907621745732722,221,48620
0,densenet121,pretrained,gs30,blind,test,raw,1337,slice_level,0.9995552590615966,1.0,0.9994802604205136,0.0002221051046046146,0.00027012693527870565,0.8776728193661294,0.4316829026462956,0.994154385405253,0.98559129741269,305597,899400
0,densenet121,pretrained,gs30,blind,test,raw,1337,subject_level,1.0,1.0,0.9999059711183821,0.00195578932762146,0.016131446683513267,1.0,1.0,0.9999059711183821,0.991167478284974,70,4830
1,densenet121,pretrained,gs30,adaptive,train,gs30,1337,slice_level,0.4227910817506193,0.7319570602807597,0.8127894609649746,0.0066411208062994885,0.0008085064401847798,0.8289183114422445,0.18812991864183326,0.7474209785162264,0.6962443948973072,172939,1211000
1,densenet121,pretrained,gs30,adaptive,train,gs30,1337,subject_level,0.995475113122172,1.0,0.9871858957126669,0.014376774902257444,0.011298724247892787,0.9999515124215683,1.0,0.9871820839821484,0.9181189488991942,221,48620
1,densenet121,pretrained,gs30,adaptive,test,gs30,1337,slice_level,0.6671942120732535,0.9201899163463713,0.8130599774981203,0.007166024869366412,0.0011054812955791976,0.8040101159042947,0.18216644119104705,0.7409409197488432,0.6953959087258331,298628,884600
1,densenet121,pretrained,gs30,adaptive,test,gs30,1337,subject_level,1.0,1.0,0.9941331999642509,0.019478183133261544,0.032501420697995595,1.0,1.0,0.9941331999642509,0.9322850098521073,70,4830
1,densenet121,pretrained,gs30,blind,train,raw,1337,slice_level,0.9772089182493807,0.9912469033856317,0.9994373060572157,0.00029774028146493345,0.00019565107775094568,0.8462248825400978,0.34949317389368506,0.9953090495158963,0.988687419354768,172939,1211000
1,densenet121,pretrained,gs30,blind,train,raw,1337,subject_level,0.995475113122172,1.0,0.9998377817788275,0.001073153579936308,0.004972696826873322,0.9999559330741125,1.0,0.9998367752424732,0.9931360372333358,221,48620
1,densenet121,pretrained,gs30,blind,test,raw,1337,slice_level,0.998869545557314,0.9997739091114628,0.999565556972188,0.00018479768544765664,0.00026412084800931984,0.8082055713150372,0.3207669742957794,0.9942729216015741,0.9886539914305195,298628,884600
1,densenet121,pretrained,gs30,blind,test,raw,1337,subject_level,1.0,1.0,0.9999163636139461,0.0014992466994694302,0.015534949941294535,1.0,1.0,0.9999163636139461,0.9939216785549377,70,4830
2,densenet121,pretrained,gs30,adaptive,train,gs30,1337,slice_level,0.4004954582989265,0.7194054500412882,0.8071927559858113,0.006972601510196752,0.0008842190790173161,0.8230955622019034,0.185338321950881,0.7370154416395611,0.68361027000922,172927,1211000
2,densenet121,pretrained,gs30,adaptive,train,gs30,1337,subject_level,0.9954954954954955,1.0,0.9864911646456331,0.015900864257468835,0.011919159798773829,0.9998854180094243,0.9954954954954955,0.9864616455795528,0.9130257657764739,222,49062
2,densenet121,pretrained,gs30,adaptive,test,gs30,1337,slice_level,0.6563969896519285,0.9101599247412983,0.8118274176978661,0.007243468432300851,0.0012597549348553339,0.8347190447264887,0.1768859584499779,0.741549652371365,0.6862977494335859,271480,850400
2,densenet121,pretrained,gs30,adaptive,test,gs30,1337,subject_level,1.0,1.0,0.9941808045774266,0.020978120790011642,0.037488685866844826,1.0,1.0,0.9941808045774266,0.9213866131207116,69,4692
2,densenet121,pretrained,gs30,blind,train,raw,1337,slice_level,0.9846407927332783,0.9925681255161024,0.9990456680637269,0.00047658340287149494,0.00021332269893760365,0.8538048323918893,0.40234896806166764,0.9922975479449717,0.9819642534368693,172927,1211000
2,densenet121,pretrained,gs30,blind,train,raw,1337,subject_level,0.990990990990991,0.9954954954954955,0.9997189122814316,0.0018391158129717853,0.005243244937511983,0.9997663372067187,0.9954954954954955,0.9997095119308781,0.9888590364429741,222,49062
2,densenet121,pretrained,gs30,blind,test,raw,1337,slice_level,0.9992944496707432,1.0,0.9994163196796756,0.00024706744856130145,0.0002966617588444437,0.8716542836609291,0.43711507293354945,0.993438240698235,0.982825816411907,271480,850400
2,densenet121,pretrained,gs30,blind,test,raw,1337,subject_level,1.0,1.0,0.99988744829012,0.0025426304858663807,0.016753011612572533,1.0,1.0,0.99988744829012,0.9894363506294578,69,4692
3,densenet121,pretrained,gs30,adaptive,train,gs30,1337,slice_level,0.3911822985468956,0.6852708058124174,0.8840926027262541,0.004730338031423612,0.001010153162540115,0.85346208467741,0.10685301293772242,0.8307731215335492,0.6760519279978918,173369,1211200
3,densenet121,pretrained,gs30,adaptive,train,gs30,1337,subject_level,0.990990990990991,1.0,0.9923460365415694,0.010674683628855524,0.01570500520284514,0.9996373406548287,0.9954954954954955,0.9923166243342666,0.8063567365780865,222,49062
3,densenet121,pretrained,gs30,adaptive,test,gs30,1337,slice_level,0.5701335877862596,0.8664122137404581,0.8713396575927507,0.00539242870081927,0.0014207453865685432,0.787122932496841,0.14140403094216475,0.7973031503330567,0.720225206626053,264752,838400
3,densenet121,pretrained,gs30,adaptive,test,gs30,1337,subject_level,1.0,1.0,0.9957026079081107,0.016671168631401615,0.04415311127145221,1.0,1.0,0.9957026079081107,0.8998181075492885,69,4692
3,densenet121,pretrained,gs30,blind,train,raw,1337,slice_level,0.9947159841479525,0.9981836195508587,0.9995291672223783,0.00024083256721496582,0.00019589006583788202,0.8830141521237796,0.49252173110533026,0.9959568104253063,0.9886974379150603,173369,1211200
3,densenet121,pretrained,gs30,blind,train,raw,1337,subject_level,1.0,1.0,0.9998710958270339,0.0012890087054656433,0.005005191397005776,0.9999550118787003,1.0,0.9998710958270339,0.9923797099476394,222,49062
3,densenet121,pretrained,gs30,blind,test,raw,1337,slice_level,0.9992843511450382,0.9995229007633588,0.9996532501212059,0.0001338289069537898,0.0002772239245375363,0.8945363443924745,0.5032823170363208,0.9962063862254319,0.9891564124618579,264752,838400
3,densenet121,pretrained,gs30,blind,test,raw,1337,subject_level,1.0,1.0,0.9999002114586208,0.0016536902690279312,0.016012408109246822,0.9996942066051374,0.9855072463768116,0.9999002114586208,0.9927454869130282,69,4692
4,densenet121,pretrained,gs30,adaptive,train,gs30,1337,slice_level,0.3904856293359762,0.7089527585067724,0.8249165699609562,0.006066740415731908,0.0007018588324757613,0.7976647010068203,0.16678397952357407,0.7622580477497984,0.7192781032882274,171905,1210800
4,densenet121,pretrained,gs30,adaptive,train,gs30,1337,subject_level,0.990990990990991,1.0,0.9882475027629921,0.013926995498640043,0.009722886944760208,0.9999789749392294,1.0,0.988233463452743,0.9315989648788957,222,49062
4,densenet121,pretrained,gs30,adaptive,test,gs30,1337,slice_level,0.6436607529208135,0.9195153613154479,0.8283404034616008,0.006365416138680762,0.0009711262191975653,0.8022930720698768,0.16212321507258803,0.7617083465566259,0.7165368174168002,335868,924400
4,densenet121,pretrained,gs30,adaptive,test,gs30,1337,subject_level,1.0,1.0,0.9952652704888496,0.017752997253252113,0.03270039631836656,1.0,1.0,0.9952652704888496,0.9336144927085614,69,4692
4,densenet121,pretrained,gs30,blind,train,raw,1337,slice_level,0.9861248761149654,0.994383878427486,0.9994702031205186,0.00028384958591089416,0.0001901644016075121,0.8672383098567812,0.3925540269334807,0.9961088602571517,0.9907655887639991,171905,1210800
4,densenet121,pretrained,gs30,blind,train,raw,1337,subject_level,1.0,1.0,0.9998643664089409,0.0010181402300929164,0.004866468445355962,0.9999955930003624,1.0,0.9998643664089409,0.9943895924908227,222,49062
4,densenet121,pretrained,gs30,blind,test,raw,1337,slice_level,0.9995672868887927,1.0,0.999656408509358,0.00014601959288765062,0.0002476126429731045,0.8798652196050862,0.37503126228161066,0.9962518609388423,0.990114667575721,335868,924400
4,densenet121,pretrained,gs30,blind,test,raw,1337,subject_level,1.0,1.0,0.999943506890449,0.001472144023231838,0.01585233445022849,1.0,1.0,0.999943506890449,0.993517130778472,69,4692
0,densenet121,pretrained,gs40,adaptive,train,gs40,1337,slice_level,0.30679002147695356,0.6064761275400627,0.811977411909732,0.006010708179864611,0.0008328908867562811,0.8449007687605856,0.16136650052793514,0.7498312729924149,0.6914993447921561,176158,1210600
0,densenet121,pretrained,gs40,adaptive,train,gs40,1337,subject_level,1.0,1.0,0.9872197916065406,0.011851819931651672,0.012274755961451325,0.9997437882851776,0.995475113122172,0.9872197916065406,0.907410500699088,221,48620
0,densenet121,pretrained,gs40,adaptive,test,gs40,1337,slice_level,0.4861018456748944,0.8187680676006226,0.811568832474336,0.005979709699998465,0.0009542415086162368,0.8170227407686391,0.13659165502279144,0.7480882072016358,0.7027967124435804,305597,899400
0,densenet121,pretrained,gs40,adaptive,test,gs40,1337,subject_level,1.0,1.0,0.994585680110114,0.014321896859577724,0.03140489972595658,1.0,1.0,0.994585680110114,0.9340160710347611,70,4830
0,densenet121,pretrained,gs40,blind,train,raw,1337,slice_level,0.9889311085412192,0.995869816619858,0.9995495577735308,0.00023652641473477406,0.0001922567698540992,0.8612393351644483,0.4098423006619058,0.996098396708513,0.9900124722735932,176158,1210600
0,densenet121,pretrained,gs40,blind,train,raw,1337,subject_level,0.995475113122172,1.0,0.9998523752074436,0.0010034905839290014,0.0049467425270857315,0.9999852024472732,1.0,0.9998516375662515,0.9935177499217684,221,48620
0,densenet121,pretrained,gs40,blind,test,raw,1337,slice_level,0.9995552590615966,1.0,0.9997175209040321,0.0001222444741705245,0.00025368343928651975,0.8855671798064058,0.44071113263546435,0.9965138864024065,0.9903473478782328,305597,899400
0,densenet121,pretrained,gs40,blind,test,raw,1337,subject_level,1.0,1.0,0.999944634948458,0.0013534792831965854,0.015585984968181168,1.0,1.0,0.999944634948458,0.993693907216469,70,4830
1,densenet121,pretrained,gs40,adaptive,train,gs40,1337,slice_level,0.29132947976878615,0.5857968620974401,0.821839501304532,0.005601139505671431,0.0009232319160228062,0.8361985728928854,0.12254031768427018,0.7594455136183902,0.681981219207891,172939,1211000
1,densenet121,pretrained,gs40,adaptive,train,gs40,1337,subject_level,0.9864253393665159,1.0,0.9881771991695214,0.010845272249765526,0.01382182340445292,0.9997320619226395,0.995475113122172,0.9881534937819744,0.8842141132021775,221,48620
1,densenet121,pretrained,gs40,adaptive,test,gs40,1337,slice_level,0.5089305900972191,0.8184490165046349,0.8166843570790732,0.006175414687930095,0.0010954034266523426,0.7742677611114229,0.11494903358024029,0.743265934029627,0.6938852944862323,298628,884600
1,densenet121,pretrained,gs40,adaptive,test,gs40,1337,subject_level,1.0,1.0,0.9943570554256439,0.016834144932883127,0.033040470842804225,1.0,1.0,0.9943570554256439,0.927516025761393,70,4830
1,densenet121,pretrained,gs40,blind,train,raw,1337,slice_level,0.9606936416184971,0.9872832369942196,0.9996599803278015,0.0001809785328651636,0.0001883921423086952,0.8681532178720947,0.36267123089644326,0.9969756856226131,0.9915904033854419,172939,1211000
1,densenet121,pretrained,gs40,blind,train,raw,1337,subject_level,1.0,1.0,0.99990030030859,0.0007127569271967962,0.004884474651626737,0.999937505932981,1.0,0.99990030030859,0.9944691944887294,221,48620
1,densenet121,pretrained,gs40,blind,test,raw,1337,slice_level,0.9975130002260909,0.9990956364458512,0.999742620338446,0.00011478485415323056,0.00025894062839886,0.8447185448526399,0.34661183813975915,0.996190812368918,0.9901268896005042,298628,884600
1,densenet121,pretrained,gs40,blind,test,raw,1337,subject_level,1.0,1.0,0.9999528416565486,0.0010450950690678187,0.015562668030283281,1.0,1.0,0.9999528416565486,0.9937810804656327,70,4830
2,densenet121,pretrained,gs40,adaptive,train,gs40,1337,slice_level,0.29281585466556564,0.6074318744838976,0.8075845845665054,0.005990676610160721,0.000787651222715428,0.831248105971333,0.1598015347516582,0.7451278063156198,0.6922211223979265,172927,1211000
2,densenet121,pretrained,gs40,adaptive,train,gs40,1337,subject_level,0.990990990990991,1.0,0.987104782918552,0.011789790144911758,0.011413425374943931,0.9998676063858893,1.0,0.987096782740172,0.9145695609688433,222,49062
2,densenet121,pretrained,gs40,adaptive,test,gs40,1337,slice_level,0.49717779868297274,0.8309031044214488,0.8081912547910651,0.006176371285069807,0.0010160209500392494,0.816673678394317,0.14203992927655812,0.7454330579858124,0.6995131041771213,271480,850400
2,densenet121,pretrained,gs40,adaptive,test,gs40,1337,subject_level,1.0,1.0,0.994441346845765,0.01673029384751251,0.03211643093306085,1.0,1.0,0.994441346845765,0.9340583530889042,69,4692
2,densenet121,pretrained,gs40,blind,train,raw,1337,slice_level,0.9747316267547481,0.9900908340214699,0.999596889406861,0.00020852727795513478,0.00018741954756567285,0.8486134565180284,0.35892602080646746,0.996578680209982,0.9919292401582814,172927,1211000
2,densenet121,pretrained,gs40,blind,train,raw,1337,subject_level,0.990990990990991,1.0,0.9998716771065652,0.0007678152204633833,0.004822906222076969,0.9999388528800294,1.0,0.9998685693418657,0.9950341398304079,222,49062
2,densenet121,pretrained,gs40,blind,test,raw,1337,slice_level,0.9985888993414863,0.9992944496707432,0.9997672697814814,0.0001089468051662786,0.0002609465910341487,0.861451904022129,0.36989096802711063,0.9969938860526927,0.9925297160994748,271480,850400
2,densenet121,pretrained,gs40,blind,test,raw,1337,subject_level,1.0,1.0,0.9999494224354841,0.0010276549104331195,0.01540678558682186,1.0,1.0,0.9999494224354841,0.9955791616963202,69,4692
3,densenet121,pretrained,gs40,adaptive,train,gs40,1337,slice_level,0.23596433289299867,0.524108322324967,0.8709721968877111,0.0043407219561749436,0.0008892913719614115,0.8332554221036417,0.0876050504992242,0.8169732588783072,0.6785594357166174,173369,1211200
3,densenet121,pretrained,gs40,adaptive,train,gs40,1337,subject_level,0.9819819819819819,0.9954954954954955,0.9917026653483108,0.007867142692342535,0.013341815489856107,0.9990560757651377,0.9819819819819819,0.9916661225997649,0.8219749467577773,222,49062
3,densenet121,pretrained,gs40,adaptive,test,gs40,1337,slice_level,0.3993320610687023,0.7340171755725191,0.8556797507979715,0.005102254692038507,0.001187243305479611,0.7436997335961061,0.0994855562941923,0.7823691800130439,0.7260785065927429,264752,838400
3,densenet121,pretrained,gs40,adaptive,test,gs40,1337,subject_level,1.0,1.0,0.9949895290360935,0.012753317321556202,0.0347475241869688,0.9997776048037363,1.0,0.9949895290360935,0.9236389466538352,69,4692
3,densenet121,pretrained,gs40,blind,train,raw,1337,slice_level,0.989101717305152,0.9965323645970938,0.9996968509144638,0.00016155581099511454,0.00018376966489967907,0.8625306555340727,0.407800702547745,0.9973518790237542,0.9934497496068891,173369,1211200
3,densenet121,pretrained,gs40,blind,train,raw,1337,subject_level,1.0,1.0,0.9999117883476051,0.0007192167612883422,0.0047713385366306114,0.9999423417547424,1.0,0.9999117883476051,0.9958428796750539,222,49062
3,densenet121,pretrained,gs40,blind,test,raw,1337,slice_level,0.9988072519083969,0.9997614503816794,0.9997815482944022,9.515223214189514e-05,0.00026086051398228395,0.8740995120497436,0.4224897262343627,0.9975624820811281,0.9936569016854072,264752,838400
3,densenet121,pretrained,gs40,blind,test,raw,1337,subject_level,1.0,1.0,0.999946029289909,0.0008879442145858986,0.015310959431572237,1.0,1.0,0.999946029289909,0.9960244168914086,69,4692
4,densenet121,pretrained,gs40,adaptive,train,gs40,1337,slice_level,0.27502477700693756,0.5680541790551701,0.8046642842369974,0.006143190687861347,0.0007372529892100752,0.8047625133169535,0.14526628079462495,0.7387734203004237,0.6951796552956813,171905,1210800
4,densenet121,pretrained,gs40,adaptive,train,gs40,1337,subject_level,0.990990990990991,1.0,0.9866071509885358,0.011366972515174935,0.009925015058855081,0.9998531000120826,0.9954954954954955,0.9865961056034844,0.927523271446635,222,49062
4,densenet121,pretrained,gs40,adaptive,test,gs40,1337,slice_level,0.47187364777152746,0.8208567719601904,0.8065018224566595,0.006465822135870821,0.000964267192882869,0.790607170423031,0.12907451736991912,0.7369908546926391,0.6953715903481871,335868,924400
4,densenet121,pretrained,gs40,adaptive,test,gs40,1337,subject_level,1.0,1.0,0.9945129052452419,0.015009079290472942,0.031158577110888302,1.0,1.0,0.9945129052452419,0.9363138160564304,69,4692
4,densenet121,pretrained,gs40,blind,train,raw,1337,slice_level,0.9777006937561943,0.9917409976874794,0.9993944998361665,0.00031603190975296327,0.00019967656662521285,0.8582929699452071,0.3838864489107356,0.9948788054939937,0.987110487876068,171905,1210800
4,densenet121,pretrained,gs40,blind,train,raw,1337,subject_level,1.0,1.0,0.9998238658582842,0.0012058951296247877,0.005039440029560849,0.9999574908159964,1.0,0.9998238658582842,0.9918219323776591,222,49062
4,densenet121,pretrained,gs40,blind,test,raw,1337,slice_level,0.9967546516659455,0.9993509303331891,0.9996025052126328,0.0001733747074378099,0.00026108361302023354,0.8675936412170064,0.34981599914252026,0.9949759805846822,0.9860949607329521,335868,924400
4,densenet121,pretrained,gs40,blind,test,raw,1337,subject_level,1.0,1.0,0.9999336349791375,0.0016506236532460089,0.016481675288599472,1.0,1.0,0.9999336349791375,0.99063119500596,69,4692
0,densenet121,pretrained,gs50,adaptive,train,gs50,1337,slice_level,0.16966793325623658,0.4140095820254419,0.8307405750298134,0.004989410793802944,0.0009063725005731823,0.8163579309026806,0.09401787032096186,0.7679905407456812,0.6868437903267223,176158,1210600
0,densenet121,pretrained,gs50,adaptive,train,gs50,1337,subject_level,0.9366515837104072,0.995475113122172,0.9885346884101764,0.0068004686907945176,0.012862125833042606,0.9985461171780042,0.9728506787330317,0.9884531023275799,0.8798018290507651,221,48620
0,densenet121,pretrained,gs50,adaptive,test,gs50,1337,slice_level,0.2812986435401379,0.6295307983099845,0.8250826174533709,0.0051867358149595725,0.0010146325849182407,0.7684431139419083,0.06883248199426041,0.7548304461960506,0.7049773907845011,305597,899400
0,densenet121,pretrained,gs50,adaptive,test,gs50,1337,subject_level,1.0,1.0,0.9948340731007712,0.009850363220487322,0.031377431377768515,0.9999940845903579,1.0,0.9948340731007712,0.928015221781859,70,4830
0,densenet121,pretrained,gs50,blind,train,raw,1337,slice_level,0.9872790351891624,0.9966958532958864,0.9996109572143057,0.00020562476921176076,0.00018776636527130075,0.8726622094341974,0.387918800168031,0.9967902780755299,0.9917987166527538,176158,1210600
0,densenet121,pretrained,gs50,blind,train,raw,1337,subject_level,1.0,1.0,0.9998764514383687,0.0008461043845474451,0.004868863007197013,0.9999890181684166,1.0,0.9998764514383687,0.9946881517406257,221,48620
0,densenet121,pretrained,gs50,blind,test,raw,1337,slice_level,0.9995552590615966,1.0,0.9997552554952533,0.00010570517269165907,0.00024766746557860066,0.8686341212280189,0.4265421453744638,0.9968640690639046,0.9921445187271529,305597,899400
0,densenet121,pretrained,gs50,blind,test,raw,1337,subject_level,1.0,1.0,0.9999497941562108,0.0010752294744764055,0.015268257380064045,1.0,1.0,0.9999497941562108,0.9951984340112895,70,4830
1,densenet121,pretrained,gs50,adaptive,train,gs50,1337,slice_level,0.17241948802642446,0.4318744838976053,0.8262080181147027,0.005166777404845007,0.0006214206368102162,0.7615653117742759,0.09277259611770625,0.7633158559218488,0.7290531050365981,172939,1211000
1,densenet121,pretrained,gs50,adaptive,train,gs50,1337,subject_level,0.9864253393665159,1.0,0.9882938090492698,0.007842555574701923,0.008347710029841549,0.9995382512084668,0.9864253393665159,0.9882864318282356,0.9427809116539765,221,48620
1,densenet121,pretrained,gs50,adaptive,test,gs50,1337,slice_level,0.36920642098123446,0.7230386615419399,0.8236252569704877,0.0054458655061534215,0.0008318780143577846,0.7460442620005854,0.09186680418447031,0.7581248085617561,0.7266751579894838,298628,884600
1,densenet121,pretrained,gs50,adaptive,test,gs50,1337,subject_level,1.0,1.0,0.9947481768471854,0.011674645117350987,0.025173929147422315,1.0,1.0,0.9947481768471854,0.952604088316793,70,4830
1,densenet121,pretrained,gs50,blind,train,raw,1337,slice_level,0.945664739884393,0.9757225433526011,0.9992402021103315,0.00039956926019796155,0.000216902008940678,0.7976487304375888,0.30440791261658734,0.9914738126745557,0.9804999228916219,172939,1211000
1,densenet121,pretrained,gs50,blind,train,raw,1337,subject_level,0.9638009049773756,1.0,0.9997098483650932,0.0012154339125792905,0.0052907611812334256,0.9995420203964255,0.995475113122172,0.9996982516206767,0.9883827901300899,221,48620
1,densenet121,pretrained,gs50,blind,test,raw,1337,slice_level,0.995252091340719,0.9990956364458512,0.9994443613912033,0.0002694380059652999,0.0002949343308388556,0.7590178153299149,0.2844341454920503,0.9894884416936386,0.9800260255291212,298628,884600
1,densenet121,pretrained,gs50,blind,test,raw,1337,subject_level,1.0,1.0,0.9998284816741944,0.0019103305680411202,0.01643203552812338,0.9999526767228631,1.0,0.9998284816741944,0.9896876506183458,70,4830
2,densenet121,pretrained,gs50,adaptive,train,gs50,1337,slice_level,0.17093311312964493,0.43022295623451695,0.7982664622520239,0.005680494265158643,0.0006814240614870528,0.7725492873545965,0.1044891775142112,0.7311533361955477,0.6943568037595511,172927,1211000
2,densenet121,pretrained,gs50,adaptive,train,gs50,1337,subject_level,0.990990990990991,0.9954954954954955,0.9862218727399638,0.008603548681413805,0.00895399624389504,0.999303877682256,0.9864864864864865,0.9861574156864269,0.9348428069446941,222,49062
2,densenet121,pretrained,gs50,adaptive,test,gs50,1337,slice_level,0.3645343367826905,0.7166039510818438,0.8000293414573678,0.006037559567031609,0.0009477950992961375,0.7850914604612866,0.09945484013555327,0.7348149293921948,0.6964451440505732,271480,850400
2,densenet121,pretrained,gs50,adaptive,test,gs50,1337,subject_level,1.0,1.0,0.9939791180085444,0.012810486814250116,0.02857208789150784,0.9999876447113187,1.0,0.9939791180085444,0.9428698269480431,69,4692
2,densenet121,pretrained,gs50,blind,train,raw,1337,slice_level,0.9552436003303055,0.9810074318744839,0.9996075201192048,0.00020224682857535479,0.00018683505391586314,0.814530978683401,0.31505201616867234,0.9964041591522672,0.9921340595006845,172927,1211000
2,densenet121,pretrained,gs50,blind,train,raw,1337,subject_level,0.9954954954954955,1.0,0.9998624134171117,0.0006472377089766769,0.004802269926126879,0.9998290910453073,0.9954954954954955,0.9998620614275202,0.9953224691257685,222,49062
2,densenet121,pretrained,gs50,blind,test,raw,1337,slice_level,0.9962370649106302,0.9992944496707432,0.9997663387743123,0.00011250193065219853,0.000260626325317361,0.8277123132869741,0.33956829232355973,0.9967504099705213,0.9925956186080248,271480,850400
2,densenet121,pretrained,gs50,blind,test,raw,1337,subject_level,1.0,1.0,0.9999427380769149,0.0008771851442862248,0.015352135686122852,0.9999752894226372,1.0,0.9999427380769149,0.9958222600149478,69,4692
3,densenet121,pretrained,gs50,adaptive,train,gs50,1337,slice_level,0.18758256274768825,0.434114927344782,0.8143295601915809,0.005347713631241923,0.0008544899132730555,0.8220624876519476,0.12314773690798239,0.7503881950612176,0.6883230876730684,173369,1211200
3,densenet121,pretrained,gs50,adaptive,train,gs50,1337,subject_level,0.972972972972973,1.0,0.9874108009510212,0.007632735613230112,0.012024415877169452,0.9988584034688963,0.9864864864864865,0.9873454935915835,0.9037813765758901,222,49062
3,densenet121,pretrained,gs50,adaptive,test,gs50,1337,slice_level,0.31202290076335876,0.6603053435114504,0.8087590025126479,0.005608444848588405,0.0009531151772951503,0.7478479808498301,0.09787272617392881,0.7407509424782951,0.705592308188362,264752,838400
3,densenet121,pretrained,gs50,adaptive,test,gs50,1337,subject_level,1.0,1.0,0.9938498769981273,0.011363561602606289,0.027638893520486527,1.0,1.0,0.9938498769981273,0.9448650287113328,69,4692
3,densenet121,pretrained,gs50,blind,train,raw,1337,slice_level,0.9749009247027741,0.9909180977542933,0.9995961600479079,0.00021281710467848785,0.00018649329151033595,0.8363775748820295,0.33951283101361834,0.996633244182798,0.992300667056526,173369,1211200
3,densenet121,pretrained,gs50,blind,train,raw,1337,subject_level,0.9954954954954955,1.0,0.99989207880991,0.0007698976241790497,0.004799277009861963,0.9999413777235717,1.0,0.9998918524733534,0.9954046979731817,222,49062
3,densenet121,pretrained,gs50,blind,test,raw,1337,slice_level,0.9976145038167938,0.9992843511450382,0.9997135043599223,0.0001335988489498619,0.00026395446678644885,0.836545185348022,0.357474164501118,0.9967426038101508,0.992751558973518,264752,838400
3,densenet121,pretrained,gs50,blind,test,raw,1337,subject_level,1.0,1.0,0.9999395686647167,0.0010556906893633413,0.015344773756637089,0.9999691117782967,1.0,0.9999395686647167,0.995860498173056,69,4692
4,densenet121,pretrained,gs50,adaptive,train,gs50,1337,slice_level,0.15493888338288736,0.3979187314172448,0.8244958257159267,0.0052513878436855725,0.0006253682536227327,0.7496839635364555,0.08455833163665978,0.7602100658588726,0.7266128943913697,171905,1210800
4,densenet121,pretrained,gs50,adaptive,train,gs50,1337,subject_level,0.9819819819819819,1.0,0.9882290320353465,0.00812563461226386,0.008231802799462064,0.9996886638381074,0.9954954954954955,0.9881951075953406,0.9436651347286668,222,49062
4,densenet121,pretrained,gs50,adaptive,test,gs50,1337,slice_level,0.35915188230203376,0.7193855473820857,0.8255530112700666,0.005488151327349417,0.0008501781035265641,0.757464491673961,0.092324960996582,0.7597238192594336,0.7228045778980777,335868,924400
4,densenet121,pretrained,gs50,adaptive,test,gs50,1337,subject_level,1.0,1.0,0.9951226953147114,0.011342628278594086,0.027983584346762604,0.9999999999999999,1.0,0.9951226953147114,0.9451995867114746,69,4692
4,densenet121,pretrained,gs50,blind,train,raw,1337,slice_level,0.9362405021473406,0.9697720515361744,0.999506757731559,0.0002594608204334059,0.00019118428062421826,0.7844498475453661,0.2898752217794712,0.9950802092319043,0.9903645531302008,171905,1210800
4,densenet121,pretrained,gs50,blind,train,raw,1337,subject_level,0.9774774774774775,0.9954954954954955,0.9998283418449195,0.0007285956326905671,0.0048227440964363445,0.999379622988526,0.9864864864864865,0.9998196870894045,0.9949941468972134,222,49062
4,densenet121,pretrained,gs50,blind,test,raw,1337,slice_level,0.9941583729987019,0.9982691475551709,0.999683791066289,0.00015495782649553168,0.00024656163576946237,0.7934046400541763,0.2877082663427299,0.9951869127379623,0.990433537193136,335868,924400
4,densenet121,pretrained,gs50,blind,test,raw,1337,subject_level,1.0,1.0,0.999934611113175,0.0011183904564898946,0.015576441245882408,1.0,1.0,0.999934611113175,0.9947777474831031,69,4692
0,densenet121,scratch,raw,adaptive,train,raw,1337,slice_level,0.9829836444738146,0.9924004625805386,0.9892177568985847,0.0022173665504543797,0.0004997533878692168,0.9017529816136083,0.4677675722930551,0.9643776059924861,0.9029360221340383,176158,1210600
0,densenet121,scratch,raw,adaptive,train,raw,1337,subject_level,0.9909502262443439,1.0,0.9986569363607001,0.007816815807808578,0.010348198225308733,0.9999573756028374,1.0,0.9986366678147295,0.933078288387144,221,48620
0,densenet121,scratch,raw,adaptive,test,raw,1337,slice_level,0.9995552590615966,0.9995552590615966,0.9910944688312208,0.0013494811403716913,0.0006752940895431318,0.9078987970930387,0.48881369908736017,0.9656576927915298,0.8998276922257842,305597,899400
0,densenet121,scratch,raw,adaptive,test,raw,1337,subject_level,1.0,1.0,0.9994922246251787,0.010320392676762172,0.03289323720548834,1.0,1.0,0.9994922246251787,0.9306167471729697,70,4830
1,densenet121,scratch,raw,adaptive,train,raw,1337,slice_level,0.9745664739884393,0.985962014863749,0.9938666771995834,0.0016580312730456856,0.0007298916020585588,0.914605566282043,0.45845644996212537,0.9713121647409168,0.8010679688761787,172939,1211000
1,densenet121,scratch,raw,adaptive,train,raw,1337,subject_level,0.9773755656108597,1.0,0.9988720239017883,0.006406059092525983,0.01551839555887615,0.9990088431664157,0.9909502262443439,0.9988313702976003,0.8202908496848599,221,48620
1,densenet121,scratch,raw,adaptive,test,raw,1337,slice_level,0.992991182455347,0.9959303640063305,0.9938841807661676,0.0013849909370796676,0.0009605879480973697,0.8383814560491406,0.39736394443923545,0.9522713649838491,0.8676980961885168,298628,884600
1,densenet121,scratch,raw,adaptive,test,raw,1337,subject_level,0.9857142857142858,1.0,0.9991247688020979,0.01059478691646031,0.039839605082358634,0.9992724046140196,0.9857142857142858,0.9991002695901053,0.9098857072446164,70,4830
2,densenet121,scratch,raw,adaptive,train,raw,1337,slice_level,0.9473162675474814,0.9686209744013212,0.9949992861657178,0.0016238558597548947,0.000850854509892319,0.8881465600938985,0.141834415678292,0.9606447185763133,0.7237498008890845,172927,1211000
2,densenet121,scratch,raw,adaptive,train,raw,1337,subject_level,0.9504504504504504,0.9864864864864865,0.9984599537140614,0.0057368761784321555,0.01769966808743439,0.9949884150997029,0.8828828828828829,0.9982334431764242,0.7474598321623441,222,49062
2,densenet121,scratch,raw,adaptive,test,raw,1337,slice_level,0.9861241768579492,0.9927093132643462,0.9960789372084394,0.0012442002516250396,0.0012536259097804343,0.8684279552734074,0.3513113304847503,0.9440671968792927,0.7582012644307451,271480,850400
2,densenet121,scratch,raw,adaptive,test,raw,1337,subject_level,1.0,1.0,0.9987969631734102,0.009492826634559078,0.061532745164805565,0.999616986050879,0.9855072463768116,0.9987969631734102,0.8048023322481227,69,4692
3,densenet121,scratch,raw,adaptive,train,raw,1337,slice_level,0.9374174372523117,0.9673051519154557,0.9922252758805944,0.002039275482749687,0.0008039475014739528,0.89625794193495,0.2096799312449169,0.9603780225174678,0.7923196787413953,173369,1211200
3,densenet121,scratch,raw,adaptive,train,raw,1337,subject_level,0.9774774774774775,1.0,0.9984718418873109,0.006113614316459175,0.016716702467854228,0.9987140283245212,0.954954954954955,0.9984341462453207,0.8222629480362473,222,49062
3,densenet121,scratch,raw,adaptive,test,raw,1337,slice_level,0.9747137404580153,0.9854484732824428,0.9934102247632642,0.0015898728387728903,0.0011163288672138734,0.8621751875222806,0.25156750468362843,0.9490293519564782,0.8174576818525706,264752,838400
3,densenet121,scratch,raw,adaptive,test,raw,1337,subject_level,1.0,1.0,0.9991899322772372,0.010296527890191563,0.05112130356871564,0.9999876447113187,1.0,0.9991899322772372,0.8573411737726676,69,4692
4,densenet121,scratch,raw,adaptive,train,raw,1337,slice_level,0.978031053848695,0.9902543772712257,0.9888305722249393,0.0023669102796832443,0.000512092169663439,0.8790605827690975,0.43785230214362586,0.9598731025323995,0.9001403699587842,171905,1210800
4,densenet121,scratch,raw,adaptive,train,raw,1337,subject_level,0.9954954954954955,1.0,0.9985437897948531,0.007588103816315935,0.010002932979028907,0.9999778731893199,1.0,0.998543238854623,0.935894196446587,222,49062
4,densenet121,scratch,raw,adaptive,test,raw,1337,slice_level,0.9967546516659455,0.9980527909995673,0.9903139013044249,0.001664884133753659,0.0006691484633492739,0.8697985123855118,0.4080829373444329,0.9584216451568978,0.9001758714954557,335868,924400
4,densenet121,scratch,raw,adaptive,test,raw,1337,subject_level,0.9855072463768116,1.0,0.9992384038109711,0.009328234886777574,0.0321048499773378,0.9994656337645329,0.9855072463768116,0.999212062013322,0.9362105365909273,69,4692
0,densenet121,scratch,gs0,adaptive,train,gs0,1337,slice_level,0.9948785726086238,0.9975218899719147,0.990541127689925,0.0015155539007673732,0.000633429390610127,0.9094014571810652,0.5046094982913066,0.9670984368652,0.8614167892048128,176158,1210600
0,densenet121,scratch,gs0,adaptive,train,gs0,1337,subject_level,0.9864253393665159,1.0,0.9988088397418752,0.00678797410084651,0.014090225425005229,0.9999550489436035,1.0,0.998796350006604,0.885190125460097,221,48620
0,densenet121,scratch,gs0,adaptive,test,gs0,1337,slice_level,0.9993328885923949,0.9993328885923949,0.9911207040866693,0.0009583007475522351,0.0007249208306715083,0.9089492841866895,0.501411990300952,0.9670256283400517,0.8870024615304852,305597,899400
0,densenet121,scratch,gs0,adaptive,test,gs0,1337,subject_level,1.0,1.0,0.9994343365941729,0.010756253344672067,0.03649583073066814,1.0,1.0,0.9994343365941729,0.9169723582563933,70,4830
0,densenet121,scratch,gs0,blind,train,raw,1337,slice_level,0.9924004625805386,0.9960350239550636,0.9987794327948599,0.0005001347261520529,0.0002280631929150146,0.8229252161933117,0.3857219087410166,0.9899233921611678,0.9765034878475497,176158,1210600
0,densenet121,scratch,gs0,blind,train,raw,1337,subject_level,0.9773755656108597,0.995475113122172,0.9996432041690361,0.0015010429183821873,0.005496927263105617,0.9997143793124628,0.9909502262443439,0.9996348506185264,0.985498812012543,221,48620
0,densenet121,scratch,gs0,blind,test,raw,1337,slice_level,0.9995552590615966,0.9995552590615966,0.9991328869365389,0.0002557912587536317,0.0002948225800785484,0.821004941516178,0.39821071541932673,0.9905800189551472,0.9785598535788359,305597,899400
0,densenet121,scratch,gs0,blind,test,raw,1337,subject_level,1.0,1.0,0.999870593207223,0.0020539019789014546,0.01699948286903756,1.0,1.0,0.999870593207223,0.9871679519891245,70,4830
1,densenet121,scratch,gs0,adaptive,train,gs0,1337,slice_level,0.9948802642444261,0.9975227085053675,0.9926141433928448,0.0013913334646469104,0.0006411692798151123,0.9303289250107132,0.5089308947085388,0.9745924778633374,0.8432233969416872,172939,1211000
1,densenet121,scratch,gs0,adaptive,train,gs0,1337,subject_level,1.0,1.0,0.999092414638036,0.006441195356360388,0.014519910669434664,0.9999771987395091,1.0,0.999092414638036,0.8611763172927387,221,48620
1,densenet121,scratch,gs0,adaptive,test,gs0,1337,slice_level,0.998869545557314,0.9993217273343884,0.992425984760067,0.0010509269959296465,0.0007516418242130724,0.8478114177244832,0.43067629291292175,0.9570266445895224,0.887279755829242,298628,884600
1,densenet121,scratch,gs0,adaptive,test,gs0,1337,subject_level,1.0,1.0,0.9993538643632617,0.010185439246041435,0.03360873553901911,0.9999999999999999,1.0,0.9993538643632617,0.9251274381365094,70,4830
1,densenet121,scratch,gs0,blind,train,raw,1337,slice_level,0.9914120561519405,0.9948802642444261,0.9987947291721498,0.00047269662877530915,0.0002277721167765258,0.8248866852089138,0.39296514956140605,0.9902939403163046,0.9765830537861876,172939,1211000
1,densenet121,scratch,gs0,blind,train,raw,1337,subject_level,0.9909502262443439,1.0,0.9996810320815349,0.0015214832659760213,0.005510071147132109,0.9999281527628614,1.0,0.9996802164958074,0.9853369539483297,221,48620
1,densenet121,scratch,gs0,blind,test,raw,1337,slice_level,0.9995478182229256,0.9995478182229256,0.999039065546777,0.00027154047457362743,0.00030730323821107037,0.7893593783516288,0.3572170057730688,0.9882577892644813,0.9766829508257996,298628,884600
1,densenet121,scratch,gs0,blind,test,raw,1337,subject_level,1.0,1.0,0.9998327927930014,0.0021890836102621894,0.016987566969224384,0.9999970422951789,1.0,0.9998327927930014,0.9872152840745622,70,4830
2,densenet121,scratch,gs0,adaptive,train,gs0,1337,slice_level,0.9924029727497936,0.9960363336085879,0.9886355858416128,0.001625815587630457,0.00048560372330356025,0.8903997045034066,0.5127018915496134,0.9641727821323852,0.8984638873632539,172927,1211000
2,densenet121,scratch,gs0,adaptive,train,gs0,1337,subject_level,0.9864864864864865,0.9954954954954955,0.9986999593339525,0.007097989320755005,0.010421134550376115,0.9998331767012212,0.990990990990991,0.998670543904777,0.927824284703221,222,49062
2,densenet121,scratch,gs0,adaptive,test,gs0,1337,slice_level,1.0,1.0,0.9899602199318492,0.0008908909161137952,0.0006614280187446333,0.9154114022309473,0.5358995137763372,0.9695564891778001,0.900602505111529,271480,850400
2,densenet121,scratch,gs0,adaptive,test,gs0,1337,subject_level,1.0,1.0,0.9994879010794819,0.008897525676782581,0.0326128823655671,1.0,1.0,0.9994879010794819,0.9290547402034127,69,4692
2,densenet121,scratch,gs0,blind,train,raw,1337,slice_level,0.9876135425268373,0.9935590421139554,0.9980400600775916,0.0007097968673233549,0.00025302392489628283,0.8245613147468416,0.3914599802228686,0.9858322469161005,0.9671446755812446,172927,1211000
2,densenet121,scratch,gs0,blind,train,raw,1337,subject_level,0.9774774774774775,0.9819819819819819,0.9995196359651582,0.001944852573377592,0.005896361882437591,0.9985281998398056,0.9774774774774775,0.9994732656994382,0.9793589426408283,222,49062
2,densenet121,scratch,gs0,blind,test,raw,1337,slice_level,0.9985888993414863,1.0,0.9985941943422535,0.0003884746741261666,0.000354998786790802,0.8565362037396904,0.414756151466038,0.988336730052098,0.967174549115049,271480,850400
2,densenet121,scratch,gs0,blind,test,raw,1337,subject_level,1.0,1.0,0.999817671119303,0.0027785085249638214,0.019064926798792854,1.0,1.0,0.999817671119303,0.9788762977234035,69,4692
3,densenet121,scratch,gs0,adaptive,train,gs0,1337,slice_level,0.9895970937912814,0.9952113606340819,0.9936838387025709,0.0013787574780664482,0.0007041037795985089,0.914913584928099,0.4997317859594276,0.9715795110442292,0.8112847309864694,173369,1211200
3,densenet121,scratch,gs0,adaptive,train,gs0,1337,subject_level,0.9954954954954955,0.9954954954954955,0.99907519419988,0.00658502154522114,0.01524084194789867,0.999901301570618,0.9954954954954955,0.9990628627506463,0.8301221044989018,222,49062
3,densenet121,scratch,gs0,adaptive,test,gs0,1337,slice_level,0.9933206106870229,0.9954675572519084,0.9935835376239688,0.0011764533874642758,0.0010199564418519197,0.8477069631302947,0.4257304949537681,0.952948273931829,0.862041612973842,264752,838400
3,densenet121,scratch,gs0,adaptive,test,gs0,1337,subject_level,0.9855072463768116,1.0,0.9989577963732291,0.011249405750329945,0.04255760795828225,0.9998918912240384,1.0,0.9989502930986709,0.9017272939157608,69,4692
3,densenet121,scratch,gs0,blind,train,raw,1337,slice_level,0.9867899603698811,0.9928996036988111,0.9991690318445864,0.0003858211510562519,0.00021808791481752146,0.8201272962115045,0.4081871614879246,0.9914407360563299,0.9803156408472687,173369,1211200
3,densenet121,scratch,gs0,blind,train,raw,1337,subject_level,0.9774774774774775,0.9954954954954955,0.9997559305246886,0.0013949513972342552,0.005296877346228104,0.9995985957830156,0.990990990990991,0.999741111252759,0.9880740083494381,222,49062
3,densenet121,scratch,gs0,blind,test,raw,1337,slice_level,0.9983301526717557,0.9985687022900763,0.9993803333064527,0.0002058768744459589,0.0003110739769853291,0.826386750090092,0.4110866018009307,0.9919028625922447,0.9802473155339426,264752,838400
3,densenet121,scratch,gs0,blind,test,raw,1337,subject_level,0.9855072463768116,1.0,0.9998508017996083,0.0020285922548045282,0.017097148450388424,0.9999660229561264,1.0,0.9998474095178687,0.9878226768254014,69,4692
4,densenet121,scratch,gs0,adaptive,train,gs0,1337,slice_level,0.9945490584737364,0.9973571192599934,0.9872489584961227,0.001498702673538707,0.00043233407793021543,0.8866509403429401,0.5198045432070039,0.9646824734514912,0.9088169114941471,171905,1210800
4,densenet121,scratch,gs0,adaptive,train,gs0,1337,subject_level,0.9864864864864865,1.0,0.9987128403809693,0.006564919207547162,0.009328673895750497,0.9998725642604815,0.990990990990991,0.9986892103611886,0.9394805103918249,222,49062
4,densenet121,scratch,gs0,adaptive,test,gs0,1337,slice_level,1.0,1.0,0.9882884191156517,0.0009008808628092179,0.000551580446731474,0.883759573678383,0.4709737158645658,0.9646730487148343,0.9090935489427652,335868,924400
4,densenet121,scratch,gs0,adaptive,test,gs0,1337,subject_level,1.0,1.0,0.9994697709014451,0.008023852887360947,0.029685295794321144,1.0,1.0,0.9994697709014451,0.9384316508955968,69,4692
4,densenet121,scratch,gs0,blind,train,raw,1337,slice_level,0.9818301949124546,0.9881070366699702,0.9976043439872359,0.0007834219877421363,0.00024034661146949286,0.7978841834996239,0.3510369099211774,0.9862597954401168,0.9711697848139225,171905,1210800
4,densenet121,scratch,gs0,blind,train,raw,1337,subject_level,0.972972972972973,0.9954954954954955,0.9995126079868626,0.0017484603701411066,0.005597063841566712,0.9985326527456894,0.9864864864864865,0.9994944554191452,0.9835567019536917,222,49062
4,densenet121,scratch,gs0,blind,test,raw,1337,slice_level,0.9984855041107745,0.9993509303331891,0.9980937123995022,0.000477675633841085,0.00032341683514717254,0.8042433290960641,0.3431943501613729,0.9856369549930234,0.9679466446547449,335868,924400
4,densenet121,scratch,gs0,blind,test,raw,1337,subject_level,1.0,1.0,0.9997776375300642,0.00230807584265004,0.018796829479760017,0.9997189171824999,0.9855072463768116,0.9997776375300642,0.9800143793085551,69,4692
0,densenet121,scratch,gs10,adaptive,train,gs10,1337,slice_level,0.9501073847678837,0.9719147530150338,0.9923576404590282,0.0013671246773149285,0.0008571566030782073,0.8785471210093904,0.3394339172788065,0.9584553604981808,0.7674734287966746,176158,1210600
0,densenet121,scratch,gs10,adaptive,train,gs10,1337,subject_level,0.9638009049773756,0.995475113122172,0.9984917611018564,0.005522845017963945,0.01698808840210486,0.9990703600365565,0.9819004524886877,0.9984183214368864,0.7912819784660243,221,48620
0,densenet121,scratch,gs10,adaptive,test,gs10,1337,slice_level,0.9670891705581499,0.9828774738714698,0.993174467268111,0.0010446309910791833,0.0012686314270427801,0.8338973377950659,0.2953497580146402,0.9244554672051176,0.7573649084019627,305597,899400
0,densenet121,scratch,gs10,adaptive,test,gs10,1337,subject_level,1.0,1.0,0.9983432573931558,0.00987467680658613,0.05701422345425401,0.998884945282461,0.9571428571428572,0.9983432573931558,0.8225153140646577,70,4830
0,densenet121,scratch,gs10,blind,train,raw,1337,slice_level,0.9805055344457294,0.9910788038988931,0.9996183231588672,0.00019680722063481463,0.0002012872051279498,0.8042307369215935,0.34075659351264204,0.9946637440080218,0.9865668828977192,176158,1210600
0,densenet121,scratch,gs10,blind,train,raw,1337,subject_level,0.9683257918552036,0.9864253393665159,0.9998320260198947,0.0006243497537811417,0.005095636994658013,0.9991678935916359,0.9773755656108597,0.9998197032315699,0.9912516430467796,221,48620
0,densenet121,scratch,gs10,blind,test,raw,1337,slice_level,0.9991105181231933,0.9993328885923949,0.9997591466831584,9.891333144215284e-05,0.0002622437173076778,0.8033761957839237,0.35034375337454227,0.995089996530325,0.9878161253150712,305597,899400
0,densenet121,scratch,gs10,blind,test,raw,1337,subject_level,0.9857142857142858,1.0,0.9999376603535244,0.0009511828422546387,0.015890703443437813,0.9998935226264419,1.0,0.9999340440545763,0.9922002426462391,70,4830
1,densenet121,scratch,gs10,adaptive,train,gs10,1337,slice_level,0.9829892650701899,0.9957060280759703,0.9846256798107106,0.001086427405488875,0.00040053031868728155,0.889998911092258,0.44747569952410965,0.965909259032923,0.91287275343779,172939,1211000
1,densenet121,scratch,gs10,adaptive,train,gs10,1337,subject_level,0.9909502262443439,1.0,0.9987535981031564,0.0052010214706351855,0.008976057561628554,0.9999297348911402,1.0,0.9987474736584797,0.9426244279022621,221,48620
1,densenet121,scratch,gs10,adaptive,test,gs10,1337,slice_level,0.9997739091114628,0.9997739091114628,0.9851525274035674,0.0007678820163503427,0.0005276332704938141,0.8362105137791503,0.4031403619218559,0.9583710519339482,0.915571292497819,298628,884600
1,densenet121,scratch,gs10,adaptive,test,gs10,1337,subject_level,1.0,1.0,0.9993254363536834,0.007024851015635899,0.025703888280051095,1.0,1.0,0.9993254363536834,0.9526029784240091,70,4830
1,densenet121,scratch,gs10,blind,train,raw,1337,slice_level,0.9871180842279108,0.9932287365813377,0.9980100162653368,0.0007175734966476529,0.0002539557460260029,0.8176404916600689,0.3721138667391392,0.9860882574564857,0.9668421808474817,172939,1211000
1,densenet121,scratch,gs10,blind,train,raw,1337,subject_level,0.9773755656108597,1.0,0.9995605233567872,0.0018288824892691358,0.005943668593243776,0.9998059100867193,1.0,0.9995490075236532,0.9791309909497402,221,48620
1,densenet121,scratch,gs10,blind,test,raw,1337,slice_level,0.9993217273343884,0.9995478182229256,0.9983978007622981,0.0004256685044790807,0.00033774325922740066,0.7800509764853877,0.3435009443186841,0.9833180860675135,0.96834106353527,298628,884600
1,densenet121,scratch,gs10,blind,test,raw,1337,subject_level,1.0,1.0,0.9997535620416914,0.0025965716157640728,0.017888877647263664,0.9999467613132209,1.0,0.9997535620416914,0.9830630241220288,70,4830
2,densenet121,scratch,gs10,adaptive,train,gs10,1337,slice_level,0.9844756399669694,0.9937241948802642,0.98724565863314,0.0013108193332946173,0.000587380846888696,0.8953445626548182,0.457181353981738,0.961129385387308,0.8706401741105992,172927,1211000
2,densenet121,scratch,gs10,adaptive,train,gs10,1337,subject_level,0.9819819819819819,0.9954954954954955,0.998610139967085,0.005972006567963609,0.012954889826040279,0.9997118923986968,0.9954954954954955,0.9985731893831545,0.9007838573877035,222,49062
2,densenet121,scratch,gs10,adaptive,test,gs10,1337,slice_level,0.9992944496707432,0.9995296331138288,0.9880107852471738,0.0008028638273169157,0.0007321358638140307,0.9057573689137318,0.48247016354795935,0.9657453656881604,0.8839205331318185,271480,850400
2,densenet121,scratch,gs10,adaptive,test,gs10,1337,subject_level,1.0,1.0,0.9994102025377578,0.009216357832369597,0.03637092673908109,0.999990733533489,1.0,0.9994102025377578,0.91488679311058,69,4692
2,densenet121,scratch,gs10,blind,train,raw,1337,slice_level,0.9786952931461602,0.9876135425268373,0.9989858960534402,0.00040724291277758647,0.0002194053397765214,0.8075592465887178,0.35903589375863804,0.9909902161888631,0.9794320314057497,172927,1211000
2,densenet121,scratch,gs10,blind,train,raw,1337,subject_level,0.963963963963964,0.972972972972973,0.9996914431318507,0.001176747652861449,0.005340545773841777,0.9981561756204045,0.972972972972973,0.9996551173227327,0.9872655156353053,222,49062
2,densenet121,scratch,gs10,blind,test,raw,1337,slice_level,0.9990592662276576,0.9997648165569144,0.9992887482453604,0.00023228692649561396,0.0003083962912358929,0.8434460531994165,0.3922462059820245,0.9924705969695843,0.9793440699901148,271480,850400
2,densenet121,scratch,gs10,blind,test,raw,1337,subject_level,1.0,1.0,0.9998775789703148,0.0017324478729911473,0.01726664915896844,0.9999938223556593,1.0,0.9998775789703148,0.9869325859416578,69,4692
3,densenet121,scratch,gs10,adaptive,train,gs10,1337,slice_level,0.9844782034346103,0.9928996036988111,0.9873118125482941,0.0012379195368904105,0.000601038434421802,0.8828890968011335,0.4365947776130681,0.9612300974113681,0.8734496298746072,173369,1211200
3,densenet121,scratch,gs10,adaptive,train,gs10,1337,subject_level,0.9864864864864865,0.9954954954954955,0.9987086855076455,0.005497277319968284,0.01293748994735447,0.9996748919642402,0.9954954954954955,0.9986614823878348,0.9053409229182695,222,49062
3,densenet121,scratch,gs10,adaptive,test,gs10,1337,slice_level,0.9966603053435115,0.9988072519083969,0.9877090285468193,0.0008553705739838477,0.0007265798789279079,0.859450561701222,0.4094964343989847,0.9606906009270986,0.8919638344039785,264752,838400
3,densenet121,scratch,gs10,adaptive,test,gs10,1337,subject_level,1.0,1.0,0.9991479602412902,0.007754357828610186,0.032960200439328735,0.9996787624942858,0.9855072463768116,0.9991479602412902,0.9260671787783313,69,4692
3,densenet121,scratch,gs10,blind,train,raw,1337,slice_level,0.9859643328929987,0.9920739762219286,0.9988461069103276,0.0004853738700697885,0.00022351249874763015,0.8239022582714722,0.39590122801654276,0.9905618072967055,0.9779812747637693,173369,1211200
3,densenet121,scratch,gs10,blind,train,raw,1337,subject_level,0.9864864864864865,0.9954954954954955,0.9997181086926847,0.0014270807171727086,0.005400747629218139,0.9995700420978639,0.9864864864864865,0.9997049623781497,0.9864829825845215,222,49062
3,densenet121,scratch,gs10,blind,test,raw,1337,slice_level,0.9978530534351145,0.9985687022900763,0.9991150620528533,0.0002742794178824388,0.00031854998479773446,0.8344716016884461,0.4080384661872243,0.9913134969691662,0.9780597351547615,264752,838400
3,densenet121,scratch,gs10,blind,test,raw,1337,subject_level,1.0,1.0,0.9998366133026455,0.0021096079245857572,0.017454949059132217,0.9999845558891484,1.0,0.9998366133026455,0.9861520988023494,69,4692
4,densenet121,scratch,gs10,adaptive,train,gs10,1337,slice_level,0.9843078956062108,0.9927320779649819,0.9847941392910217,0.001148544928796779,0.00041638786144487544,0.8739219467925866,0.4754311974637154,0.9621250567533719,0.9085530868118004,171905,1210800
4,densenet121,scratch,gs10,adaptive,train,gs10,1337,subject_level,0.972972972972973,0.9954954954954955,0.998637478630822,0.0054956747067941205,0.009056119703444408,0.9997231853352679,0.990990990990991,0.998594042148676,0.9414797767988892,222,49062
4,densenet121,scratch,gs10,adaptive,test,gs10,1337,slice_level,0.9991345737775854,0.9997836434443964,0.9856542374008613,0.0007758922955526618,0.0005359320525238746,0.8710608877585109,0.4320417544987912,0.9620029405436434,0.9081635765831277,335868,924400
4,densenet121,scratch,gs10,adaptive,test,gs10,1337,subject_level,1.0,1.0,0.9994743976040162,0.006957838500755421,0.02915762243387492,1.0,1.0,0.9994743976040162,0.9398505380416872,69,4692
4,densenet121,scratch,gs10,blind,train,raw,1337,slice_level,0.9897588371324744,0.9948794185662372,0.9987661986804693,0.0004973233356545142,0.00021886501657619777,0.827986459711505,0.41273959454349785,0.9909967095654054,0.9796771652737604,171905,1210800
4,densenet121,scratch,gs10,blind,train,raw,1337,subject_level,0.9954954954954955,0.9954954954954955,0.9996821418538824,0.0015502598908570435,0.00531022574517641,0.9995290019137397,0.9954954954954955,0.9996735195855837,0.9878223504588518,222,49062
4,densenet121,scratch,gs10,blind,test,raw,1337,slice_level,0.9995672868887927,1.0,0.9990714929001716,0.00028422299477508294,0.00029049684025676885,0.8340144472800525,0.3989067133516739,0.9907106081957742,0.9775411346828793,335868,924400
4,densenet121,scratch,gs10,blind,test,raw,1337,subject_level,1.0,1.0,0.9998538537301879,0.0021223339481630187,0.017620948750687683,0.9999320459122528,1.0,0.9998538537301879,0.9854572235470842,69,4692
0,densenet121,scratch,gs20,adaptive,train,gs20,1337,slice_level,0.9251610771518255,0.9692714356517429,0.9895931888705892,0.0012246021333458441,0.0007220788932693979,0.8889219834192188,0.3325083163977793,0.9625981903705249,0.7959972835801986,176158,1210600
0,densenet121,scratch,gs20,adaptive,train,gs20,1337,subject_level,0.9819004524886877,1.0,0.9986527624173401,0.004521791751568134,0.015581145006067613,0.999530480166626,0.9909502262443439,0.9986142060335945,0.8188945391335295,221,48620
0,densenet121,scratch,gs20,adaptive,test,gs20,1337,slice_level,0.9664220591505448,0.9855459195018902,0.9898010449911028,0.0010194452916459822,0.0010384182634785993,0.8466226863878289,0.30980343393423365,0.941446488616915,0.8209126567076797,305597,899400
0,densenet121,scratch,gs20,adaptive,test,gs20,1337,subject_level,0.9857142857142858,1.0,0.9989417995725359,0.008942406518118722,0.049093864751713616,0.9996095829636201,0.9857142857142858,0.9989344264779773,0.871550973645155,70,4830
0,densenet121,scratch,gs20,blind,train,raw,1337,slice_level,0.99273087725095,0.9970262679662977,0.9990796982877691,0.0004149765273509647,0.00023346533864218352,0.8443179300074783,0.41846524143098807,0.9905779563336063,0.974883325324558,176158,1210600
0,densenet121,scratch,gs20,blind,train,raw,1337,subject_level,0.9864253393665159,0.995475113122172,0.9996791328240304,0.0016797910448652588,0.005673867759897429,0.9998013033014364,0.995475113122172,0.9996701201162727,0.9831259634221645,221,48620
0,densenet121,scratch,gs20,blind,test,raw,1337,slice_level,1.0,1.0,0.9993600835131093,0.00020723860343880513,0.00030164662392365556,0.8471422860507071,0.4312345998160977,0.9912803503936626,0.9769611005039381,305597,899400
0,densenet121,scratch,gs20,blind,test,raw,1337,subject_level,1.0,1.0,0.9998775652476719,0.002296543972832816,0.017542387784591742,0.9999970422951789,1.0,0.9998775652476719,0.9847790978956914,70,4830
1,densenet121,scratch,gs20,adaptive,train,gs20,1337,slice_level,0.9626754748142031,0.9881090008257638,0.9847945065561353,0.0010949296856792774,0.00046480841746070813,0.8554000802581767,0.40539149642359446,0.957168944500069,0.8881759844136868,172939,1211000
1,densenet121,scratch,gs20,adaptive,train,gs20,1337,subject_level,0.9592760180995475,1.0,0.99853224344383,0.005052000688751359,0.010240357449252951,0.9995764549530852,0.9819004524886877,0.998456203020536,0.923906379811855,221,48620
1,densenet121,scratch,gs20,adaptive,test,gs20,1337,slice_level,0.9972869093375537,0.9997739091114628,0.9855141859099845,0.0008087669350350036,0.0006148144014184655,0.7973910361924976,0.3464812408749347,0.9445917692788359,0.8909417926712648,298628,884600
1,densenet121,scratch,gs20,adaptive,test,gs20,1337,subject_level,1.0,1.0,0.9990857022149222,0.007209264380591256,0.028648384873356136,0.9998876072167998,1.0,0.9990857022149222,0.9393638242475735,70,4830
1,densenet121,scratch,gs20,blind,train,raw,1337,slice_level,0.9978530140379851,0.999009083402147,0.9990139192337836,0.0003950504406142294,0.00021857869031056179,0.8780727109885463,0.4785733698009125,0.9929587473994862,0.9800512640691316,172939,1211000
1,densenet121,scratch,gs20,blind,train,raw,1337,subject_level,1.0,1.0,0.999755981011628,0.0018799898311563207,0.005434369179525526,0.9999412285877551,0.995475113122172,0.999755981011628,0.9865303943047843,221,48620
1,densenet121,scratch,gs20,blind,test,raw,1337,slice_level,0.9997739091114628,1.0,0.9992142019702006,0.00022670507377126005,0.0002983185614285712,0.8426190803447318,0.44424836251121796,0.9910757587585292,0.9792317165043217,298628,884600
1,densenet121,scratch,gs20,blind,test,raw,1337,subject_level,1.0,1.0,0.9998744734695979,0.0026434123516082763,0.017013045560036386,1.0,1.0,0.9998744734695979,0.9872214845372036,70,4830
2,densenet121,scratch,gs20,adaptive,train,gs20,1337,slice_level,0.9593724194880264,0.9856317093311313,0.9838551179620474,0.001123484041354166,0.0004595018789900081,0.8466404157132369,0.402973509052953,0.9542197082791989,0.8890472665073752,172927,1211000
2,densenet121,scratch,gs20,adaptive,train,gs20,1337,subject_level,0.9774774774774775,0.9864864864864865,0.9984757000798578,0.004684268085806219,0.010008385988069815,0.9987231636675198,0.9819819819819819,0.9983554173697222,0.9267180820461647,222,49062
2,densenet121,scratch,gs20,adaptive,test,gs20,1337,slice_level,0.9908278457196613,0.9990592662276576,0.9848148394253382,0.0007538533193932763,0.0006365523789776599,0.8805912651731784,0.40956239870340355,0.9623656034326894,0.8875133201218476,271480,850400
2,densenet121,scratch,gs20,adaptive,test,gs20,1337,subject_level,1.0,1.0,0.9993388367735822,0.0066953396451646,0.032189399273931114,0.9998949800462089,1.0,0.9993388367735822,0.9231717527192166,69,4692
2,densenet121,scratch,gs20,blind,train,raw,1337,slice_level,0.9930635838150289,0.9955408753096614,0.9988038330999511,0.0004979770406034739,0.00022288472953553963,0.8481787035337369,0.4479231120646284,0.9910099309748025,0.9785255307916468,172927,1211000
2,densenet121,scratch,gs20,blind,train,raw,1337,subject_level,0.9954954954954955,1.0,0.9996644655863444,0.0019362764852540986,0.005419721155687496,0.9999153488819625,0.9954954954954955,0.999661056308059,0.9863512659220119,222,49062
2,densenet121,scratch,gs20,blind,test,raw,1337,slice_level,1.0,1.0,0.9991877555342519,0.00026122519180444984,0.00030906688045120694,0.8680490745451814,0.46219979372329456,0.9922883342393319,0.9796174729128323,271480,850400
2,densenet121,scratch,gs20,blind,test,raw,1337,subject_level,1.0,1.0,0.9998744475668755,0.0025723222373188405,0.017269248061853905,1.0,1.0,0.9998744475668755,0.9871550009531134,69,4692
3,densenet121,scratch,gs20,adaptive,train,gs20,1337,slice_level,0.9512879788639366,0.9857992073976222,0.9838755768939085,0.0012101483392274522,0.0005139948281248748,0.8816424634014757,0.416914211883324,0.9585176286786006,0.8815075385988822,173369,1211200
3,densenet121,scratch,gs20,adaptive,train,gs20,1337,subject_level,0.9864864864864865,0.9954954954954955,0.9986110023550085,0.005188118767093968,0.011313547076120435,0.9995418556626824,0.9954954954954955,0.9985549828490695,0.9166486633547529,222,49062
3,densenet121,scratch,gs20,adaptive,test,gs20,1337,slice_level,0.9868797709923665,0.9971374045801527,0.9843541766225382,0.0008988734476893913,0.0006588538065422744,0.8560036624982823,0.3847374146370943,0.9576305262717411,0.8895418834835576,264752,838400
3,densenet121,scratch,gs20,adaptive,test,gs20,1337,subject_level,1.0,1.0,0.9991469841072524,0.006796494774196459,0.032012781938133034,0.9997992265589286,0.9855072463768116,0.9991469841072524,0.9259977575077121,69,4692
3,densenet121,scratch,gs20,blind,train,raw,1337,slice_level,0.9915785997357992,0.9953764861294584,0.9988051582339418,0.0004909920802677008,0.0002194688930432635,0.838281225706544,0.4288425266339426,0.9911613629947802,0.9795202491240504,173369,1211200
3,densenet121,scratch,gs20,blind,train,raw,1337,subject_level,0.990990990990991,1.0,0.9997287677215027,0.001638214330415468,0.005336148616111091,0.9998265662017649,0.990990990990991,0.9997258409186527,0.9874879972891765,222,49062
3,densenet121,scratch,gs20,blind,test,raw,1337,slice_level,0.9988072519083969,0.9988072519083969,0.9990721148161488,0.0002732073873963975,0.00031228978755870097,0.8506417160095879,0.44577189218589475,0.9917877514903413,0.9796680238561435,264752,838400
3,densenet121,scratch,gs20,blind,test,raw,1337,subject_level,1.0,1.0,0.9998415363007698,0.0022526651188947153,0.017192432602894478,1.0,1.0,0.9998415363007698,0.9873789702585795,69,4692
4,densenet121,scratch,gs20,adaptive,train,gs20,1337,slice_level,0.9329369012223323,0.9758837132474397,0.9856418202350271,0.0011421910382199295,0.0005405046579773456,0.8752562101230669,0.3996684215118816,0.9578484839719161,0.8739231961176936,171905,1210800
4,densenet121,scratch,gs20,adaptive,train,gs20,1337,subject_level,0.963963963963964,0.9864864864864865,0.9985511724476341,0.004830348330575066,0.01192358154845466,0.9992198692516657,0.972972972972973,0.9984402943838824,0.9089196855957443,222,49062
4,densenet121,scratch,gs20,adaptive,test,gs20,1337,slice_level,0.9868022501081782,0.99762007788836,0.9862551869174094,0.000880587222203709,0.0006692376113225706,0.8566118627986756,0.34745495254087916,0.9549979556537395,0.8760748127918192,335868,924400
4,densenet121,scratch,gs20,adaptive,test,gs20,1337,subject_level,1.0,1.0,0.9994336919508119,0.00695252159367437,0.03615247274654499,0.9999876447113186,1.0,0.9994336919508119,0.911087161744647,69,4692
4,densenet121,scratch,gs20,blind,train,raw,1337,slice_level,0.9973571192599934,0.9983481995374959,0.9992936564960769,0.00031019839312638786,0.00020827139933344126,0.8770611189016045,0.4860358919170472,0.9942085166043495,0.9839215048427408,171905,1210800
4,densenet121,scratch,gs20,blind,train,raw,1337,subject_level,1.0,1.0,0.9997870199852161,0.0015723079711467297,0.0052325618348445175,0.9999271926934884,1.0,0.9997870199852161,0.9890401488092807,222,49062
4,densenet121,scratch,gs20,blind,test,raw,1337,slice_level,1.0,1.0,0.9995002714084475,0.00016132934637164617,0.0002706487439201048,0.8915995242449025,0.4703812211940405,0.9945610969664561,0.983340380328499,335868,924400
4,densenet121,scratch,gs20,blind,test,raw,1337,subject_level,1.0,1.0,0.9999100522718568,0.0021735343380250793,0.017067288143047386,0.9999999999999999,1.0,0.9999100522718568,0.9879960521788853,69,4692
0,densenet121,scratch,gs30,adaptive,train,gs30,1337,slice_level,0.7953081116801586,0.9236742111349744,0.9854487225711198,0.0010550583608284797,0.0007025618895868096,0.8597302835158119,0.23661712780571986,0.952273355495984,0.8085568352166471,176158,1210600
0,densenet121,scratch,gs30,adaptive,train,gs30,1337,subject_level,0.9366515837104072,0.9683257918552036,0.9983222530438349,0.003504051611973689,0.015092815302008957,0.998207355593568,0.9411764705882353,0.9981718376211451,0.8410137674118059,221,48620
0,densenet121,scratch,gs30,adaptive,test,gs30,1337,slice_level,0.9108294418501223,0.9717589504113854,0.9854135627160211,0.0009819260432451387,0.0008927390816248084,0.8257382713421213,0.2604770334787318,0.9398752408402101,0.8419727345115481,305597,899400
0,densenet121,scratch,gs30,adaptive,test,gs30,1337,subject_level,1.0,1.0,0.998945540189743,0.006667390039988927,0.04255769875432764,0.9998757763975155,1.0,0.998945540189743,0.8940349349941032,70,4830
0,densenet121,scratch,gs30,blind,train,raw,1337,slice_level,0.9778622170824385,0.9890963158764249,0.999203108114466,0.0003694374463232454,0.00022772053147120103,0.8020961082305983,0.32339150081177126,0.9903202388043486,0.9765836910200123,176158,1210600
0,densenet121,scratch,gs30,blind,train,raw,1337,subject_level,0.9728506787330317,0.9909502262443439,0.9996875648584841,0.0010474335014550396,0.005521933282662301,0.9990262465774844,0.9728506787330317,0.9996687837315901,0.9849840887850178,221,48620
0,densenet121,scratch,gs30,blind,test,raw,1337,slice_level,0.9988881476539916,0.9995552590615966,0.9994682025612527,0.00019684638716205904,0.00029139051399783316,0.8004288857701222,0.3309358403387468,0.991243212444513,0.979505958960789,305597,899400
0,densenet121,scratch,gs30,blind,test,raw,1337,subject_level,0.9857142857142858,1.0,0.9998723166329521,0.0014916462557656425,0.016919690051249096,0.999698314108252,0.9857142857142858,0.9998678547995431,0.9873960183397337,70,4830
1,densenet121,scratch,gs30,adaptive,train,gs30,1337,slice_level,0.8574731626754748,0.9611890999174236,0.9832451298254566,0.0009419404603940804,0.0004197157104451572,0.843780891618472,0.31239916964941394,0.9589431043943374,0.8975285222404363,172939,1211000
1,densenet121,scratch,gs30,adaptive,train,gs30,1337,subject_level,0.9457013574660633,0.995475113122172,0.9985804695349473,0.0036461334422702705,0.009369997539435307,0.9992080051968262,0.9819004524886877,0.9984954876058242,0.9324626774024884,221,48620
1,densenet121,scratch,gs30,adaptive,test,gs30,1337,slice_level,0.9626950033913634,0.9959303640063305,0.9837435111319239,0.0007752172822411071,0.0005583394000841768,0.7907531135512377,0.2732530104343866,0.949034271363608,0.899414231194486,298628,884600
1,densenet121,scratch,gs30,adaptive,test,gs30,1337,subject_level,0.9857142857142858,1.0,0.9991436089788165,0.005554940019335065,0.026849453124616826,0.9998284531203786,1.0,0.9991379167352404,0.9450135299137661,70,4830
1,densenet121,scratch,gs30,blind,train,raw,1337,slice_level,0.9942196531791907,0.997027250206441,0.9990593655457879,0.0003965322386617999,0.00021733155674837502,0.8599779336378752,0.45453021007407235,0.9927238511485251,0.9804225818387838,172939,1211000
1,densenet121,scratch,gs30,blind,train,raw,1337,subject_level,0.995475113122172,1.0,0.9997550033336311,0.0016179702400621785,0.005396299045195812,0.999951419355199,1.0,0.9997548544568713,0.9869847790810464,221,48620
1,densenet121,scratch,gs30,blind,test,raw,1337,slice_level,0.9997739091114628,1.0,0.9992641484120193,0.00022078564391803503,0.0002933225065604292,0.8180151465522428,0.41707408548428143,0.9905978865814814,0.9804598555413544,298628,884600
1,densenet121,scratch,gs30,blind,test,raw,1337,subject_level,1.0,1.0,0.9998733077730452,0.0022165613515036445,0.016669310735804695,0.9999999999999999,1.0,0.9998733077730452,0.9886910161246424,70,4830
2,densenet121,scratch,gs30,adaptive,train,gs30,1337,slice_level,0.8340214698596201,0.934599504541701,0.9853233027911009,0.0010216837870395449,0.0006677403810824722,0.8609798242454894,0.2241350396410046,0.954558775799791,0.8175032181454335,172927,1211000
2,densenet121,scratch,gs30,adaptive,train,gs30,1337,subject_level,0.9504504504504504,0.9819819819819819,0.9984467155761547,0.0030241764343536654,0.014683923344253688,0.9976086518216883,0.9504504504504504,0.998266682699994,0.8493326014424647,222,49062
2,densenet121,scratch,gs30,adaptive,test,gs30,1337,slice_level,0.9419096895578551,0.9809501411100658,0.98516228593192,0.000893714258610249,0.0008388728846146756,0.8410105838830072,0.25451966995727127,0.9527036543162156,0.8574070688204968,271480,850400
2,densenet121,scratch,gs30,adaptive,test,gs30,1337,subject_level,1.0,1.0,0.9992534302283025,0.006097618220508963,0.0390527431677649,0.9996324301617306,1.0,0.9992534302283025,0.9012416006277895,69,4692
2,densenet121,scratch,gs30,blind,train,raw,1337,slice_level,0.9927332782824112,0.9958711808422791,0.998955928619788,0.00039557071877943396,0.00021564086220616707,0.8480720246712316,0.45160096456886434,0.9922554612496137,0.9809604861742204,172927,1211000
2,densenet121,scratch,gs30,blind,train,raw,1337,subject_level,0.990990990990991,1.0,0.999716811351948,0.0016122828195760915,0.005316231773142611,0.9996051144699794,0.9954954954954955,0.9997079256955568,0.9877575492772387,222,49062
2,densenet121,scratch,gs30,blind,test,raw,1337,slice_level,1.0,1.0,0.9992807190427215,0.0002022085891842057,0.0002952128900534816,0.8679927279950492,0.4806468248121409,0.9937205661519104,0.9829879242576386,271480,850400
2,densenet121,scratch,gs30,blind,test,raw,1337,subject_level,1.0,1.0,0.9998999160269032,0.002170960972274559,0.016822627894040466,1.0,1.0,0.9998999160269032,0.9890800721225633,69,4692
3,densenet121,scratch,gs30,adaptive,train,gs30,1337,slice_level,0.8470937912813739,0.9309775429326288,0.9902143424950156,0.0011963951678225669,0.0009374189996121736,0.8528628292021516,0.29076132411215383,0.9491391895899215,0.7805286699786163,173369,1211200
3,densenet121,scratch,gs30,adaptive,train,gs30,1337,subject_level,0.9459459459459459,0.9864864864864865,0.9983529926420333,0.004406838535188555,0.017042316311785766,0.9979906836027663,0.954954954954955,0.9981809035614804,0.8169126260833868,222,49062
3,densenet121,scratch,gs30,adaptive,test,gs30,1337,slice_level,0.9458492366412213,0.9732824427480916,0.9901017568977052,0.0011360156314291117,0.0011475586128209625,0.7960610686405696,0.25167704115549644,0.9358229728245294,0.8452496094472408,264752,838400
3,densenet121,scratch,gs30,adaptive,test,gs30,1337,subject_level,0.9710144927536232,1.0,0.9984165559644285,0.007559911064479662,0.041289164617225746,0.9975320310859065,0.9565217391304348,0.9982611321020818,0.8998403401326036,69,4692
3,densenet121,scratch,gs30,blind,train,raw,1337,slice_level,0.989101717305152,0.9927344782034346,0.9996561123405139,0.0001853988991860827,0.00020135386221996161,0.8172221515664891,0.39998500308590346,0.9948980512546902,0.9865690435134022,173369,1211200
3,densenet121,scratch,gs30,blind,train,raw,1337,subject_level,0.9819819819819819,0.990990990990991,0.999861274753605,0.0007810713471593084,0.005077298925686124,0.9990771467321546,0.990990990990991,0.9998487223376025,0.9912047414269703,222,49062
3,densenet121,scratch,gs30,blind,test,raw,1337,slice_level,0.9990458015267175,0.9990458015267175,0.9997537076501674,9.805696326812715e-05,0.0002861270737509467,0.8232504785751243,0.4049789992143591,0.9950809959400335,0.986724899711784,264752,838400
3,densenet121,scratch,gs30,blind,test,raw,1337,subject_level,1.0,1.0,0.9998910150666168,0.0011144410008969514,0.01630730829809023,0.9992926597229944,0.9855072463768116,0.9998910150666168,0.9913021388057959,69,4692
4,densenet121,scratch,gs30,adaptive,train,gs30,1337,slice_level,0.8282127518995706,0.9506111661711265,0.9805623167589784,0.0009649958022167708,0.0004139864698481147,0.8561263453770874,0.355318344434426,0.9575643792565984,0.9019310295596094,171905,1210800
4,densenet121,scratch,gs30,adaptive,train,gs30,1337,subject_level,0.963963963963964,0.9864864864864865,0.9984755150906675,0.00378191927531818,0.009113356028473726,0.9988158942848928,0.972972972972973,0.998359706756231,0.9392365909984384,222,49062
4,densenet121,scratch,gs30,adaptive,test,gs30,1337,slice_level,0.9493725659887494,0.9935093033318909,0.9813625012084758,0.0008049287975530818,0.0005265107156439031,0.8472171956519646,0.3160021198804292,0.9568227714053338,0.9019827122039116,335868,924400
4,densenet121,scratch,gs30,adaptive,test,gs30,1337,subject_level,1.0,1.0,0.9994047733320706,0.0055572900219240055,0.02901803912675899,0.9999969111778296,1.0,0.9994047733320706,0.9378296346082102,69,4692
4,densenet121,scratch,gs30,blind,train,raw,1337,slice_level,0.9940535183349851,0.9973571192599934,0.9986625976262409,0.0005225493819712805,0.0002247419020396863,0.8542975961227423,0.4444838719059946,0.9910205292637922,0.977578543546149,171905,1210800
4,densenet121,scratch,gs30,blind,train,raw,1337,subject_level,1.0,1.0,0.9996755005003096,0.0017712927079415535,0.00547011189271805,0.9998451123252395,0.9954954954954955,0.9996755005003096,0.9855987615811976,222,49062
4,densenet121,scratch,gs30,blind,test,raw,1337,slice_level,1.0,1.0,0.9989934722900597,0.0002920270765668538,0.00029614178216805595,0.8624315297364819,0.4370466969166458,0.9911086208224744,0.9759565331899387,335868,924400
4,densenet121,scratch,gs30,blind,test,raw,1337,subject_level,1.0,1.0,0.9998594004174938,0.002454178920690564,0.018102106138847877,1.0,1.0,0.9998594004174938,0.983376553131288,69,4692
0,densenet121,scratch,gs40,adaptive,train,gs40,1337,slice_level,0.5311415826862713,0.7521889971914753,0.9845321129791484,0.0008405642865532472,0.0006850076094379379,0.820632468098046,0.1087149036660271,0.9386985471150936,0.803843139866027,176158,1210600
0,densenet121,scratch,gs40,adaptive,train,gs40,1337,subject_level,0.8054298642533937,0.9321266968325792,0.9981509131543777,0.002067366336805249,0.014114400970315502,0.992163113702906,0.8190045248868778,0.9977113960555236,0.8481511803675659,221,48620
0,densenet121,scratch,gs40,adaptive,test,gs40,1337,slice_level,0.7255948410051145,0.902379364020458,0.9850264664408841,0.0008274615009758295,0.0008402143300411328,0.7622261376351125,0.09872151886307784,0.9254450425737983,0.8349967245258224,305597,899400
0,densenet121,scratch,gs40,adaptive,test,gs40,1337,subject_level,0.9428571428571428,1.0,0.9987709207194192,0.004771685600280762,0.03880144990980625,0.9981958000591542,0.9714285714285714,0.9986680958952222,0.89851753432805,70,4830
0,densenet121,scratch,gs40,blind,train,raw,1337,slice_level,0.995869816619858,0.9978523046423261,0.9993538927898,0.000274784059223608,0.0002040419482231982,0.8588148432249275,0.44280134878915517,0.9946021615131172,0.9854184769195662,176158,1210600
0,densenet121,scratch,gs40,blind,train,raw,1337,subject_level,1.0,1.0,0.9998104898638316,0.0012442979337942547,0.005174741201625286,0.9999820381907154,1.0,0.9998104898638316,0.9901740205001066,221,48620
0,densenet121,scratch,gs40,blind,test,raw,1337,slice_level,0.9997776295307983,1.0,0.9995280209185681,0.0001396464325996248,0.00026797598423256106,0.865863427527893,0.4654266893981289,0.9949761729005788,0.9860663148332681,305597,899400
0,densenet121,scratch,gs40,blind,test,raw,1337,subject_level,1.0,1.0,0.9999268770217895,0.0016608331884656634,0.016227760565068042,1.0,1.0,0.9999268770217895,0.9906770897454603,70,4830
1,densenet121,scratch,gs40,adaptive,train,gs40,1337,slice_level,0.6857142857142857,0.8926507018992568,0.9790046984060651,0.0008520431994998091,0.000383337937882993,0.8401429112136547,0.28128415221552105,0.9572477167366767,0.906055326238533,172939,1211000
1,densenet121,scratch,gs40,adaptive,train,gs40,1337,subject_level,0.9502262443438914,0.9909502262443439,0.9984973898300757,0.0027288729788491088,0.00863550193144253,0.9988082386072804,0.9683257918552036,0.9984208191681772,0.9427592882927138,221,48620
1,densenet121,scratch,gs40,adaptive,test,gs40,1337,slice_level,0.859823649106941,0.9687994573818675,0.9795238144414445,0.0007932679889807463,0.000500880909766806,0.7758627198838522,0.23717802751249045,0.9477524466435675,0.9080855900535696,298628,884600
1,densenet121,scratch,gs40,adaptive,test,gs40,1337,subject_level,0.9857142857142858,1.0,0.9991356662341526,0.004366434471947806,0.024225297517010143,0.999701271813073,0.9857142857142858,0.9991223616259438,0.9551383410057913,70,4830
1,densenet121,scratch,gs40,blind,train,raw,1337,slice_level,0.9890999174236168,0.9950454170107349,0.9991576031354908,0.00035707943701330635,0.00020834111079985458,0.83546948535989,0.41619299290501277,0.9932000511930149,0.9836968798815564,172939,1211000
1,densenet121,scratch,gs40,blind,train,raw,1337,subject_level,0.995475113122172,1.0,0.9997759720318997,0.0012183380882125096,0.0051969620567742245,0.9998960448654353,1.0,0.9997745849428133,0.9898255268606028,221,48620
1,densenet121,scratch,gs40,blind,test,raw,1337,slice_level,0.9990956364458512,0.9995478182229256,0.9993690702539479,0.00020655028129524164,0.0002820729301519007,0.8091625205225624,0.3860923958905394,0.9916435558057635,0.9835327725453046,298628,884600
1,densenet121,scratch,gs40,blind,test,raw,1337,subject_level,1.0,1.0,0.9998834499291012,0.0017294985907418388,0.01617473451686757,0.9999970422951788,1.0,0.9998834499291012,0.9909234338912412,70,4830
2,densenet121,scratch,gs40,adaptive,train,gs40,1337,slice_level,0.7692815854665566,0.8868703550784476,0.9902557269390904,0.0010816462664048994,0.0008598857261400061,0.8429111615462029,0.23780554800580592,0.9485062524261241,0.7583424724814298,172927,1211000
2,densenet121,scratch,gs40,adaptive,train,gs40,1337,subject_level,0.9099099099099099,0.9684684684684685,0.9983403330987638,0.00326485623110522,0.015951013112826658,0.9961486954730198,0.954954954954955,0.9980058339801995,0.7896509485788582,222,49062
2,densenet121,scratch,gs40,adaptive,test,gs40,1337,slice_level,0.909689557855127,0.9623706491063029,0.9904515052727675,0.001044245382467756,0.0012563884584545285,0.7898773806432764,0.23021953735081774,0.9217367757789662,0.7908070776327001,271480,850400
2,densenet121,scratch,gs40,adaptive,test,gs40,1337,subject_level,0.9855072463768116,1.0,0.9983707018520521,0.007339979427448217,0.049958073466584305,0.9964509433262909,0.8985507246376812,0.9983629109202952,0.8595975546352089,69,4692
2,densenet121,scratch,gs40,blind,train,raw,1337,slice_level,0.980842279108175,0.9890999174236168,0.9995862317419958,0.00022489500872661613,0.00021756756334572502,0.8319059916272217,0.39497013190537045,0.9932099611620611,0.9805300261731191,172927,1211000
2,densenet121,scratch,gs40,blind,train,raw,1337,subject_level,0.9594594594594594,0.9864864864864865,0.9997750904646006,0.0010048747062683105,0.005406523708606491,0.9984612685328107,0.9774774774774775,0.9997437429857684,0.9863224939635009,222,49062
2,densenet121,scratch,gs40,blind,test,raw,1337,slice_level,0.998824082784572,0.9995296331138288,0.9997536925246776,0.00010530165592006995,0.0002939280006486523,0.852683145853342,0.4185207013407986,0.9948874077699718,0.9834452995772869,271480,850400
2,densenet121,scratch,gs40,blind,test,raw,1337,subject_level,1.0,1.0,0.9999229355134825,0.0014735702155292897,0.01695540250427481,1.0,1.0,0.9999229355134825,0.9883429322325056,69,4692
3,densenet121,scratch,gs40,adaptive,train,gs40,1337,slice_level,0.7660171730515192,0.9189233817701453,0.9820367177872078,0.0009160204993528923,0.00043648050903374034,0.8301047963138359,0.2777428490675957,0.9538235465464348,0.8965978710506421,173369,1211200
3,densenet121,scratch,gs40,adaptive,train,gs40,1337,subject_level,0.9324324324324325,0.9864864864864865,0.99847401530893,0.0034344972253919723,0.009331784813102704,0.9986558192043089,0.9684684684684685,0.9983718145538021,0.9368855576894047,222,49062
3,densenet121,scratch,gs40,adaptive,test,gs40,1337,slice_level,0.8990935114503816,0.9799618320610687,0.9825645027440468,0.0008090038620333635,0.0005792449197987071,0.8184201778356807,0.2570141113192724,0.9549665691101055,0.9003621289838205,264752,838400
3,densenet121,scratch,gs40,adaptive,test,gs40,1337,subject_level,1.0,1.0,0.999054183130679,0.00461037694544032,0.02798494780301184,0.9991567515474999,0.9710144927536232,0.999054183130679,0.9403800471207066,69,4692
3,densenet121,scratch,gs40,blind,train,raw,1337,slice_level,0.9965323645970938,0.9978533685601056,0.9993783651876954,0.0002637927074728428,0.00020078184172914632,0.8667594078124407,0.46195686656784085,0.9951517413036549,0.9866765885910357,173369,1211200
3,densenet121,scratch,gs40,blind,train,raw,1337,subject_level,0.9954954954954955,1.0,0.9998533333744015,0.0012458866243963843,0.005094460303987468,0.9999434435046518,1.0,0.9998523525826566,0.9910386400935478,222,49062
3,densenet121,scratch,gs40,blind,test,raw,1337,slice_level,0.9997614503816794,0.9997614503816794,0.9995104860059405,0.00014552671661358752,0.00028411578638348035,0.8725929307529144,0.48901235873572246,0.995299276597575,0.9871273699168202,264752,838400
3,densenet121,scratch,gs40,blind,test,raw,1337,subject_level,1.0,1.0,0.9998973167460897,0.001666768737461256,0.016260290113480194,0.999990733533489,1.0,0.9998973167460897,0.9915808558921375,69,4692
4,densenet121,scratch,gs40,adaptive,train,gs40,1337,slice_level,0.6552692434753882,0.8739676247109349,0.9794330693901984,0.0008377131354032982,0.000394093189583116,0.82623518972625,0.25509438352578456,0.9552834127049238,0.9060115079220408,171905,1210800
4,densenet121,scratch,gs40,adaptive,train,gs40,1337,subject_level,0.9054054054054054,0.963963963963964,0.9984460349555488,0.002861898224633019,0.008570476244245697,0.9970861010209182,0.9414414414414415,0.9982562658486066,0.9455089704284102,222,49062
4,densenet121,scratch,gs40,adaptive,test,gs40,1337,slice_level,0.8539593249675466,0.9749026395499784,0.9800068781856642,0.0007706164462594231,0.0004993776158107386,0.8163067484265484,0.23720628342086772,0.9543202081590606,0.9059543061707119,335868,924400
4,densenet121,scratch,gs40,adaptive,test,gs40,1337,subject_level,1.0,1.0,0.9993690010430156,0.004118737103282541,0.027059568065232124,0.999981467066978,1.0,0.9993690010430156,0.9448930068419514,69,4692
4,densenet121,scratch,gs40,blind,train,raw,1337,slice_level,0.9957053187974892,0.9981830194912454,0.9995363913710298,0.000199938090201215,0.00018869554546130095,0.8703951424805575,0.48003839329862424,0.9965804054334121,0.9913537479661403,171905,1210800
4,densenet121,scratch,gs40,blind,train,raw,1337,subject_level,1.0,1.0,0.9998786384994919,0.0008576783511015746,0.004863451792950834,0.9999532215350976,1.0,0.9998786384994919,0.9944349684662205,222,49062
4,densenet121,scratch,gs40,blind,test,raw,1337,slice_level,1.0,1.0,0.9996694961392688,0.00010748332014129256,0.00024448374836836195,0.8820185589306822,0.46028797027403623,0.9967869467354423,0.9909974107873589,335868,924400
4,densenet121,scratch,gs40,blind,test,raw,1337,subject_level,1.0,1.0,0.9999494561250659,0.0011481703191563704,0.015790625178403614,1.0,1.0,0.9999494561250659,0.9937718203330995,69,4692
0,densenet121,scratch,gs50,adaptive,train,gs50,1337,slice_level,0.4467206343961672,0.6408392532628449,0.9892333100871293,0.0008096104020346063,0.0009437816395116891,0.7760604887613218,0.11634441807922433,0.9031367243222097,0.7655944635381428,176158,1210600
0,densenet121,scratch,gs50,adaptive,train,gs50,1337,subject_level,0.6742081447963801,0.832579185520362,0.9975623086566838,0.0019472823962906366,0.01647561302248439,0.9846191538033434,0.6832579185520362,0.9961737459061911,0.8377113649613177,221,48620
0,densenet121,scratch,gs50,adaptive,test,gs50,1337,slice_level,0.6579942183678008,0.8585723815877252,0.9902306228630909,0.0007859250029007647,0.00113655784571347,0.7333621890173669,0.08618867331812813,0.9083011384161427,0.8009217354056171,305597,899400
0,densenet121,scratch,gs50,adaptive,test,gs50,1337,subject_level,0.9714285714285714,1.0,0.9986959116799491,0.004985476391656058,0.047779739541666845,0.9981721384205857,0.9571428571428572,0.9986641790185656,0.876912315131221,70,4830
0,densenet121,scratch,gs50,blind,train,raw,1337,slice_level,0.9915744259045102,0.9965306459606806,0.9994941760681099,0.0002414250539272024,0.00020574316788775124,0.8308828656223936,0.4119256576482476,0.9941044267112654,0.9848971960038149,176158,1210600
0,densenet121,scratch,gs50,blind,train,raw,1337,subject_level,0.9864253393665159,0.9909502262443439,0.9998016031079702,0.000979759574475871,0.0051792761947268545,0.9996989768283353,0.9909502262443439,0.9997947930750264,0.9900727574200554,221,48620
0,densenet121,scratch,gs50,blind,test,raw,1337,slice_level,0.9995552590615966,0.9997776295307983,0.9996629030221511,0.00011670234231437766,0.00026737749325720376,0.8359064012976072,0.4223961622659908,0.9946976848985712,0.9863907570172369,305597,899400
0,densenet121,scratch,gs50,blind,test,raw,1337,subject_level,1.0,1.0,0.9999277302197047,0.0013244177613939557,0.016106456611305477,1.0,1.0,0.9999277302197047,0.9912369794973922,70,4830
1,densenet121,scratch,gs50,adaptive,train,gs50,1337,slice_level,0.5068538398018166,0.7164327002477292,0.9865887779327192,0.0009059425624907263,0.0008601995707829086,0.824188847531329,0.13979495660319535,0.9314465167569456,0.7614323748067994,172939,1211000
1,densenet121,scratch,gs50,adaptive,train,gs50,1337,subject_level,0.832579185520362,0.9547511312217195,0.9979265655867114,0.002140477232264178,0.015796491926814097,0.9934514314538269,0.8416289592760181,0.99753679598079,0.8104642506472763,221,48620
1,densenet121,scratch,gs50,adaptive,test,gs50,1337,slice_level,0.6972643002487,0.8589192855527922,0.9869181559604944,0.0010333612524166707,0.0011466261627552212,0.7350394517974617,0.11801974362752321,0.8887608576325619,0.7830929306387672,298628,884600
1,densenet121,scratch,gs50,adaptive,test,gs50,1337,subject_level,0.9,0.9857142857142858,0.9979381365435464,0.005469626188278199,0.042343050986528394,0.9959893522626442,0.9142857142857143,0.9975671819278172,0.8777739784238748,70,4830
1,densenet121,scratch,gs50,blind,train,raw,1337,slice_level,0.9932287365813377,0.9975227085053675,0.9997391857262193,0.00012424443006318626,0.00018922099741962127,0.8768683018277748,0.4178930142998398,0.9974204411896888,0.9913125274901937,172939,1211000
1,densenet121,scratch,gs50,blind,train,raw,1337,subject_level,1.0,1.0,0.9999122797633728,0.0006561570577492002,0.00493446019861628,0.9999336436786529,1.0,0.9999122797633728,0.9937235529262899,221,48620
1,densenet121,scratch,gs50,blind,test,raw,1337,slice_level,0.9997739091114628,1.0,0.9997983115872403,7.753147950626298e-05,0.00025721786444117203,0.8332073091936008,0.3900571949046975,0.9963884296882868,0.9906777645715917,298628,884600
1,densenet121,scratch,gs50,blind,test,raw,1337,subject_level,1.0,1.0,0.999946563584464,0.0009570172854832241,0.015528363188994782,0.9999719018041999,1.0,0.999946563584464,0.9939410817795905,70,4830
2,densenet121,scratch,gs50,adaptive,train,gs50,1337,slice_level,0.5715937241948803,0.8024772914946325,0.9822912687707991,0.0008698517482798519,0.0006623402656785433,0.8242912505306399,0.20085353935475664,0.94591004313332,0.8412089945389208,172927,1211000
2,densenet121,scratch,gs50,adaptive,train,gs50,1337,subject_level,0.8648648648648649,0.9774774774774775,0.9982760857354414,0.0022913085984754135,0.013691912845683258,0.9944700876735852,0.9144144144144144,0.9979231478394689,0.882241153853351,222,49062
2,densenet121,scratch,gs50,adaptive,test,gs50,1337,slice_level,0.746472248353716,0.9167450611476952,0.981626094579136,0.0008620848127501479,0.0006786520062921252,0.8089379080603397,0.1781530867835568,0.9505997165262532,0.8834171881433489,271480,850400
2,densenet121,scratch,gs50,adaptive,test,gs50,1337,subject_level,0.9710144927536232,1.0,0.9990545701289523,0.004185565139936364,0.029966563958188763,0.9983227695615108,0.9855072463768116,0.9990502665008324,0.9301639234953626,69,4692
2,densenet121,scratch,gs50,blind,train,raw,1337,slice_level,0.9922378199834847,0.9948802642444261,0.9987656018932825,0.0004377891365700178,0.0002293173726333742,0.8529529153667355,0.46366385815980155,0.9907197767928235,0.9759717976448459,172927,1211000
2,densenet121,scratch,gs50,blind,train,raw,1337,subject_level,0.9819819819819819,0.9954954954954955,0.9996626261655275,0.0018996233875687059,0.005580749971003414,0.9994904406669113,0.9864864864864865,0.9996501943012616,0.9840175301148788,222,49062
2,densenet121,scratch,gs50,blind,test,raw,1337,slice_level,1.0,1.0,0.9991290132083201,0.00022760308360784322,0.00031341544259191727,0.876386103414651,0.48790334462943863,0.9926087952819843,0.9782158092719871,271480,850400
2,densenet121,scratch,gs50,blind,test,raw,1337,subject_level,1.0,1.0,0.9998844723770584,0.002627496270165927,0.01764208170166914,1.0,1.0,0.9998844723770584,0.985458114898215,69,4692
3,densenet121,scratch,gs50,adaptive,train,gs50,1337,slice_level,0.5364927344782034,0.7812087186261559,0.9831928141621806,0.0008376851638525607,0.0007242575605423589,0.810415834060898,0.1755734877630949,0.94198311286427,0.8312120745954924,173369,1211200
3,densenet121,scratch,gs50,adaptive,train,gs50,1337,subject_level,0.8738738738738738,0.963963963963964,0.9983211825559805,0.0022506619895900693,0.01459416987894623,0.9942897220321704,0.8963963963963963,0.9980340573164794,0.8776138924543042,222,49062
3,densenet121,scratch,gs50,adaptive,test,gs50,1337,slice_level,0.7263835877862596,0.9119751908396947,0.9825894364106064,0.0008652436028000052,0.0007865007117441509,0.7800199534368358,0.14373829092886928,0.9423010377865684,0.8672115322915865,264752,838400
3,densenet121,scratch,gs50,adaptive,test,gs50,1337,subject_level,1.0,1.0,0.998713907988175,0.004505388978598774,0.03488329366065454,0.9967938025871974,0.9710144927536232,0.998713907988175,0.9170472638940363,69,4692
3,densenet121,scratch,gs50,blind,train,raw,1337,slice_level,0.9930647291941875,0.9955416116248349,0.9996077278370586,0.0001884681250176625,0.0001955154892843599,0.8673851364256293,0.4720970877146433,0.9960734253112068,0.9888539445374156,173369,1211200
3,densenet121,scratch,gs50,blind,train,raw,1337,subject_level,0.9954954954954955,1.0,0.9998858689187883,0.0009872773746112445,0.005006581374972656,0.9998999243832312,0.9954954954954955,0.9998841760931788,0.9923418142421767,222,49062
3,densenet121,scratch,gs50,blind,test,raw,1337,slice_level,0.9997614503816794,0.9997614503816794,0.9997057433716441,0.0001040321298455464,0.0002767871071179402,0.8743786645945296,0.49752598658367075,0.9963106193650707,0.9892322962031564,264752,838400
3,densenet121,scratch,gs50,blind,test,raw,1337,subject_level,1.0,1.0,0.9999161163965861,0.001368293727653614,0.01601164260258277,0.999972200600467,1.0,0.9999161163965861,0.992738577385591,69,4692
4,densenet121,scratch,gs50,adaptive,train,gs50,1337,slice_level,0.41740997687479353,0.6336306574165841,0.9867027100061165,0.0007110924503375565,0.0006913630138118273,0.7541130656479726,0.1256682469968878,0.9205827606663627,0.8239624344440116,171905,1210800
4,densenet121,scratch,gs50,adaptive,train,gs50,1337,subject_level,0.6711711711711712,0.8378378378378378,0.9981592343197213,0.0017324825664898297,0.013067499331727222,0.9863776427766889,0.7207207207207207,0.9970332988210626,0.8899043408511373,222,49062
4,densenet121,scratch,gs50,adaptive,test,gs50,1337,slice_level,0.6172652531371701,0.8485504110774557,0.9868820443497959,0.0007550022087278741,0.0008716913466078838,0.7176626159875029,0.07211464027534627,0.9098768638186077,0.8284682311488727,335868,924400
4,densenet121,scratch,gs50,adaptive,test,gs50,1337,subject_level,0.9420289855072463,1.0,0.9988461706949316,0.0037002865818963533,0.03924733008919419,0.9985420759356043,0.9710144927536232,0.998800876347915,0.9007364522668915,69,4692
4,densenet121,scratch,gs50,blind,train,raw,1337,slice_level,0.992401717872481,0.9958704988437397,0.9991285700805124,0.0003513173967215894,0.00020833063970200242,0.8523187552345731,0.4439486925918385,0.9934336211685457,0.983653538967955,171905,1210800
4,densenet121,scratch,gs50,blind,train,raw,1337,subject_level,1.0,1.0,0.9997657695869068,0.0013124534675666877,0.005191985870132575,0.9998615467613878,0.9954954954954955,0.9997657695869068,0.9895509991681385,222,49062
4,densenet121,scratch,gs50,blind,test,raw,1337,slice_level,0.9997836434443964,0.9997836434443964,0.9993523012142272,0.00019031955225031285,0.00027241767639132463,0.8601384753378368,0.4424893112770493,0.9937400048693834,0.9825973637102229,335868,924400
4,densenet121,scratch,gs50,blind,test,raw,1337,subject_level,1.0,1.0,0.9999054506205131,0.0018235108126764712,0.017080616745827854,1.0,1.0,0.9999054506205131,0.9878509855001072,69,4692
0,resnet18,pretrained,raw,adaptive,train,raw,1337,slice_level,0.9942177432678011,0.9988435486535602,0.9305617382225864,0.010901759375073232,0.0017573978731049602,0.9172127258239274,0.45426265057505194,0.8581173928840945,0.7574249020449272,176158,1210600
0,resnet18,pretrained,raw,adaptive,train,raw,1337,subject_level,1.0,1.0,0.9936658187149876,0.0346263612017912,0.021752197316497968,1.0,1.0,0.9936658187149876,0.8755500718920577,221,48620
0,resnet18,pretrained,raw,adaptive,test,raw,1337,slice_level,1.0,1.0,0.9380978124789033,0.006979596476992793,0.002045321599509934,0.920764088163061,0.4830479356799969,0.8632556841072352,0.7719581395305473,305597,899400
0,resnet18,pretrained,raw,adaptive,test,raw,1337,subject_level,1.0,1.0,0.9973281230245318,0.03961242777960641,0.0558816241898707,1.0,1.0,0.9973281230245318,0.8925783977005052,70,4830
1,resnet18,pretrained,raw,adaptive,train,raw,1337,slice_level,0.9905862923203964,0.998018166804294,0.9316589460995057,0.011793439335118238,0.0018398091270939027,0.912981590681686,0.45184718311080785,0.850734600075336,0.7537703920294685,172939,1211000
1,resnet18,pretrained,raw,adaptive,train,raw,1337,subject_level,1.0,1.0,0.9934308949638816,0.03469620975433971,0.020886776555852114,1.0,1.0,0.9934308949638816,0.8774482561525913,221,48620
1,resnet18,pretrained,raw,adaptive,test,raw,1337,slice_level,1.0,1.0,0.9342938512125734,0.008371138758662596,0.002694286554658576,0.9130475266327736,0.47259131762594264,0.8431457950334624,0.7488405870506593,298628,884600
1,resnet18,pretrained,raw,adaptive,test,raw,1337,subject_level,1.0,1.0,0.9969771410737719,0.045664153780256,0.06177056681896959,1.0,1.0,0.9969771410737719,0.8853669984617095,70,4830
2,resnet18,pretrained,raw,adaptive,train,raw,1337,slice_level,0.9920726672171759,0.9981833195706028,0.9557530585051961,0.006597918778977839,0.001070900495597842,0.9165999847995314,0.4182747633394438,0.9099671565850147,0.8145860655005563,172927,1211000
2,resnet18,pretrained,raw,adaptive,train,raw,1337,subject_level,1.0,1.0,0.9960996347504694,0.023418661710378284,0.017620270585154627,0.9999790667517217,1.0,0.9960996347504694,0.8891634040616815,222,49062
2,resnet18,pretrained,raw,adaptive,test,raw,1337,slice_level,0.9997648165569144,1.0,0.9610435888521647,0.004777272495590956,0.0013368394708554176,0.8929572370804522,0.3921320170914985,0.9107288661479722,0.8322536641545069,271480,850400
2,resnet18,pretrained,raw,adaptive,test,raw,1337,subject_level,1.0,1.0,0.9983916731848232,0.029929665551669357,0.04515336448515671,1.0,1.0,0.9983916731848232,0.9127731035508768,69,4692
3,resnet18,pretrained,raw,adaptive,train,raw,1337,slice_level,0.9917437252311757,0.9981836195508587,0.9291850425588407,0.012144473065158335,0.0020889472086803775,0.9144535659366432,0.42413580282518787,0.8476124490195582,0.7394593642425171,173369,1211200
3,resnet18,pretrained,raw,adaptive,train,raw,1337,subject_level,1.0,1.0,0.9936289591295225,0.03745279467857636,0.023777623518227455,1.0,1.0,0.9936289591295225,0.8662542964130097,222,49062
3,resnet18,pretrained,raw,adaptive,test,raw,1337,slice_level,0.9992843511450382,1.0,0.936974975458197,0.008391794684620304,0.0029454159496271207,0.9092500404341927,0.42761150057412217,0.8475916805957576,0.7461007702191723,264752,838400
3,resnet18,pretrained,raw,adaptive,test,raw,1337,subject_level,1.0,1.0,0.9966744625050089,0.04476875585058461,0.06859918494803319,1.0,1.0,0.9966744625050089,0.8749683213508342,69,4692
4,resnet18,pretrained,raw,adaptive,train,raw,1337,slice_level,0.9669639907499175,0.9933927981499835,0.9922306092808575,0.0011815915495245852,0.0005037352932141484,0.8419547195688086,0.23671795468427329,0.9831214787111882,0.8615814075811707,171905,1210800
4,resnet18,pretrained,raw,adaptive,train,raw,1337,subject_level,1.0,1.0,0.9993476623350436,0.004243235598813306,0.011805107741541154,0.9999898088133383,1.0,0.9993476623350436,0.8739621241425755,222,49062
4,resnet18,pretrained,raw,adaptive,test,raw,1337,slice_level,0.9833405452185201,0.9961055819991346,0.9912061317304366,0.001255919927129081,0.0005451117992187636,0.8027026425799674,0.18428966141460335,0.9736225057186966,0.9090560120941885,335868,924400
4,resnet18,pretrained,raw,adaptive,test,raw,1337,subject_level,1.0,1.0,0.9995537564374398,0.0066629095353941984,0.030188303575783535,0.999981467066978,1.0,0.9995537564374398,0.9320930892320545,69,4692
0,resnet18,pretrained,gs0,adaptive,train,gs0,1337,slice_level,0.952585494795969,0.9905831818932761,0.9538962403033836,0.004926649919132073,0.0008898153692137252,0.9107888697546458,0.35584532067802765,0.9147875058120964,0.8162150017449664,176158,1210600
0,resnet18,pretrained,gs0,adaptive,train,gs0,1337,subject_level,1.0,1.0,0.9965128658583801,0.01739135290163135,0.016037646643143163,0.9999991624026758,1.0,0.9965128658583801,0.8869421925516787,221,48620
0,resnet18,pretrained,gs0,adaptive,test,gs0,1337,slice_level,0.9915499221703358,0.9993328885923949,0.9580790042771162,0.00381677226806074,0.0010398003511367523,0.9155417189745393,0.39525584348013887,0.9184229271411279,0.8326721096254863,305597,899400
0,resnet18,pretrained,gs0,adaptive,test,gs0,1337,subject_level,1.0,1.0,0.9985097195420947,0.01980493920189994,0.04300414451531002,1.0,1.0,0.9985097195420947,0.9060024668094288,70,4830
0,resnet18,pretrained,gs0,blind,train,raw,1337,slice_level,0.9900875598876591,0.9981827193127375,0.9855466245246016,0.004823835638954721,0.000485298873948942,0.8646513475423959,0.3504126976918448,0.9474396946599954,0.9087527148087085,176158,1210600
0,resnet18,pretrained,gs0,blind,train,raw,1337,subject_level,1.0,1.0,0.9978501238434563,0.012178425066071938,0.008021070954823925,0.9999999069336307,1.0,0.9978501238434563,0.9564076795567215,221,48620
0,resnet18,pretrained,gs0,blind,test,raw,1337,slice_level,0.9997776295307983,1.0,0.9891491283807379,0.00266578083757244,0.0006534690822920749,0.869185869305586,0.3829815083263252,0.9494976562881449,0.9104862414416086,305597,899400
0,resnet18,pretrained,gs0,blind,test,raw,1337,subject_level,1.0,1.0,0.9991671306746347,0.014469431979315621,0.0249457557286535,1.0,1.0,0.9991671306746347,0.9582797845451482,70,4830
1,resnet18,pretrained,gs0,adaptive,train,gs0,1337,slice_level,0.861271676300578,0.9598678777869529,0.9858986331548305,0.0014485136031316982,0.00046930952750540145,0.8310656037752036,0.17988423663835226,0.974245747946719,0.8809174273303478,172939,1211000
1,resnet18,pretrained,gs0,adaptive,train,gs0,1337,subject_level,1.0,1.0,0.9989782377605525,0.004569340884955221,0.010794876332972115,0.999698604562858,0.9909502262443439,0.9989782377605525,0.9004064103204593,221,48620
1,resnet18,pretrained,gs0,adaptive,test,gs0,1337,slice_level,0.9513904589645037,0.9866606375763056,0.9826211135311416,0.0017108661864856615,0.0005526459092152076,0.8063630697925647,0.14376079938920663,0.961005347403811,0.9067698053598215,298628,884600
1,resnet18,pretrained,gs0,adaptive,test,gs0,1337,subject_level,1.0,1.0,0.999330656017576,0.007931440217154367,0.02738423669444663,0.9999763383614316,1.0,0.999330656017576,0.942818745359871,70,4830
1,resnet18,pretrained,gs0,blind,train,raw,1337,slice_level,0.9866226259289843,0.9947151114781173,0.99424142239017,0.0019055117564591173,0.000272103806631332,0.8693961962187219,0.3626423189679598,0.9790098847472788,0.9597649921097113,172939,1211000
1,resnet18,pretrained,gs0,blind,train,raw,1337,subject_level,1.0,1.0,0.9992140960369714,0.005037039922912736,0.005979148803776071,0.9999983248053517,1.0,0.9992140960369714,0.9792488223937057,221,48620
1,resnet18,pretrained,gs0,blind,test,raw,1337,slice_level,0.9995478182229256,1.0,0.9948067020405048,0.0012234660152286095,0.0003842165627484274,0.8680906199030314,0.3528101852471972,0.9765193633378804,0.9567978914884213,298628,884600
1,resnet18,pretrained,gs0,blind,test,raw,1337,subject_level,1.0,1.0,0.9996296993323734,0.006938349349158151,0.019064096866973808,1.0,1.0,0.9996296993323734,0.9787445904675478,70,4830
2,resnet18,pretrained,gs0,adaptive,train,gs0,1337,slice_level,0.9220478943022296,0.9844756399669694,0.9735159100430943,0.002672517791845698,0.0005464831875382618,0.8895812871678663,0.2788922493306424,0.953334743306933,0.8695714910995065,172927,1211000
2,resnet18,pretrained,gs0,adaptive,train,gs0,1337,subject_level,1.0,1.0,0.9981212895195763,0.008723665196616371,0.011617716905233022,0.9999600615657849,1.0,0.9981212895195763,0.9079300341565417,222,49062
2,resnet18,pretrained,gs0,adaptive,test,gs0,1337,slice_level,0.980244590780809,0.9960018814675446,0.9741236948647369,0.0023058469522033004,0.0006432238698693108,0.847727180366573,0.24723368203919258,0.9498170843088558,0.8949297342282612,271480,850400
2,resnet18,pretrained,gs0,adaptive,test,gs0,1337,subject_level,1.0,1.0,0.9991107185681661,0.012187703796055006,0.02950757366699585,1.0,1.0,0.9991107185681661,0.9418954939437746,69,4692
2,resnet18,pretrained,gs0,blind,train,raw,1337,slice_level,0.9881090008257638,0.9947151114781173,0.9913906186499151,0.0027250325748686154,0.00032709486399514604,0.8644320926778569,0.3661487217149433,0.9687795248848896,0.9435688984491528,172927,1211000
2,resnet18,pretrained,gs0,blind,train,raw,1337,subject_level,1.0,1.0,0.9987267325590322,0.007415461110639143,0.006522402899373356,0.9999921041256494,1.0,0.9987267325590322,0.9721382307265694,222,49062
2,resnet18,pretrained,gs0,blind,test,raw,1337,slice_level,0.9997648165569144,1.0,0.9938808852703305,0.0016198193589584623,0.0004664118749720131,0.8640155577945206,0.3561993517017828,0.9704749812282149,0.944621836011029,271480,850400
2,resnet18,pretrained,gs0,blind,test,raw,1337,subject_level,1.0,1.0,0.999476835347604,0.008574083231497501,0.02080348676637463,1.0,1.0,0.999476835347604,0.9733042898004317,69,4692
3,resnet18,pretrained,gs0,adaptive,train,gs0,1337,slice_level,0.9715984147952443,0.9950462351387054,0.9009948371659812,0.010352881366935716,0.001527671952500999,0.9063460412070883,0.41809666087939595,0.8309137489466198,0.736512145303052,173369,1211200
3,resnet18,pretrained,gs0,adaptive,train,gs0,1337,subject_level,1.0,1.0,0.9925710770997915,0.03162006349176974,0.019903462673831092,1.0,1.0,0.9925710770997915,0.8797506410626279,222,49062
3,resnet18,pretrained,gs0,adaptive,test,gs0,1337,slice_level,0.9985687022900763,1.0,0.9060593024749337,0.007777360658950478,0.0021155574450782326,0.8921191277740528,0.408854324046655,0.8265383770029613,0.7423231270152877,264752,838400
3,resnet18,pretrained,gs0,adaptive,test,gs0,1337,subject_level,1.0,1.0,0.9961976581725521,0.03778177499771118,0.055587173426064895,1.0,1.0,0.9961976581725521,0.892597926813928,69,4692
3,resnet18,pretrained,gs0,blind,train,raw,1337,slice_level,0.9886063408190224,0.9966974900924703,0.9790468092520612,0.00680189188003855,0.0006590124100501371,0.8372334658545861,0.3149582682025045,0.9265174069043555,0.8793206618659818,173369,1211200
3,resnet18,pretrained,gs0,blind,train,raw,1337,subject_level,1.0,1.0,0.9972312775281098,0.01532673057135161,0.009093697050687027,0.9999994491250452,1.0,0.9972312775281098,0.9460423626973001,222,49062
3,resnet18,pretrained,gs0,blind,test,raw,1337,slice_level,0.9997614503816794,0.9997614503816794,0.9830575105911903,0.004133194244203677,0.0009599109018367684,0.8389680830176025,0.3354686650148063,0.927231064445754,0.88102477352533,264752,838400
3,resnet18,pretrained,gs0,blind,test,raw,1337,subject_level,1.0,1.0,0.9985673151154449,0.01934269891268965,0.02879681179056997,1.0,1.0,0.9985673151154449,0.9478679149961837,69,4692
4,resnet18,pretrained,gs0,adaptive,train,gs0,1337,slice_level,0.9653121902874133,0.9932276181037331,0.8960252963732602,0.010793333523022211,0.00164480190981425,0.9029061558064522,0.42215758703935313,0.8195978301773417,0.72632856838191,171905,1210800
4,resnet18,pretrained,gs0,adaptive,train,gs0,1337,subject_level,1.0,1.0,0.9916407994858853,0.032190960538279904,0.020000990228475752,1.0,1.0,0.9916407994858853,0.8785926949078374,222,49062
4,resnet18,pretrained,gs0,adaptive,test,gs0,1337,slice_level,0.9950237992211164,0.9995672868887927,0.9007370433653654,0.008350911116197686,0.002206689688534855,0.8918209457993448,0.37684447461502735,0.8125730825756854,0.7267081797407632,335868,924400
4,resnet18,pretrained,gs0,adaptive,test,gs0,1337,subject_level,1.0,1.0,0.9963233842365984,0.03990494254706563,0.0597414327920347,1.0,1.0,0.9963233842365984,0.8864557353711392,69,4692
4,resnet18,pretrained,gs0,blind,train,raw,1337,slice_level,0.9798480343574496,0.9910802775024777,0.9776540103823508,0.006982399462708397,0.0007097072194282782,0.8254603322480292,0.31938570722201215,0.9200686974771075,0.8725789402122048,171905,1210800
4,resnet18,pretrained,gs0,blind,train,raw,1337,subject_level,1.0,1.0,0.9968337967052116,0.01517880070316899,0.009194185242040066,0.9999998163750151,1.0,0.9968337967052116,0.9449172165246488,222,49062
4,resnet18,pretrained,gs0,blind,test,raw,1337,slice_level,0.9993509303331891,1.0,0.9825416040312207,0.004233354706621851,0.0009649471407623221,0.8128094912944668,0.28871461407457694,0.918596853410756,0.8726255409785134,335868,924400
4,resnet18,pretrained,gs0,blind,test,raw,1337,subject_level,1.0,1.0,0.9985798718272776,0.018600634906602943,0.028934930437716885,0.9999999999999999,1.0,0.9985798718272776,0.9474029555751641,69,4692
0,resnet18,pretrained,gs10,adaptive,train,gs10,1337,slice_level,0.6988270279200397,0.8889806707417809,0.9616399745143152,0.0026713866902327273,0.0006731435342987791,0.8788184685078204,0.19462073820093326,0.9329404615824266,0.8378624738336801,176158,1210600
0,resnet18,pretrained,gs10,adaptive,train,gs10,1337,subject_level,0.995475113122172,1.0,0.9972953221916613,0.008721565768729508,0.013885049094610354,0.9999641694478,1.0,0.9972946576403277,0.8932269538775338,221,48620
0,resnet18,pretrained,gs10,adaptive,test,gs10,1337,slice_level,0.867244829886591,0.9768734712030243,0.9621080226942728,0.0026758489991549205,0.0007619245550537237,0.8776101088665559,0.2244851880090446,0.9317022478852717,0.8563001284905214,305597,899400
0,resnet18,pretrained,gs10,adaptive,test,gs10,1337,subject_level,1.0,1.0,0.9988441816398076,0.01088817971093314,0.03571122671876635,1.0,1.0,0.9988441816398076,0.9180805577624659,70,4830
0,resnet18,pretrained,gs10,blind,train,raw,1337,slice_level,0.9966958532958864,0.9986783413183545,0.9982718759167594,0.0007043113969247951,0.0002156435075424785,0.8870148584982452,0.4316465899930744,0.9912851911060281,0.9805934004486345,176158,1210600
0,resnet18,pretrained,gs10,blind,train,raw,1337,subject_level,1.0,1.0,0.9996697158295644,0.002821774504303393,0.005285598681101837,1.0,1.0,0.9996697158295644,0.988618143574047,221,48620
0,resnet18,pretrained,gs10,blind,test,raw,1337,slice_level,0.9997776295307983,1.0,0.9987725605428126,0.0003657684952835785,0.00028868828545010127,0.9000714363977149,0.4445037091332703,0.9919147093118164,0.980067909988584,305597,899400
0,resnet18,pretrained,gs10,blind,test,raw,1337,subject_level,1.0,1.0,0.9998760461807251,0.003389104775020054,0.01687694005668163,1.0,1.0,0.9998760461807251,0.9878518084561603,70,4830
1,resnet18,pretrained,gs10,adaptive,train,gs10,1337,slice_level,0.7502890173410405,0.9331131296449215,0.8660989515058862,0.008173221718861385,0.0011006750511576542,0.8711152750938481,0.24397619970047243,0.8007584388979205,0.7253587817872093,172939,1211000
1,resnet18,pretrained,gs10,adaptive,train,gs10,1337,subject_level,1.0,1.0,0.9906780695483696,0.022472085995911474,0.015653571927271008,0.999975058213014,1.0,0.9906780695483696,0.8958184767289202,221,48620
1,resnet18,pretrained,gs10,adaptive,test,gs10,1337,slice_level,0.9100158263621976,0.9886954555731404,0.8661023606252487,0.007973113778002413,0.0015003975417915366,0.8524169267139393,0.2526822669006255,0.7901574355187883,0.7245228869229616,298628,884600
1,resnet18,pretrained,gs10,adaptive,test,gs10,1337,subject_level,1.0,1.0,0.995604601928166,0.029388128859656196,0.0418171241613371,1.0,1.0,0.995604601928166,0.9141389159435565,70,4830
1,resnet18,pretrained,gs10,blind,train,raw,1337,slice_level,0.9924029727497936,0.9975227085053675,0.9968816708868737,0.0012771133742580524,0.0002463820048751699,0.8399310196075925,0.3781217654780009,0.9843116368160333,0.9695858846275792,172939,1211000
1,resnet18,pretrained,gs10,blind,train,raw,1337,subject_level,1.0,1.0,0.9994145629093119,0.004066641783822176,0.0056115837042889985,0.9999993485354145,1.0,0.9994145629093119,0.9840471059978867,221,48620
1,resnet18,pretrained,gs10,blind,test,raw,1337,slice_level,1.0,1.0,0.9973424303970967,0.0007898997672941521,0.0003360974803002517,0.8159572776540022,0.36082349947091363,0.9820143743940909,0.9691267211964678,298628,884600
1,resnet18,pretrained,gs10,blind,test,raw,1337,subject_level,1.0,1.0,0.9997328639030456,0.005122882127761841,0.017363405946109977,1.0,1.0,0.9997328639030456,0.9857322423354439,70,4830
2,resnet18,pretrained,gs10,adaptive,train,gs10,1337,slice_level,0.738728323699422,0.9321222130470685,0.8751120066662449,0.00808732379673927,0.0010546704967164772,0.8392689016468132,0.22501980604532548,0.8046513939812112,0.7358260538935858,172927,1211000
2,resnet18,pretrained,gs10,adaptive,train,gs10,1337,subject_level,1.0,1.0,0.990556631539319,0.020840053622787062,0.0140543642730729,0.9999782404392897,1.0,0.990556631539319,0.9035957336078324,222,49062
2,resnet18,pretrained,gs10,adaptive,test,gs10,1337,slice_level,0.9099247412982127,0.9865945437441204,0.8837830183198737,0.007513105518842573,0.0015417168433178936,0.8462459615443191,0.21634742890820688,0.8108033086574884,0.7409462773391271,271480,850400
2,resnet18,pretrained,gs10,adaptive,test,gs10,1337,subject_level,1.0,1.0,0.9960339492645817,0.02621236486711364,0.043608051225327064,1.0,1.0,0.9960339492645817,0.9110033898173696,69,4692
2,resnet18,pretrained,gs10,blind,train,raw,1337,slice_level,0.9884393063583815,0.9947151114781173,0.9970289729923182,0.0011403173282065733,0.00023860152987742136,0.8304135435148294,0.37778368907111093,0.9852194998657208,0.9720423570430348,172927,1211000
2,resnet18,pretrained,gs10,blind,train,raw,1337,subject_level,0.9954954954954955,1.0,0.9994218290389121,0.0035471671873384767,0.005477830597728088,0.9999834737513592,1.0,0.9994195535913244,0.9854639593790787,222,49062
2,resnet18,pretrained,gs10,blind,test,raw,1337,slice_level,1.0,1.0,0.9980158384325138,0.0006525060503637577,0.00033635497283758216,0.8362436067168177,0.3792802416384264,0.9862507286374939,0.9724630602530483,271480,850400
2,resnet18,pretrained,gs10,blind,test,raw,1337,subject_level,1.0,1.0,0.9997678917387257,0.004401593968488168,0.0175278650569743,1.0,1.0,0.9997678917387257,0.9860558543744904,69,4692
3,resnet18,pretrained,gs10,adaptive,train,gs10,1337,slice_level,0.7932628797886394,0.9463342140026421,0.9207526588691903,0.005930554579397174,0.0010186774047898821,0.8955886783795535,0.27861959173785394,0.8715814320587935,0.7698492462560534,173369,1211200
3,resnet18,pretrained,gs10,adaptive,train,gs10,1337,subject_level,1.0,1.0,0.9946341686420612,0.016712939954018808,0.01670068354337468,0.9999922877506344,1.0,0.9946341686420612,0.8776511486399058,222,49062
3,resnet18,pretrained,gs10,adaptive,test,gs10,1337,slice_level,0.9375,0.9904580152671756,0.920603254795757,0.005639976189109205,0.001302462740499017,0.8753790870886168,0.2890138695836103,0.8643004897156317,0.7859156684262522,264752,838400
3,resnet18,pretrained,gs10,adaptive,test,gs10,1337,subject_level,1.0,1.0,0.9971396413402281,0.022127967813740605,0.04402235441881677,1.0,1.0,0.9971396413402281,0.9057236076011073,69,4692
3,resnet18,pretrained,gs10,blind,train,raw,1337,slice_level,0.9922391017173051,0.9970277410832232,0.99649886989688,0.0014349277398230378,0.00025329549987553594,0.8355718909050047,0.3805120869359574,0.9825841160228691,0.9672527773364827,173369,1211200
3,resnet18,pretrained,gs10,blind,train,raw,1337,subject_level,1.0,1.0,0.9993742854745539,0.004501253634959728,0.0056295242949246285,0.9999732825646975,1.0,0.9993742854745539,0.9834714155053593,222,49062
3,resnet18,pretrained,gs10,blind,test,raw,1337,slice_level,0.9997614503816794,0.9997614503816794,0.9972854584227991,0.0008363842054177786,0.0003677219213782441,0.8342918380504704,0.38199522572067446,0.9822983062074319,0.9663295277133442,264752,838400
3,resnet18,pretrained,gs10,blind,test,raw,1337,subject_level,1.0,1.0,0.9996724543364152,0.005578589612159176,0.018229652223163757,1.0,1.0,0.9996724543364152,0.9831098356083328,69,4692
4,resnet18,pretrained,gs10,adaptive,train,gs10,1337,slice_level,0.798810703666997,0.949620085893624,0.9445450133642506,0.003957272777078488,0.0006544335130046774,0.8838208413022702,0.26095808731566855,0.9118374412899772,0.8365618684289772,171905,1210800
4,resnet18,pretrained,gs10,adaptive,train,gs10,1337,subject_level,1.0,1.0,0.9963822512476294,0.011951476067036122,0.01226419912701523,0.9999990818750755,1.0,0.9963822512476294,0.914267643868843,222,49062
4,resnet18,pretrained,gs10,adaptive,test,gs10,1337,slice_level,0.918866291648637,0.9922111639982691,0.9434083993302852,0.0036372407232719496,0.0007896658664840575,0.8594389999331068,0.19479676539592936,0.9035466788459418,0.8429201629656649,335868,924400
4,resnet18,pretrained,gs10,adaptive,test,gs10,1337,subject_level,1.0,1.0,0.998302804387134,0.01646647245987602,0.03434852046379144,1.0,1.0,0.998302804387134,0.9299490720999108,69,4692
4,resnet18,pretrained,gs10,blind,train,raw,1337,slice_level,0.9920713577799801,0.9963660389824909,0.9972123802003586,0.0011302621541024829,0.00023656349697014992,0.8543422848201155,0.3939908670486606,0.9863683138283124,0.9728883346147789,171905,1210800
4,resnet18,pretrained,gs10,blind,train,raw,1337,subject_level,1.0,1.0,0.9994799046366064,0.00369823999233074,0.005477179594858138,1.0,1.0,0.9994799046366064,0.9855628621490259,222,49062
4,resnet18,pretrained,gs10,blind,test,raw,1337,slice_level,0.9995672868887927,1.0,0.997969716271504,0.0006225350381800851,0.0003113826019891442,0.8629748454822229,0.392356521014208,0.9865865973739724,0.9719263999846295,335868,924400
4,resnet18,pretrained,gs10,blind,test,raw,1337,subject_level,1.0,1.0,0.9998043438662654,0.0047471799712250195,0.01791023276746273,1.0,1.0,0.9998043438662654,0.9845342039045674,69,4692
0,resnet18,pretrained,gs20,adaptive,train,gs20,1337,slice_level,0.635552618536263,0.8670080951594251,0.8815534754112971,0.00644726768399435,0.0009632611955413261,0.869215998904341,0.22483225286390626,0.8225339407154333,0.7476410006002446,176158,1210600
0,resnet18,pretrained,gs20,adaptive,train,gs20,1337,subject_level,0.995475113122172,1.0,0.991657773833469,0.017057377828192388,0.014668471373752502,0.999962587319521,1.0,0.9916553165578195,0.8985991565987976,221,48620
0,resnet18,pretrained,gs20,adaptive,test,gs20,1337,slice_level,0.8012008005336891,0.9710918390037803,0.8845094510229635,0.006059957048960307,0.0011503830083566355,0.863733851673289,0.2265336374375403,0.8251908307921255,0.7591043956071795,305597,899400
0,resnet18,pretrained,gs20,adaptive,test,gs20,1337,subject_level,1.0,1.0,0.99657547218459,0.021018643038613456,0.039286256661372525,1.0,1.0,0.99657547218459,0.9174491228647608,70,4830
0,resnet18,pretrained,gs20,blind,train,raw,1337,slice_level,0.9945481579382125,0.9976870973071205,0.9978947938424033,0.0009224119707117312,0.00023154643154547295,0.8567493164328221,0.4037852382520237,0.987912246350511,0.9750254198987091,176158,1210600
0,resnet18,pretrained,gs20,blind,train,raw,1337,subject_level,1.0,1.0,0.9995345721417422,0.003285371070533856,0.005459547946777414,0.9999996277345226,1.0,0.9995345721417422,0.9861376767882296,221,48620
0,resnet18,pretrained,gs20,blind,test,raw,1337,slice_level,1.0,1.0,0.998562886750987,0.00046402086065375914,0.0003053870901708446,0.8747363541595023,0.4428708397006515,0.988898609088217,0.9758108303178833,305597,899400
0,resnet18,pretrained,gs20,blind,test,raw,1337,subject_level,1.0,1.0,0.9998306921550206,0.004054651941571917,0.017224940178649766,1.0,1.0,0.9998306921550206,0.9863349494603356,70,4830
1,resnet18,pretrained,gs20,adaptive,train,gs20,1337,slice_level,0.5882741535920727,0.8473988439306358,0.9138464726070842,0.005041225423111983,0.0009580470602647928,0.8336786073082507,0.17027391161045224,0.853109243289867,0.7681136055208749,172939,1211000
1,resnet18,pretrained,gs20,adaptive,train,gs20,1337,subject_level,0.995475113122172,1.0,0.9936547492424287,0.011737150304457721,0.01462858881615945,0.99983089840689,1.0,0.9936447774662691,0.8913266279272266,221,48620
1,resnet18,pretrained,gs20,adaptive,test,gs20,1337,slice_level,0.7990052000904364,0.9545557314040244,0.9109026701127462,0.0052598327391562135,0.001213056890714767,0.7951629926482138,0.14129619459662188,0.8376887247367747,0.7720253491727793,298628,884600
1,resnet18,pretrained,gs20,adaptive,test,gs20,1337,subject_level,1.0,1.0,0.996893253496715,0.01700351323400225,0.037875539250671865,0.9999940845903579,1.0,0.996893253496715,0.9148586674013,70,4830
1,resnet18,pretrained,gs20,blind,train,raw,1337,slice_level,0.9871180842279108,0.9965317919075144,0.9975440557292431,0.0011197304154702398,0.00024084385059699708,0.8411688841885028,0.3733570796639277,0.9859472209666286,0.9718876244706817,172939,1211000
1,resnet18,pretrained,gs20,blind,train,raw,1337,subject_level,1.0,1.0,0.9994869420970727,0.003465923248912414,0.005555925024799766,0.999995998146118,1.0,0.9994869420970727,0.9848351552095593,221,48620
1,resnet18,pretrained,gs20,blind,test,raw,1337,slice_level,0.9997739091114628,1.0,0.9980395311094263,0.0006321953913218398,0.00032848395814798247,0.8207124542304651,0.36206249916283806,0.9839699932219861,0.971353004945637,298628,884600
1,resnet18,pretrained,gs20,blind,test,raw,1337,subject_level,1.0,1.0,0.9997488362448556,0.004471523421151298,0.017286840427134718,0.9999999999999999,1.0,0.9997488362448556,0.9860378285989505,70,4830
2,resnet18,pretrained,gs20,adaptive,train,gs20,1337,slice_level,0.5730800990916598,0.8322047894302229,0.9630740570588904,0.0021969726418385716,0.0005554668136830438,0.8573778543169079,0.17875172760760322,0.9400345070341258,0.8569811686453594,172927,1211000
2,resnet18,pretrained,gs20,adaptive,train,gs20,1337,subject_level,0.990990990990991,1.0,0.9976322978466481,0.006456872095932832,0.01172712880086053,0.9998152732651939,0.9954954954954955,0.997622129884926,0.9070978111959029,222,49062
2,resnet18,pretrained,gs20,adaptive,test,gs20,1337,slice_level,0.7568203198494826,0.9412041392285984,0.9632645099514067,0.002234153568688587,0.0006468353598100538,0.8167504511458287,0.13112199793723295,0.9370447886704573,0.8855740899945892,271480,850400
2,resnet18,pretrained,gs20,adaptive,test,gs20,1337,subject_level,1.0,1.0,0.9988928359487782,0.010355612506037172,0.02961312887677248,1.0,1.0,0.9988928359487782,0.9444350002671752,69,4692
2,resnet18,pretrained,gs20,blind,train,raw,1337,slice_level,0.9938893476465731,0.998018166804294,0.9979454171352402,0.000857678609481043,0.00023502620546247974,0.8903538184637625,0.4786528419506497,0.98853144177366,0.9740483647936341,172927,1211000
2,resnet18,pretrained,gs20,blind,train,raw,1337,subject_level,0.9954954954954955,1.0,0.9995624643188339,0.0037400255332121976,0.00557112048782811,0.9999985310001208,1.0,0.9995617098636456,0.9843965205751743,222,49062
2,resnet18,pretrained,gs20,blind,test,raw,1337,slice_level,1.0,1.0,0.9986483012715938,0.00045601696981535916,0.0003257640712133474,0.8993268412607747,0.4733129512302932,0.9896679400721478,0.9754466683153319,271480,850400
2,resnet18,pretrained,gs20,blind,test,raw,1337,subject_level,1.0,1.0,0.9998310001000114,0.004403164421302685,0.01766179407528345,0.9999999999999999,1.0,0.9998310001000114,0.9855937699248215,69,4692
3,resnet18,pretrained,gs20,adaptive,train,gs20,1337,slice_level,0.5171730515191546,0.7769154557463672,0.9830000308124518,0.0011145566224736929,0.0005357883415070961,0.8249987712571181,0.10613777549619598,0.966695403411062,0.8557378971683726,173369,1211200
3,resnet18,pretrained,gs20,adaptive,train,gs20,1337,subject_level,0.972972972972973,0.990990990990991,0.9987566143542796,0.0033327397462484,0.012040073314245354,0.9989525112736559,0.9819819819819819,0.9987314391780544,0.8828705594749672,222,49062
3,resnet18,pretrained,gs20,adaptive,test,gs20,1337,slice_level,0.7082538167938931,0.9134064885496184,0.9802229294254807,0.0013533109329811489,0.0006016325658992736,0.7749121195251083,0.1252266271831752,0.9563516482139899,0.9056749816843529,264752,838400
3,resnet18,pretrained,gs20,adaptive,test,gs20,1337,subject_level,1.0,1.0,0.9992116793342258,0.006151706412218619,0.028188156746867775,0.9998177594919505,1.0,0.9992116793342258,0.9459885906202612,69,4692
3,resnet18,pretrained,gs20,blind,train,raw,1337,slice_level,0.9933949801849405,0.9981836195508587,0.9982482142342917,0.0007559345491338753,0.0002235885223813135,0.8670389104225492,0.4306594604571752,0.9898788555327606,0.9779435501227468,173369,1211200
3,resnet18,pretrained,gs20,blind,train,raw,1337,subject_level,1.0,1.0,0.9996422029830314,0.0029400345441457387,0.005352271899060758,0.9999444534420687,0.9954954954954955,0.9996422029830314,0.9873624428177934,222,49062
3,resnet18,pretrained,gs20,blind,test,raw,1337,slice_level,0.9997614503816794,1.0,0.9986578683930499,0.0004552258249685055,0.0003194321053266349,0.8632807976894632,0.43680500997159605,0.9897121918132916,0.9779427725335456,264752,838400
3,resnet18,pretrained,gs20,blind,test,raw,1337,subject_level,1.0,1.0,0.9997958178105562,0.003795502842336461,0.0171595376956722,1.0,1.0,0.9997958178105562,0.9876365342764192,69,4692
4,resnet18,pretrained,gs20,adaptive,train,gs20,1337,slice_level,0.6139742319127849,0.859596960687149,0.935665005833393,0.0037944418371097855,0.0007146557453505358,0.8781973297735811,0.2017276984380908,0.9000772604645937,0.8169683384557624,171905,1210800
4,resnet18,pretrained,gs20,adaptive,train,gs20,1337,subject_level,1.0,1.0,0.9957933970936784,0.01089008998226475,0.01328140930566299,0.9999909105632477,1.0,0.9957933970936784,0.9030784627880626,222,49062
4,resnet18,pretrained,gs20,adaptive,test,gs20,1337,slice_level,0.7946776287321505,0.9608394634357421,0.9364241090031322,0.0038296462059639997,0.0008580219022427838,0.8538409282006338,0.17382721783557825,0.893713433816391,0.8249365089382704,335868,924400
4,resnet18,pretrained,gs20,adaptive,test,gs20,1337,subject_level,1.0,1.0,0.9981657232063404,0.014715153238047724,0.03694762940100138,1.0,1.0,0.9981657232063404,0.9199320870973265,69,4692
4,resnet18,pretrained,gs20,blind,train,raw,1337,slice_level,0.9933927981499835,0.9966963990749917,0.9976603855167555,0.0009998569088404353,0.00023796609995775075,0.8868518029449373,0.4507198743492045,0.9877638357093601,0.9728916865624647,171905,1210800
4,resnet18,pretrained,gs20,blind,train,raw,1337,subject_level,1.0,1.0,0.9995374781591398,0.0038800204659367467,0.005576124739925469,0.9999999081875075,1.0,0.9995374781591398,0.9843036965362442,222,49062
4,resnet18,pretrained,gs20,blind,test,raw,1337,slice_level,0.9997836434443964,1.0,0.9983228192810164,0.0005403495954260172,0.0003087138321937482,0.8747261725892996,0.4222611263948932,0.9873470294142206,0.9729479526064577,335868,924400
4,resnet18,pretrained,gs20,blind,test,raw,1337,subject_level,1.0,1.0,0.9998199939727783,0.004785944586214812,0.017901491346782532,1.0,1.0,0.9998199939727783,0.9845969929516265,69,4692
0,resnet18,pretrained,gs30,adaptive,train,gs30,1337,slice_level,0.5068561044110359,0.7875433669254915,0.8834755495522961,0.005661633021375,0.0008447236586654845,0.8580246324560694,0.18194461789983993,0.8306189708265438,0.7594336340192742,176158,1210600
0,resnet18,pretrained,gs30,adaptive,train,gs30,1337,subject_level,1.0,1.0,0.9923187753194058,0.014872036908007315,0.013729056756420912,0.9999613774567195,1.0,0.9923187753194058,0.9044380116565686,221,48620
0,resnet18,pretrained,gs30,adaptive,test,gs30,1337,slice_level,0.6946853457860797,0.9303980431398711,0.8838060119164263,0.005474620854719389,0.000979464873298754,0.8424728046523507,0.17980870231055934,0.8293966534313288,0.7710859738959984,305597,899400
0,resnet18,pretrained,gs30,adaptive,test,gs30,1337,subject_level,1.0,1.0,0.9966598664011274,0.017620088372911725,0.035315624571272304,1.0,1.0,0.9966598664011274,0.926711923069095,70,4830
0,resnet18,pretrained,gs30,blind,train,raw,1337,slice_level,0.9928960845861556,0.9971914753015034,0.9976950217116555,0.001056805388426832,0.0002402502042819336,0.8755275143162697,0.40934274912294644,0.9869200415020845,0.9722285976175353,176158,1210600
0,resnet18,pretrained,gs30,blind,train,raw,1337,subject_level,1.0,1.0,0.9994997748961816,0.0036890657778778767,0.005607797896986768,1.0,1.0,0.9994997748961816,0.9842004337572159,221,48620
0,resnet18,pretrained,gs30,blind,test,raw,1337,slice_level,0.9997776295307983,1.0,0.9984443182279354,0.0005160575711464707,0.0003209680716125247,0.8903182118489086,0.4206520351966806,0.9877699045607052,0.9720377306246827,305597,899400
0,resnet18,pretrained,gs30,blind,test,raw,1337,subject_level,1.0,1.0,0.9997993443693434,0.004389813116618565,0.017821345238813333,1.0,1.0,0.9997993443693434,0.9837869915902985,70,4830
1,resnet18,pretrained,gs30,adaptive,train,gs30,1337,slice_level,0.3810074318744839,0.6835672997522708,0.8686113810263617,0.00615831166628862,0.000973516079109019,0.822340300930631,0.16022412526960372,0.7969318960405454,0.7337008429045376,172939,1211000
1,resnet18,pretrained,gs30,adaptive,train,gs30,1337,subject_level,0.995475113122172,1.0,0.9904599861321945,0.012955923965074358,0.012730237319896934,0.9998503492780841,1.0,0.9904560864780823,0.9095959602057909,221,48620
1,resnet18,pretrained,gs30,adaptive,test,gs30,1337,slice_level,0.6129323988243274,0.8896676463938503,0.8658094876577432,0.006657284914625195,0.0012288499989943958,0.7800603920059477,0.1452107638935398,0.785894284663813,0.7349842396122472,298628,884600
1,resnet18,pretrained,gs30,adaptive,test,gs30,1337,subject_level,1.0,1.0,0.9955501650060926,0.018217441865376063,0.033599790425172874,0.9999970422951789,1.0,0.9955501650060926,0.9288580481310068,70,4830
1,resnet18,pretrained,gs30,blind,train,raw,1337,slice_level,0.9920726672171759,0.9973575557390586,0.9976473771767809,0.0011062072290063004,0.00024697661192101005,0.8604491938798065,0.4085024199284141,0.9858250234232909,0.9701663522776939,172939,1211000
1,resnet18,pretrained,gs30,blind,train,raw,1337,subject_level,1.0,1.0,0.9994711177381455,0.0036102945987994853,0.0056796054191449105,0.9999960912124873,1.0,0.9994711177381455,0.9832539579312726,221,48620
1,resnet18,pretrained,gs30,blind,test,raw,1337,slice_level,0.9995478182229256,1.0,0.9981305645705078,0.0006192140171707364,0.0003366106317810025,0.8286018972717768,0.3667305142183586,0.9836669027646051,0.9696540760421899,298628,884600
1,resnet18,pretrained,gs30,blind,test,raw,1337,subject_level,1.0,1.0,0.9997496656009129,0.004876179354531425,0.01763578701232161,1.0,1.0,0.9997496656009129,0.9845906967702119,70,4830
2,resnet18,pretrained,gs30,adaptive,train,gs30,1337,slice_level,0.44921552436003304,0.7575557390586293,0.8513562167409429,0.006534846935461219,0.000944870975883493,0.8449127213061465,0.19047921955507238,0.7853662765074968,0.7206194655233971,172927,1211000
2,resnet18,pretrained,gs30,adaptive,train,gs30,1337,subject_level,0.9954954954954955,1.0,0.9894697832631635,0.015259599363481676,0.013193602786978354,0.9999523493164192,1.0,0.9894693587814365,0.906305981888267,222,49062
2,resnet18,pretrained,gs30,adaptive,test,gs30,1337,slice_level,0.6735653809971778,0.9176857949200377,0.8561601879903985,0.006675944124766374,0.0012909311590021256,0.846089604493317,0.1721857963754236,0.7907012536592647,0.7258819061718874,271480,850400
2,resnet18,pretrained,gs30,adaptive,test,gs30,1337,subject_level,1.0,1.0,0.9955975421960803,0.020337440829346146,0.03992825441494368,1.0,1.0,0.9955975421960803,0.9159919531398214,69,4692
2,resnet18,pretrained,gs30,blind,train,raw,1337,slice_level,0.9904211395540875,0.9940545004128819,0.9972202366290261,0.0012232902028361792,0.00026735479436216077,0.8453167471009675,0.4022333123225407,0.982423672936555,0.9636163536077881,172927,1211000
2,resnet18,pretrained,gs30,blind,train,raw,1337,subject_level,0.990990990990991,1.0,0.9993266710289964,0.004266239769823916,0.0059422573540359735,0.9999762205644559,1.0,0.9993148427288812,0.9793637018606882,222,49062
2,resnet18,pretrained,gs30,blind,test,raw,1337,slice_level,0.9995296331138288,0.9997648165569144,0.9982065093035083,0.0006415852794979163,0.00037098882721873046,0.8655011109078095,0.4126602327979962,0.9846571576097796,0.9652767210164277,271480,850400
2,resnet18,pretrained,gs30,blind,test,raw,1337,subject_level,1.0,1.0,0.9997594442920409,0.005521544511767401,0.018951872876588848,1.0,1.0,0.9997594442920409,0.9802998382366324,69,4692
3,resnet18,pretrained,gs30,adaptive,train,gs30,1337,slice_level,0.5262549537648613,0.8035006605019815,0.9151924108222738,0.004221044520169615,0.0007167844261684673,0.8804094542124296,0.20854939464379446,0.8745155015878028,0.8015974959729133,173369,1211200
3,resnet18,pretrained,gs30,adaptive,train,gs30,1337,subject_level,1.0,1.0,0.9946602574876837,0.011696093254261188,0.012717008737528377,0.9999836573763441,1.0,0.9946602574876837,0.9103713246754654,222,49062
3,resnet18,pretrained,gs30,adaptive,test,gs30,1337,slice_level,0.7445133587786259,0.9475190839694656,0.914674888670672,0.0044054047467599385,0.0008551598215531886,0.8432769384115331,0.20043285791986462,0.8706675298685785,0.8185789873210699,264752,838400
3,resnet18,pretrained,gs30,adaptive,test,gs30,1337,subject_level,1.0,1.0,0.99734734279522,0.01625217562136443,0.032000645995140076,1.0,1.0,0.99734734279522,0.9369365406768096,69,4692
3,resnet18,pretrained,gs30,blind,train,raw,1337,slice_level,0.9927344782034346,0.9983487450462352,0.997882614303454,0.000939369733141467,0.00023388477149428714,0.8689789582944941,0.4282253459384319,0.9878216535443461,0.9743885482327036,173369,1211200
3,resnet18,pretrained,gs30,blind,train,raw,1337,subject_level,1.0,1.0,0.9995830883313944,0.003497673853023632,0.00548058818513947,0.9999993573125527,1.0,0.9995830883313944,0.9856227697530994,222,49062
3,resnet18,pretrained,gs30,blind,test,raw,1337,slice_level,0.9995229007633588,1.0,0.9984217803100593,0.0005581925217886918,0.000335538450391134,0.8692662687610402,0.43115443887109445,0.9876397384294947,0.9742184797527965,264752,838400
3,resnet18,pretrained,gs30,blind,test,raw,1337,subject_level,1.0,1.0,0.9997593268104221,0.004608333110809326,0.017567220562394115,1.0,1.0,0.9997593268104221,0.9859357095511673,69,4692
4,resnet18,pretrained,gs30,adaptive,train,gs30,1337,slice_level,0.433597621407334,0.731582424843079,0.8520775641649124,0.006357904458384645,0.0008707430579790416,0.8228089765840025,0.16093191006660656,0.786769479476935,0.7279847820740172,171905,1210800
4,resnet18,pretrained,gs30,adaptive,train,gs30,1337,subject_level,1.0,1.0,0.9897593584683564,0.015317923582351959,0.012119424734935836,0.9999780568143048,1.0,0.9897593584683564,0.9150048995260011,222,49062
4,resnet18,pretrained,gs30,adaptive,test,gs30,1337,slice_level,0.6702726092600606,0.9279532669839896,0.8563499529864147,0.0067887247537235735,0.0012305405445591144,0.8263409464500094,0.15994378744030394,0.7862952084473643,0.7241184253456762,335868,924400
4,resnet18,pretrained,gs30,adaptive,test,gs30,1337,subject_level,1.0,1.0,0.995832830235578,0.020528938459313435,0.040380192542637604,1.0,1.0,0.995832830235578,0.9157669027824231,69,4692
4,resnet18,pretrained,gs30,blind,train,raw,1337,slice_level,0.9907499174099769,0.9958704988437397,0.9971928733250549,0.0012307255268884563,0.0002522994450732567,0.8472962000580428,0.38595736016986126,0.983802288986862,0.9681299206237411,171905,1210800
4,resnet18,pretrained,gs30,blind,train,raw,1337,subject_level,1.0,1.0,0.9994036673425554,0.004052807618905832,0.005666327492862537,0.9999994491250453,1.0,0.9994036673425554,0.9830191862344557,222,49062
4,resnet18,pretrained,gs30,blind,test,raw,1337,slice_level,1.0,1.0,0.9980346608192876,0.0006918076027631244,0.00033447214254333867,0.8567346397683705,0.3907219502899949,0.9839127434075254,0.966668572683566,335868,924400
4,resnet18,pretrained,gs30,blind,test,raw,1337,subject_level,1.0,1.0,0.9997621308202329,0.005047235799872357,0.01858626864850521,1.0,1.0,0.9997621308202329,0.9817365266300122,69,4692
0,resnet18,pretrained,gs40,adaptive,train,gs40,1337,slice_level,0.3869155790517099,0.6946968445398976,0.8782597400719482,0.005044593154035008,0.000753836242384018,0.8569684189519969,0.1660554729277126,0.8269985589050429,0.763545730031612,176158,1210600
0,resnet18,pretrained,gs40,adaptive,train,gs40,1337,subject_level,1.0,1.0,0.9921288749211514,0.011751184905815988,0.012247493663356045,0.999925593437704,1.0,0.9921288749211514,0.9137409652409756,221,48620
0,resnet18,pretrained,gs40,adaptive,test,gs40,1337,slice_level,0.5663775850567044,0.8748054258394485,0.8787246995007221,0.0049336222455001605,0.0008781944523142058,0.8338801948537309,0.1500800073299149,0.8262057378898614,0.774834464971015,305597,899400
0,resnet18,pretrained,gs40,adaptive,test,gs40,1337,subject_level,1.0,1.0,0.9966091173035758,0.014324641227722168,0.031996310715164455,1.0,1.0,0.9966091173035758,0.9347067182725508,70,4830
0,resnet18,pretrained,gs40,blind,train,raw,1337,slice_level,0.9914092185693045,0.9966958532958864,0.997723174128634,0.0010640460972586644,0.00023980592685014158,0.855378495579923,0.39074580774077816,0.9862642391478559,0.9723706875814596,176158,1210600
0,resnet18,pretrained,gs40,blind,train,raw,1337,subject_level,1.0,1.0,0.9994612522254702,0.0035695255611816685,0.005545079387825539,0.9999994416017839,1.0,0.9994612522254702,0.9849771957934907,221,48620
0,resnet18,pretrained,gs40,blind,test,raw,1337,slice_level,0.9997776295307983,1.0,0.9984539611513996,0.0005191533412301384,0.00032032297853799196,0.8766650161154792,0.40528539219953075,0.9870228080612482,0.9722815976745689,305597,899400
0,resnet18,pretrained,gs40,blind,test,raw,1337,subject_level,1.0,1.0,0.9997858711651393,0.004350112165723528,0.017612249750111785,1.0,1.0,0.9997858711651393,0.9846825555367993,70,4830
1,resnet18,pretrained,gs40,adaptive,train,gs40,1337,slice_level,0.3151114781172585,0.6204789430222957,0.849104020774709,0.005785501672648675,0.0007730906942528984,0.8245703278219717,0.14768213069348152,0.7876872769944867,0.734623096082055,172939,1211000
1,resnet18,pretrained,gs40,adaptive,train,gs40,1337,subject_level,0.9864253393665159,1.0,0.989761298058799,0.012515372010917146,0.011090050535740087,0.9998255005574676,1.0,0.9897406468024621,0.9217124553937472,221,48620
1,resnet18,pretrained,gs40,adaptive,test,gs40,1337,slice_level,0.5417137689351119,0.8494234682342302,0.8456480828798817,0.00630763688562899,0.0009937448001321612,0.787225373044969,0.13115983765755387,0.7779345947848465,0.7349295494625424,298628,884600
1,resnet18,pretrained,gs40,adaptive,test,gs40,1337,subject_level,1.0,1.0,0.9952900052070618,0.01711154069219317,0.030100461760801927,0.999994084590358,1.0,0.9952900052070618,0.9394215779521697,70,4830
1,resnet18,pretrained,gs40,blind,train,raw,1337,slice_level,0.9877786952931462,0.9958711808422791,0.9976119269623823,0.0011195344731986868,0.0002414400363273682,0.8591495515578446,0.3966774411786815,0.9861922306150728,0.9718653662764859,172939,1211000
1,resnet18,pretrained,gs40,blind,train,raw,1337,subject_level,1.0,1.0,0.9994806126771469,0.0034121404406172117,0.005565706986040551,0.9999937645532535,1.0,0.9994806126771469,0.9847560169825775,221,48620
1,resnet18,pretrained,gs40,blind,test,raw,1337,slice_level,0.9997739091114628,0.9997739091114628,0.9981147233727774,0.0006558659414670437,0.0003282751287812173,0.833540598019243,0.3469835380473365,0.9845654627947876,0.9715695000055983,298628,884600
1,resnet18,pretrained,gs40,blind,test,raw,1337,subject_level,1.0,1.0,0.9997633389064244,0.004918211698532104,0.017298335023224354,1.0,1.0,0.9997633389064244,0.9860429413940596,70,4830
2,resnet18,pretrained,gs40,adaptive,train,gs40,1337,slice_level,0.33724194880264247,0.6394715111478118,0.8964428913386571,0.0043638662697361285,0.0006933640123356109,0.8420847151691149,0.13599958363933914,0.8497907309839979,0.7866231045144387,172927,1211000
2,resnet18,pretrained,gs40,adaptive,train,gs40,1337,subject_level,1.0,1.0,0.9932913345259589,0.009764421630550075,0.011696923935265691,0.9998871624467809,1.0,0.9932913345259589,0.9172230651062665,222,49062
2,resnet18,pretrained,gs40,adaptive,test,gs40,1337,slice_level,0.5435089369708372,0.8318438381937912,0.8984929077460423,0.0044685523266626325,0.00083151976321123,0.8065905994705376,0.10927876823338736,0.8518987811518924,0.8023850201560939,271480,850400
2,resnet18,pretrained,gs40,adaptive,test,gs40,1337,subject_level,1.0,1.0,0.9971115165862484,0.014384561690731325,0.030559404469702556,1.0,1.0,0.9971115165862484,0.9402644877137024,69,4692
2,resnet18,pretrained,gs40,blind,train,raw,1337,slice_level,0.9829892650701899,0.9950454170107349,0.9981177002708347,0.0008125712416764629,0.00022209371390076113,0.86972203796997,0.40643161565284774,0.9897344228629554,0.9783258886825044,172927,1211000
2,resnet18,pretrained,gs40,blind,train,raw,1337,subject_level,1.0,1.0,0.9996182717181541,0.002864694004660254,0.005321169427285592,0.9999904515007854,1.0,0.9996182717181541,0.9877778499216627,222,49062
2,resnet18,pretrained,gs40,blind,test,raw,1337,slice_level,0.9990592662276576,0.9995296331138288,0.9987831976849968,0.00044556451314816694,0.00030986319751593065,0.8712685639657209,0.42637026668631206,0.9904589139437735,0.9792217655392996,271480,850400
2,resnet18,pretrained,gs40,blind,test,raw,1337,subject_level,1.0,1.0,0.9998510972313259,0.0036647613497747893,0.01696558717800223,0.9999999999999999,1.0,0.9998510972313259,0.988554978119138,69,4692
3,resnet18,pretrained,gs40,adaptive,train,gs40,1337,slice_level,0.3606340819022457,0.6390356671070013,0.9734882118679888,0.00140962945580325,0.0007007417126540344,0.8617530350311592,0.1095178492117968,0.9457514916938937,0.8160749539021339,173369,1211200
3,resnet18,pretrained,gs40,adaptive,train,gs40,1337,subject_level,0.9504504504504504,0.990990990990991,0.9978882168327365,0.003440303039980364,0.015104592488323515,0.998451949564827,0.9594594594594594,0.9978056434575502,0.8594440425182399,222,49062
3,resnet18,pretrained,gs40,adaptive,test,gs40,1337,slice_level,0.5395992366412213,0.8129770992366412,0.9706340398184443,0.001649040927868763,0.0008248951946217913,0.7987076712600505,0.12424079893636308,0.9316914892706089,0.8523865311754555,264752,838400
3,resnet18,pretrained,gs40,adaptive,test,gs40,1337,subject_level,1.0,1.0,0.9987550524697788,0.007110317548116048,0.03656586213712243,0.9998455588914835,1.0,0.9987550524697788,0.9114195907334436,69,4692
3,resnet18,pretrained,gs40,blind,train,raw,1337,slice_level,0.9919088507265522,0.9958718626155878,0.9989826100111953,0.0004640072092039897,0.0002057115954855868,0.8705296011068868,0.4294193310222704,0.9935326064534896,0.9846471231637949,173369,1211200
3,resnet18,pretrained,gs40,blind,train,raw,1337,subject_level,0.9954954954954955,1.0,0.9997760559524502,0.0019840689392777175,0.005128416083837012,0.999967039315211,1.0,0.999775184167398,0.9905574679202181,222,49062
3,resnet18,pretrained,gs40,blind,test,raw,1337,slice_level,0.9988072519083969,0.9992843511450382,0.9992282240587564,0.00028085667384034806,0.00029258319495653715,0.8915422475539513,0.4456887955520638,0.993894761311505,0.9848114745427662,264752,838400
3,resnet18,pretrained,gs40,blind,test,raw,1337,subject_level,1.0,1.0,0.999867326107578,0.002507738445116126,0.01649554907951666,0.9999845558891484,1.0,0.999867326107578,0.9905562528106563,69,4692
4,resnet18,pretrained,gs40,adaptive,train,gs40,1337,slice_level,0.3277172117608193,0.640403039312851,0.8530655928893888,0.005948926577837427,0.0009233206890806953,0.8284588114082803,0.14028678630639016,0.7871349980224299,0.7213837066773962,171905,1210800
4,resnet18,pretrained,gs40,adaptive,train,gs40,1337,subject_level,0.9954954954954955,1.0,0.9897603623501889,0.01204923278576619,0.012889222271304141,0.9999035968829292,1.0,0.9897597040142025,0.9061457118200403,222,49062
4,resnet18,pretrained,gs40,adaptive,test,gs40,1337,slice_level,0.5480311553440069,0.8556901774123756,0.854580814061563,0.005986464766391373,0.001160949922234468,0.8121056939812444,0.13273071563828648,0.7855845762574819,0.7254266488987651,335868,924400
4,resnet18,pretrained,gs40,adaptive,test,gs40,1337,subject_level,1.0,1.0,0.9957774462907211,0.016998755759087162,0.03849701715660268,1.0,1.0,0.9957774462907211,0.9179710599467578,69,4692
4,resnet18,pretrained,gs40,blind,train,raw,1337,slice_level,0.9844730756524612,0.9938883382887347,0.9977500942779682,0.0010210239713956783,0.0002359033398148147,0.8434236047042448,0.37425322125592625,0.9866530330922916,0.9735922019962414,171905,1210800
4,resnet18,pretrained,gs40,blind,train,raw,1337,subject_level,1.0,1.0,0.9994905709146379,0.003320703903834025,0.005456050339800952,0.9999980719376587,1.0,0.9994905709146379,0.9858436287032577,222,49062
4,resnet18,pretrained,gs40,blind,test,raw,1337,slice_level,0.9997836434443964,1.0,0.9984322146051944,0.0005778839375641582,0.00030499775690347565,0.8534339121859997,0.3780592375576119,0.9871124006683668,0.9738538632262377,335868,924400
4,resnet18,pretrained,gs40,blind,test,raw,1337,subject_level,1.0,1.0,0.9998141630836155,0.004161629987799603,0.01758344663118107,1.0,1.0,0.9998141630836155,0.9858996340685793,69,4692
0,resnet18,pretrained,gs50,adaptive,train,gs50,1337,slice_level,0.27110523707252604,0.5673219890963159,0.8523745163007352,0.005662841135542117,0.0008168966829452579,0.8308802711222137,0.1415377104644694,0.7908568753524213,0.7326085715568718,176158,1210600
0,resnet18,pretrained,gs50,adaptive,train,gs50,1337,subject_level,0.9864253393665159,1.0,0.9897226224657637,0.010576318292056812,0.01189999341357887,0.9996625413447346,1.0,0.9897165015272426,0.9147551652520638,221,48620
0,resnet18,pretrained,gs50,adaptive,test,gs50,1337,slice_level,0.4187235935067823,0.7611741160773849,0.851300711933443,0.005625495174765083,0.0009292680137601866,0.8021325803085136,0.12560005497436166,0.7899344377332924,0.7438120183219427,305597,899400
0,resnet18,pretrained,gs50,adaptive,test,gs50,1337,subject_level,1.0,1.0,0.9955673354012625,0.013001034940992083,0.030574880806463107,1.0,1.0,0.9955673354012625,0.937339396074445,70,4830
0,resnet18,pretrained,gs50,blind,train,raw,1337,slice_level,0.9887659012060136,0.9953741946142409,0.9978710062027608,0.0009861742290173526,0.00023395395975766664,0.859247958732161,0.3913418635543092,0.9874037839357674,0.974345495068897,176158,1210600
0,resnet18,pretrained,gs50,blind,train,raw,1337,subject_level,1.0,1.0,0.9995053286466123,0.003344586801744694,0.005480769543373342,0.9999972080089194,1.0,0.9995053286466123,0.9858757432904178,221,48620
0,resnet18,pretrained,gs50,blind,test,raw,1337,slice_level,0.9997776295307983,1.0,0.9985739674095262,0.000519383489118037,0.00031285577720752464,0.866799295095647,0.4152364061165522,0.9874308002473839,0.9741080944188732,305597,899400
0,resnet18,pretrained,gs50,blind,test,raw,1337,subject_level,1.0,1.0,0.9998006463050843,0.004178782871791294,0.017342897078820637,1.0,1.0,0.9998006463050843,0.9858414367118977,70,4830
1,resnet18,pretrained,gs50,adaptive,train,gs50,1337,slice_level,0.22691990090834022,0.5139554087530966,0.8423361781409316,0.005577392719876757,0.0007411436206581568,0.8205060724456341,0.1279005892251025,0.7801652297274447,0.7312634929359009,172939,1211000
1,resnet18,pretrained,gs50,adaptive,train,gs50,1337,subject_level,0.9864253393665159,1.0,0.9892955748743602,0.009670628142033228,0.01039696961000764,0.9997194979627771,1.0,0.9892880315154926,0.9259544268624373,221,48620
1,resnet18,pretrained,gs50,adaptive,test,gs50,1337,slice_level,0.4141985078001357,0.7431607506217499,0.8387203749126906,0.005890338029522931,0.0009342483422104518,0.7767173568393853,0.12363542601497515,0.7712298630829793,0.7331069420518957,298628,884600
1,resnet18,pretrained,gs50,adaptive,test,gs50,1337,subject_level,1.0,1.0,0.9950737731797354,0.014633951016834804,0.027734793589583466,0.9999940845903579,1.0,0.9950737731797354,0.9455725154768112,70,4830
1,resnet18,pretrained,gs50,blind,train,raw,1337,slice_level,0.9872832369942196,0.9960363336085879,0.997743151770654,0.001041995435583995,0.00023821579496648075,0.8566557643827094,0.3930634501182498,0.9867440719678083,0.9729497813110407,172939,1211000
1,resnet18,pretrained,gs50,blind,train,raw,1337,subject_level,1.0,1.0,0.9995154374325437,0.0035791421368111314,0.0055274285325502374,0.9999975802743969,1.0,0.9995154374325437,0.9852868781174127,221,48620
1,resnet18,pretrained,gs50,blind,test,raw,1337,slice_level,0.9997739091114628,1.0,0.9982469372961711,0.0006251109015637061,0.0003257244867344267,0.8405905707389308,0.3667171196270946,0.9853167524776973,0.9722266014975146,298628,884600
1,resnet18,pretrained,gs50,blind,test,raw,1337,subject_level,1.0,1.0,0.9997794338635035,0.004884737730026245,0.01733598086450781,1.0,1.0,0.9997794338635035,0.9858897419696515,70,4830
2,resnet18,pretrained,gs50,adaptive,train,gs50,1337,slice_level,0.25532617671346,0.5372419488026424,0.9051375125775546,0.003886197333883196,0.000666531616633275,0.818023575209516,0.11335997270524556,0.8578033487207255,0.7969121065690042,172927,1211000
2,resnet18,pretrained,gs50,adaptive,train,gs50,1337,subject_level,0.9864864864864865,0.9954954954954955,0.9937322257875322,0.007400866295840289,0.011174331003850376,0.9993701203955576,0.990990990990991,0.9936787206847388,0.920761183847601,222,49062
2,resnet18,pretrained,gs50,adaptive,test,gs50,1337,slice_level,0.40780809031044213,0.746472248353716,0.9069573628319285,0.0038158599767388877,0.0007856007720044133,0.78184054981632,0.08824222778841903,0.8605917054220663,0.8133774496592504,271480,850400
2,resnet18,pretrained,gs50,adaptive,test,gs50,1337,subject_level,1.0,1.0,0.9972076355547145,0.010579383891561756,0.029026775796344315,0.999990733533489,1.0,0.9972076355547145,0.9435342118868133,69,4692
2,resnet18,pretrained,gs50,blind,train,raw,1337,slice_level,0.9791907514450867,0.9914120561519405,0.9987361333765933,0.0005552052467150889,0.00021047033231592376,0.8524667326031716,0.3709831316104483,0.9920713203751083,0.9827126344731777,172927,1211000
2,resnet18,pretrained,gs50,blind,train,raw,1337,subject_level,1.0,1.0,0.9996987610786885,0.0019804521186931713,0.005158975454013761,0.9999909105632476,1.0,0.9996987610786885,0.990040086180313,222,49062
2,resnet18,pretrained,gs50,blind,test,raw,1337,slice_level,0.9974129821260583,0.9985888993414863,0.9992001949619372,0.0003120597392348669,0.0002937825131259078,0.8738394829469308,0.37940548106674526,0.9929717827325404,0.983396168718656,271480,850400
2,resnet18,pretrained,gs50,blind,test,raw,1337,subject_level,1.0,1.0,0.9998912128849305,0.002507100934567659,0.016528508423463158,1.0,1.0,0.9998912128849305,0.9904417995449222,69,4692
3,resnet18,pretrained,gs50,adaptive,train,gs50,1337,slice_level,0.2108652575957728,0.488441215323646,0.8497900976215045,0.005514445519037889,0.0007192628000477818,0.7979505907184609,0.118717879205625,0.7860618253112426,0.7407330287974746,173369,1211200
3,resnet18,pretrained,gs50,adaptive,train,gs50,1337,subject_level,0.9864864864864865,1.0,0.9896906630412953,0.009379889513995196,0.009671277844825306,0.9997365899591655,0.9954954954954955,0.989663441707422,0.9319504051155333,222,49062
3,resnet18,pretrained,gs50,adaptive,test,gs50,1337,slice_level,0.3773854961832061,0.7237595419847328,0.8493811844755675,0.005616689143517545,0.000979912792663943,0.7840862575717015,0.11351000181301747,0.7855859137864414,0.7433917860592936,264752,838400
3,resnet18,pretrained,gs50,adaptive,test,gs50,1337,subject_level,1.0,1.0,0.9952839111936265,0.012801505517268526,0.02975624853718108,1.0,1.0,0.9952839111936265,0.9402000471149259,69,4692
3,resnet18,pretrained,gs50,blind,train,raw,1337,slice_level,0.9859643328929987,0.994550858652576,0.9976734315270319,0.0010782004170405187,0.00024012236890016365,0.8416074880611398,0.3732328155552607,0.9858684079859767,0.9722316216646917,173369,1211200
3,resnet18,pretrained,gs50,blind,train,raw,1337,subject_level,1.0,1.0,0.9995068676836856,0.003394627893293226,0.005504742612944798,0.9999887988759213,1.0,0.9995068676836856,0.9851996352414925,222,49062
3,resnet18,pretrained,gs50,blind,test,raw,1337,slice_level,0.9992843511450382,0.9995229007633588,0.9982656535500561,0.0006234277864448896,0.00034529868738872636,0.8439325075302901,0.38236538345319393,0.9857646383051553,0.9718674678571579,264752,838400
3,resnet18,pretrained,gs50,blind,test,raw,1337,subject_level,1.0,1.0,0.999693448992743,0.004418748012487439,0.017728987676293953,0.9999999999999999,1.0,0.999693448992743,0.9851446537283477,69,4692
4,resnet18,pretrained,gs50,adaptive,train,gs50,1337,slice_level,0.2561942517343905,0.5596299966963991,0.8717386594573223,0.0048128208843914244,0.0006831768571533682,0.8246658802778137,0.13057211832116575,0.8174264741025044,0.7656737749861399,171905,1210800
4,resnet18,pretrained,gs50,adaptive,train,gs50,1337,subject_level,0.990990990990991,1.0,0.9916222772082767,0.008891473750810366,0.010363787253227856,0.9998685245108139,1.0,0.9916162909688176,0.9274548910232331,222,49062
4,resnet18,pretrained,gs50,adaptive,test,gs50,1337,slice_level,0.44006923409779314,0.7918649935093033,0.870776040814027,0.005018166343353879,0.0008385003371379201,0.797668343168761,0.11924327414341349,0.813008393622351,0.7688114631680223,335868,924400
4,resnet18,pretrained,gs50,adaptive,test,gs50,1337,subject_level,1.0,1.0,0.996418108974678,0.012516514114711596,0.03025430214145909,1.0,1.0,0.996418108974678,0.9398830785445443,69,4692
4,resnet18,pretrained,gs50,blind,train,raw,1337,slice_level,0.9603567888999008,0.9826560951437067,0.9982971796549938,0.0007437572232716778,0.00022417635280793307,0.8147156446114673,0.3084959716122277,0.9892112786869517,0.9775075955405403,171905,1210800
4,resnet18,pretrained,gs50,blind,train,raw,1337,subject_level,0.9954954954954955,1.0,0.9995940655201405,0.0021264408085797286,0.005323877178451365,0.9999419745047726,1.0,0.9995939640311508,0.9876031933633217,222,49062
4,resnet18,pretrained,gs50,blind,test,raw,1337,slice_level,0.9969710082215492,0.9995672868887927,0.9987859808614583,0.00047986208747754827,0.0002861144618594262,0.8058268104087707,0.3095531577881787,0.9892313919239794,0.9786407578734286,335868,924400
4,resnet18,pretrained,gs50,blind,test,raw,1337,subject_level,1.0,1.0,0.9998244608657948,0.002891019634578539,0.01693571823230688,0.999990733533489,1.0,0.9998244608657948,0.9885757966038516,69,4692
0,resnet18,scratch,raw,adaptive,train,raw,1337,slice_level,0.9790186684288782,0.9890963158764249,0.9966470792079669,0.0008589175935818029,0.00041669227469758806,0.892689716158215,0.17575131416115078,0.9885380526359582,0.8412670301468377,176158,1210600
0,resnet18,scratch,raw,adaptive,train,raw,1337,subject_level,0.995475113122172,1.0,0.9995477372165179,0.00198132878514976,0.010249873907705643,0.999622197073621,0.9864253393665159,0.9995460928295532,0.844927042551072,221,48620
0,resnet18,scratch,raw,adaptive,test,raw,1337,slice_level,0.9971091839003781,0.9979986657771848,0.9968564506104078,0.0007332594415360566,0.0005473459713207175,0.8294083327168786,0.30572289649440276,0.9729919137075285,0.8940232503360805,305597,899400
0,resnet18,scratch,raw,adaptive,test,raw,1337,subject_level,0.9857142857142858,1.0,0.9994576803275517,0.003194682938711984,0.030158977450004645,0.999195504288672,0.9714285714285714,0.9994506393160139,0.9178532621751908,70,4830
1,resnet18,scratch,raw,adaptive,train,raw,1337,slice_level,0.9770437654830718,0.9887696118909992,0.9965933736447555,0.0009598257126245097,0.0004082216295101438,0.8720919193170116,0.17119909332192276,0.9880483865769624,0.8063427182270858,172939,1211000
1,resnet18,scratch,raw,adaptive,train,raw,1337,subject_level,0.995475113122172,0.995475113122172,0.9996024920390203,0.002128936046928302,0.009990881987303765,0.9994880419022022,0.995475113122172,0.9995928180163802,0.8097297226938874,221,48620
1,resnet18,scratch,raw,adaptive,test,raw,1337,slice_level,0.9936694551209586,0.9959303640063305,0.99568264629408,0.0011538139247743355,0.0006093246935371001,0.7848146556802966,0.2633678020815195,0.9647560067120461,0.8973726116656489,298628,884600
1,resnet18,scratch,raw,adaptive,test,raw,1337,subject_level,0.9857142857142858,1.0,0.9994237916810172,0.004299257482801165,0.030573251630578724,0.998896776101745,0.9714285714285714,0.9994140437671116,0.9286433596912131,70,4830
2,resnet18,scratch,raw,adaptive,train,raw,1337,slice_level,0.9853014037985136,0.9928984310487201,0.9907942567355962,0.0019633522710949796,0.00031827639334744363,0.9099514335430975,0.4591359359729828,0.9777090496998211,0.9413721022682185,172927,1211000
2,resnet18,scratch,raw,adaptive,train,raw,1337,subject_level,1.0,1.0,0.9991071347717766,0.003939303997400645,0.007320479196202647,0.9999773223143653,1.0,0.9991071347717766,0.9611252784051099,222,49062
2,resnet18,scratch,raw,adaptive,test,raw,1337,slice_level,0.9997648165569144,0.9997648165569144,0.9924478735546962,0.001425490974819223,0.00041177318528796584,0.9057126992089873,0.4833357890083984,0.9781455520663975,0.9500244472593574,271480,850400
2,resnet18,scratch,raw,adaptive,test,raw,1337,subject_level,1.0,1.0,0.9996155880499578,0.005098019821056421,0.021025124343409054,1.0,1.0,0.9996155880499578,0.9708971007705649,69,4692
3,resnet18,scratch,raw,adaptive,train,raw,1337,slice_level,0.9844782034346103,0.9909180977542933,0.9956524986060167,0.0011659311512029942,0.00042588059928108565,0.8922937909191567,0.309634363698239,0.9868680726744111,0.8343193913618278,173369,1211200
3,resnet18,scratch,raw,adaptive,train,raw,1337,subject_level,0.990990990990991,0.9954954954954955,0.9995592486213993,0.002440795436635748,0.01015211643256784,0.9999013015706182,0.9954954954954955,0.9995543358025251,0.8408293913557684,222,49062
3,resnet18,scratch,raw,adaptive,test,raw,1337,slice_level,0.9942748091603053,0.9961832061068703,0.9950884858018342,0.0011339174114338314,0.0005616967997578473,0.7967743533582752,0.317032543663504,0.9731658147407647,0.9266175432321936,264752,838400
3,resnet18,scratch,raw,adaptive,test,raw,1337,subject_level,1.0,1.0,0.9994734067847764,0.004743583824323571,0.026448094542475716,0.9999938223556594,1.0,0.9994734067847764,0.9506218937326474,69,4692
4,resnet18,scratch,raw,adaptive,train,raw,1337,slice_level,0.9846382556987116,0.9920713577799801,0.9919941051096108,0.0018768045801434298,0.0003976584114725426,0.8860750373227344,0.16406154562112796,0.9790926180277392,0.9031261736538777,171905,1210800
4,resnet18,scratch,raw,adaptive,train,raw,1337,subject_level,1.0,1.0,0.999173132954417,0.0033210722712783127,0.009369247840499287,0.999823490483268,0.9954954954954955,0.999173132954417,0.9206629894061219,222,49062
4,resnet18,scratch,raw,adaptive,test,raw,1337,slice_level,0.99762007788836,0.9991345737775854,0.9928177724999816,0.00143653959074561,0.00044143883693804713,0.833354364849537,0.2807263567830219,0.9718662354715063,0.931763715085943,335868,924400
4,resnet18,scratch,raw,adaptive,test,raw,1337,subject_level,1.0,1.0,0.9995638581289761,0.004627194093621295,0.023903959525236183,1.0,1.0,0.9995638581289761,0.9569896160794036,69,4692
0,resnet18,scratch,gs0,adaptive,train,gs0,1337,slice_level,0.9772013877416157,0.9874442425243681,0.9960405743557343,0.0010691364796599258,0.00043244730129703515,0.857554072599117,0.12379795410937908,0.9841406247913272,0.8070934151487963,176158,1210600
0,resnet18,scratch,gs0,adaptive,train,gs0,1337,subject_level,1.0,1.0,0.9993756567191214,0.0023687169023228986,0.010356323313119723,0.9962778570910058,0.8823529411764706,0.9993756567191214,0.8107715797915914,221,48620
0,resnet18,scratch,gs0,adaptive,test,gs0,1337,slice_level,0.9924394040471426,0.9946631087391594,0.9964588067121762,0.0008438728453186795,0.0006542198246398562,0.8174381143457918,0.22575483398070006,0.9632557430026635,0.8646495201443801,305597,899400
0,resnet18,scratch,gs0,adaptive,test,gs0,1337,subject_level,0.9714285714285714,1.0,0.9993201511246818,0.003981835501534598,0.03472366748111588,0.9991333924874297,0.9714285714285714,0.9992737139974321,0.8977954993090027,70,4830
0,resnet18,scratch,gs0,blind,train,raw,1337,slice_level,0.9821576077977863,0.9920700479101272,0.9998932677163735,4.545986091088169e-05,0.00017141704528633145,0.8128772403636481,0.33716322846535496,0.9993296377003429,0.9985397683527378,176158,1210600
0,resnet18,scratch,gs0,blind,train,raw,1337,subject_level,0.9909502262443439,0.995475113122172,0.9999758760314182,9.765695123111501e-05,0.00457789261543036,0.9996703123865753,0.995475113122172,0.9999752195712128,0.9991552434674706,221,48620
0,resnet18,scratch,gs0,blind,test,raw,1337,slice_level,0.9988881476539916,1.0,0.9999283617115933,2.4406822994334818e-05,0.0002272053198477393,0.8331885530629854,0.36125027405373744,0.9993770415093014,0.998463604778005,305597,899400
0,resnet18,scratch,gs0,blind,test,raw,1337,subject_level,1.0,1.0,0.9999908191817147,0.0001353808811732701,0.014473055702235017,0.9999970422951789,1.0,0.9999908191817147,0.9990631155222346,70,4830
1,resnet18,scratch,gs0,adaptive,train,gs0,1337,slice_level,0.9839801816680429,0.9904211395540875,0.9946654965718063,0.001172134897907739,0.0004104895055462075,0.8622608280078364,0.13848235505004655,0.9841161157372408,0.846323017805298,172939,1211000
1,resnet18,scratch,gs0,adaptive,train,gs0,1337,subject_level,1.0,1.0,0.9994014407175159,0.0026062629880948306,0.009999501820215407,0.9970703637592113,0.9095022624434389,0.9994014407175159,0.8550893305254934,221,48620
1,resnet18,scratch,gs0,adaptive,test,gs0,1337,slice_level,0.9945738186751074,0.9961564548948677,0.994905357551661,0.0009627142374046027,0.00056791224590836,0.8080943635841601,0.18602408347509275,0.9661765751267267,0.8874593554683773,298628,884600
1,resnet18,scratch,gs0,adaptive,test,gs0,1337,subject_level,1.0,1.0,0.999574567590441,0.00413393463407244,0.029960175470582075,0.9999881691807159,1.0,0.999574567590441,0.9173777909012315,70,4830
1,resnet18,scratch,gs0,blind,train,raw,1337,slice_level,0.9651527663088356,0.9785301403798513,0.9995553689097492,0.00019133700308575304,0.0001828877894931898,0.7500794463219106,0.28300152076743823,0.9966600027979714,0.9935739170758316,172939,1211000
1,resnet18,scratch,gs0,blind,train,raw,1337,subject_level,0.9773755656108597,0.9909502262443439,0.9998937295033381,0.00035336788962869086,0.004734490275366139,0.9985683135070944,0.9773755656108597,0.9998869752991792,0.9966789017472429,221,48620
1,resnet18,scratch,gs0,blind,test,raw,1337,slice_level,0.9968347275604793,0.998869545557314,0.9996611644395358,0.00012498846049764807,0.00024656073645273365,0.7252421359936012,0.2610572350884713,0.9964770251709887,0.9936280141739507,298628,884600
1,resnet18,scratch,gs0,blind,test,raw,1337,subject_level,1.0,1.0,0.9999545838151659,0.0004797475678580148,0.01491998958268336,1.0,1.0,0.9999545838151659,0.9968344145063041,70,4830
2,resnet18,scratch,gs0,adaptive,train,gs0,1337,slice_level,0.978860445912469,0.9905862923203964,0.9970560501962531,0.0007678222794064208,0.0004046749923900031,0.8623717779305519,0.16053016590815777,0.9884154476815685,0.8103384740627767,172927,1211000
2,resnet18,scratch,gs0,adaptive,train,gs0,1337,subject_level,1.0,1.0,0.9995776439035261,0.0018326838811238606,0.00998809857310744,0.9989188160889273,0.9774774774774775,0.9995776439035261,0.8124096782894822,222,49062
2,resnet18,scratch,gs0,adaptive,test,gs0,1337,slice_level,0.992238946378175,0.996472248353716,0.9971724174573302,0.0006890216052027547,0.0006459779423128845,0.8064028568152468,0.2952703698246648,0.9686165451549001,0.8725559482110536,271480,850400
2,resnet18,scratch,gs0,adaptive,test,gs0,1337,subject_level,0.9710144927536232,0.9855072463768116,0.9993786500847858,0.00344271763511326,0.0334699422498976,0.9967073155664281,0.9710144927536232,0.9992695096610249,0.9020501016325556,69,4692
2,resnet18,scratch,gs0,blind,train,raw,1337,slice_level,0.9793559042113955,0.9904211395540875,0.9999425513010002,2.357618164957111e-05,0.0001695773152691796,0.7920143285474984,0.33017400405951647,0.9996748788543447,0.9993726355208039,172927,1211000
2,resnet18,scratch,gs0,blind,train,raw,1337,subject_level,0.990990990990991,1.0,0.9999874220775055,4.868759765281334e-05,0.004524565377348178,0.9999406432236321,1.0,0.9999873791192029,0.999674706249162,222,49062
2,resnet18,scratch,gs0,blind,test,raw,1337,slice_level,0.9983537158984007,0.9997648165569144,0.9999606185439389,1.4061495479501201e-05,0.000237768582711488,0.7998673640077815,0.33821275968763814,0.999681175567887,0.9993539164705957,271480,850400
2,resnet18,scratch,gs0,blind,test,raw,1337,subject_level,1.0,1.0,0.9999957585680312,6.425899008046026e-05,0.01456043013519999,1.0,1.0,0.9999957585680312,0.9996645465582127,69,4692
3,resnet18,scratch,gs0,adaptive,train,gs0,1337,slice_level,0.9844782034346103,0.9919088507265522,0.9952021803869281,0.0010139609402835448,0.00040853327443255214,0.8733891200604654,0.16637922581314998,0.986360156758336,0.8403264970468207,173369,1211200
3,resnet18,scratch,gs0,adaptive,train,gs0,1337,subject_level,0.9954954954954955,1.0,0.9995500778292751,0.0023247519054928343,0.009933768853394163,0.9999349967553465,1.0,0.9995494748021031,0.8473207339456732,222,49062
3,resnet18,scratch,gs0,adaptive,test,gs0,1337,slice_level,0.9976145038167938,0.9985687022900763,0.9944969938769368,0.0010447274495399635,0.0005336556281315812,0.7782439898087181,0.31527618299389615,0.969697932201511,0.9219585444653435,264752,838400
3,resnet18,scratch,gs0,adaptive,test,gs0,1337,subject_level,1.0,1.0,0.9993851279866868,0.00426977440930795,0.025799180151543755,0.9998393812471429,1.0,0.9993851279866868,0.9499013874130379,69,4692
3,resnet18,scratch,gs0,blind,train,raw,1337,slice_level,0.9780383091149274,0.9882760898282695,0.9995282333309773,0.00021241186002129135,0.00018245895877125649,0.7653005455004636,0.33033587319532326,0.9965625552122003,0.9937490556468815,173369,1211200
3,resnet18,scratch,gs0,blind,train,raw,1337,subject_level,0.9864864864864865,0.9954954954954955,0.9998905105633779,0.000435601215104799,0.004697689287330922,0.9996964219937192,0.9864864864864865,0.9998869509310335,0.9969112829523796,222,49062
3,resnet18,scratch,gs0,blind,test,raw,1337,slice_level,0.9976145038167938,0.9985687022900763,0.9996530616954538,0.00013029871096137825,0.0002607462043767437,0.7972423134518954,0.3453042847646099,0.9970821795332552,0.993518645424993,264752,838400
3,resnet18,scratch,gs0,blind,test,raw,1337,subject_level,1.0,1.0,0.9999482139297153,0.0006222802659739618,0.015236122695648151,1.0,1.0,0.9999482139297153,0.9963557150052942,69,4692
4,resnet18,scratch,gs0,adaptive,train,gs0,1337,slice_level,0.9785265939874463,0.9884373967624711,0.9960778628417198,0.000957173101178167,0.00041299847244797476,0.8585214683637956,0.14277653355050754,0.9857103532131268,0.8228605987759,171905,1210800
4,resnet18,scratch,gs0,adaptive,train,gs0,1337,subject_level,0.990990990990991,1.0,0.9994567439362809,0.0022618437672520544,0.0100432042082822,0.9935876319024173,0.8108108108108109,0.9994525034148414,0.8323435869715896,222,49062
4,resnet18,scratch,gs0,adaptive,test,gs0,1337,slice_level,0.9898312418866292,0.9937256598874946,0.9963488440294898,0.0008304911560436597,0.0005848764455621846,0.8130080439062914,0.16484749961294318,0.9657546506653216,0.8593960977250921,335868,924400
4,resnet18,scratch,gs0,adaptive,test,gs0,1337,subject_level,0.9855072463768116,0.9855072463768116,0.9992841758589813,0.0035044533618982287,0.03382014345539653,0.9984339671596426,0.9565217391304348,0.9992510590000429,0.8871984336737985,69,4692
4,resnet18,scratch,gs0,blind,train,raw,1337,slice_level,0.9957053187974892,0.9983481995374959,0.9998019615690976,8.650816703811509e-05,0.00017335390321380264,0.8435239857392174,0.42451935662138973,0.9988967580687247,0.9976673640526381,171905,1210800
4,resnet18,scratch,gs0,blind,train,raw,1337,subject_level,1.0,1.0,0.9999599531964138,0.00022236747784657522,0.004585986214413031,0.999982188376465,1.0,0.9999599531964138,0.9986955550570673,222,49062
4,resnet18,scratch,gs0,blind,test,raw,1337,slice_level,1.0,1.0,0.9998533179083204,4.782729827702587e-05,0.00022423925197651338,0.8571821652688869,0.4256374528088416,0.9988889817995352,0.9974067509683089,335868,924400
4,resnet18,scratch,gs0,blind,test,raw,1337,subject_level,1.0,1.0,0.9999835620755735,0.0002884700678396916,0.014820646899549858,1.0,1.0,0.9999835620755735,0.9983867255800927,69,4692
0,resnet18,scratch,gs10,adaptive,train,gs10,1337,slice_level,0.940029737320337,0.9704278869981827,0.9928046289148871,0.0009626233044014122,0.0003985500354222109,0.831820613245712,0.1357417772681343,0.9759788666565112,0.8928063662083321,176158,1210600
0,resnet18,scratch,gs10,adaptive,train,gs10,1337,subject_level,0.9819004524886877,0.995475113122172,0.9991648520819202,0.002059590223148398,0.009625940088486105,0.9866624259424367,0.6425339366515838,0.9991549666111286,0.909958105785324,221,48620
0,resnet18,scratch,gs10,adaptive,test,gs10,1337,slice_level,0.9895485879475205,0.9948854792083611,0.99448358641483,0.0005878437511757106,0.0005114534167466821,0.7898400394361745,0.12323092176951998,0.9728692658072828,0.9029097652464131,305597,899400
0,resnet18,scratch,gs10,adaptive,test,gs10,1337,subject_level,0.9857142857142858,1.0,0.9995658031531742,0.0025973498821258547,0.0280448442324996,0.9984590357882284,0.9571428571428572,0.999543581690107,0.929396704228028,70,4830
0,resnet18,scratch,gs10,blind,train,raw,1337,slice_level,0.9717495456798282,0.986948620518751,0.9994666764859461,0.00022557772192583977,0.00019961344142949174,0.7742535086915756,0.29371359801995933,0.9949612305532445,0.9866645161321336,176158,1210600
0,resnet18,scratch,gs10,blind,train,raw,1337,subject_level,0.9502262443438914,0.9773755656108597,0.9998474579591018,0.0003712001968832577,0.005095544309098257,0.9984752471377439,0.9683257918552036,0.9998339921640594,0.9910894355892595,221,48620
0,resnet18,scratch,gs10,blind,test,raw,1337,slice_level,0.9991105181231933,0.9995552590615966,0.9996356384632772,0.00012535874727489631,0.0002575362360808329,0.7691797533827475,0.3093682202377641,0.9952431446767587,0.9888170799445332,305597,899400
0,resnet18,scratch,gs10,blind,test,raw,1337,subject_level,0.9857142857142858,1.0,0.9999429430280413,0.0005825494016919817,0.015696808842143844,0.9993463472345459,0.9857142857142858,0.9999379839215959,0.9930123796497566,70,4830
1,resnet18,scratch,gs10,adaptive,train,gs10,1337,slice_level,0.952766308835673,0.9752270850536746,0.9928775467722992,0.0009613667412497207,0.0004164740289563373,0.8373282649258403,0.12701588421350882,0.9800397872677341,0.8398205526196986,172939,1211000
1,resnet18,scratch,gs10,adaptive,train,gs10,1337,subject_level,0.9819004524886877,0.995475113122172,0.9992881034294404,0.002101784647859599,0.010033083731957555,0.9945878648899676,0.8552036199095022,0.9992724840457623,0.8526309390615554,221,48620
1,resnet18,scratch,gs10,adaptive,test,gs10,1337,slice_level,0.9810083653628758,0.988243273796066,0.9932579728049334,0.0007894460281149553,0.0005698659642864939,0.7832481171934279,0.12235289390144259,0.9610937216307056,0.8768771039742557,298628,884600
1,resnet18,scratch,gs10,adaptive,test,gs10,1337,subject_level,1.0,1.0,0.9994739191872734,0.003384200164249965,0.030075718382639543,0.9998905649216209,1.0,0.9994739191872734,0.9120415102744448,70,4830
1,resnet18,scratch,gs10,blind,train,raw,1337,slice_level,0.9932287365813377,0.9973575557390586,0.9996271173290533,0.00016738091688526258,0.00017855853637771543,0.8213626595634649,0.39327161600333066,0.997878786107404,0.9953939052285191,172939,1211000
1,resnet18,scratch,gs10,blind,train,raw,1337,subject_level,1.0,1.0,0.9999303909448477,0.00038780696791221656,0.004693477863353167,0.9999986040044597,1.0,0.9999303909448477,0.9973374117578022,221,48620
1,resnet18,scratch,gs10,blind,test,raw,1337,slice_level,0.9993217273343884,0.9997739091114628,0.9997097690289252,9.188448819482378e-05,0.00023955168812324614,0.7926036617199643,0.364024806783021,0.9977269951977012,0.9957709213222768,298628,884600
1,resnet18,scratch,gs10,blind,test,raw,1337,subject_level,1.0,1.0,0.9999652521950858,0.00046788198607308523,0.014701011337872062,1.0,1.0,0.9999652521950858,0.9979192689832447,70,4830
2,resnet18,scratch,gs10,adaptive,train,gs10,1337,slice_level,0.9435177539223782,0.9720891824938068,0.9977591918678347,0.00041281361898836473,0.00038400096042542377,0.8680375177118145,0.15022523955194966,0.9923514525041621,0.7823297851647625,172927,1211000
2,resnet18,scratch,gs10,adaptive,train,gs10,1337,subject_level,0.990990990990991,1.0,0.9997140676588625,0.001042117943634858,0.009690051459967418,0.9991152489165208,0.9684684684684685,0.9997126041231928,0.7798730429779919,222,49062
2,resnet18,scratch,gs10,adaptive,test,gs10,1337,slice_level,0.9762464722483537,0.9882408278457196,0.9975745485760867,0.00043974867264055914,0.0006264655509329973,0.7704289313522678,0.26226609695005154,0.9693376578141404,0.8976104557059656,271480,850400
2,resnet18,scratch,gs10,adaptive,test,gs10,1337,subject_level,0.9855072463768116,1.0,0.9996123218881912,0.0024420152539792266,0.030876630053356075,0.9973250800004942,0.9565217391304348,0.9996098193569459,0.9262010609986735,69,4692
2,resnet18,scratch,gs10,blind,train,raw,1337,slice_level,0.932617671345995,0.9601981833195706,0.9998621590170951,6.099335916961745e-05,0.00018253363984230134,0.7280719139578413,0.23912980621880908,0.9974368402975384,0.9939062994711169,172927,1211000
2,resnet18,scratch,gs10,blind,train,raw,1337,subject_level,0.8468468468468469,0.8783783783783784,0.9999429935270602,0.00011032900294742069,0.004749162479194703,0.9867931861175105,0.8423423423423423,0.9999127672599243,0.9961368453536186,222,49062
2,resnet18,scratch,gs10,blind,test,raw,1337,slice_level,0.9924741298212606,0.9955315145813735,0.9999074262346956,4.027245578514666e-05,0.00025745141055449834,0.7587140773273945,0.2528068365993812,0.9979208727174151,0.9934276431161816,271480,850400
2,resnet18,scratch,gs10,blind,test,raw,1337,subject_level,1.0,1.0,0.999969160211259,0.00016705281492592633,0.015376243389387062,0.9998733582910164,1.0,0.999969160211259,0.995654473981589,69,4692
3,resnet18,scratch,gs10,adaptive,train,gs10,1337,slice_level,0.9590488771466315,0.9816710700132101,0.9927122864375184,0.0008304539472455235,0.00042301112733513906,0.8643785047795672,0.11337090252582642,0.9824040119229738,0.8328434364054023,173369,1211200
3,resnet18,scratch,gs10,adaptive,train,gs10,1337,subject_level,0.9864864864864865,0.9954954954954955,0.9994045836968465,0.00217747070767858,0.010233185929456004,0.9996966056187042,0.9954954954954955,0.9993994732697805,0.843794463591348,222,49062
3,resnet18,scratch,gs10,adaptive,test,gs10,1337,slice_level,0.9837786259541985,0.9890267175572519,0.9917662309496912,0.0008475974003094753,0.0005918395465053485,0.7907543872678182,0.25203964464857675,0.9645545088078243,0.899459182168286,264752,838400
3,resnet18,scratch,gs10,adaptive,test,gs10,1337,subject_level,1.0,1.0,0.9993053769719773,0.003632073817045792,0.02954611568239288,0.9998424700693133,1.0,0.9993053769719773,0.9307804847134552,69,4692
3,resnet18,scratch,gs10,blind,train,raw,1337,slice_level,0.9707727873183619,0.9839828269484808,0.9992044308128099,0.0003417299044179475,0.00019585067299118125,0.7603378968586587,0.2946028413384169,0.9941744864389561,0.9881326456788233,173369,1211200
3,resnet18,scratch,gs10,blind,train,raw,1337,subject_level,0.963963963963964,0.9864864864864865,0.9998199974631404,0.000585754443933298,0.004914763094102209,0.9985995840526842,0.9774774774774775,0.9998072549566492,0.9935404356066545,222,49062
3,resnet18,scratch,gs10,blind,test,raw,1337,slice_level,0.9961832061068703,0.9976145038167938,0.9994167138943235,0.00021131349485794098,0.0002793336794666661,0.7658582699018996,0.2998655345379827,0.9944859417806585,0.9881338741921798,264752,838400
3,resnet18,scratch,gs10,blind,test,raw,1337,subject_level,1.0,1.0,0.9998831714408986,0.000776244246441385,0.0158487475760605,0.9997250948268407,0.9855072463768116,0.9998831714408986,0.9933758559942448,69,4692
4,resnet18,scratch,gs10,adaptive,train,gs10,1337,slice_level,0.9393789230260985,0.9694416914436736,0.9921790503474954,0.0010111346215669337,0.00042470975826282254,0.8306640721037687,0.13291061923736947,0.9766182970423019,0.8517626851904173,171905,1210800
4,resnet18,scratch,gs10,adaptive,train,gs10,1337,subject_level,0.9819819819819819,0.990990990990991,0.9991513745741801,0.002216314410304164,0.010030746222935148,0.9894199415264598,0.6981981981981982,0.9991242767454268,0.8701382223317006,222,49062
4,resnet18,scratch,gs10,adaptive,test,gs10,1337,slice_level,0.986369536996971,0.991129381220251,0.9929807686614867,0.0007817061341515561,0.0005566753669244861,0.7809535180188677,0.09144961711148428,0.9591168103750954,0.8724111626396533,335868,924400
4,resnet18,scratch,gs10,adaptive,test,gs10,1337,subject_level,0.9565217391304348,0.9855072463768116,0.9992572863896688,0.0033838826677073603,0.03178413711704206,0.9977853145038733,0.927536231884058,0.9992200922274935,0.9058807977020283,69,4692
4,resnet18,scratch,gs10,blind,train,raw,1337,slice_level,0.9945490584737364,0.9978526593987447,0.9997392255046165,0.00011263614957939882,0.0001744078570423198,0.8400176774238413,0.42254733719205373,0.998596657621677,0.9971780282359411,171905,1210800
4,resnet18,scratch,gs10,blind,train,raw,1337,subject_level,1.0,1.0,0.9999492700035507,0.0002944627860644916,0.004598758714105766,0.9999977965001813,1.0,0.9999492700035507,0.9984891016536956,222,49062
4,resnet18,scratch,gs10,blind,test,raw,1337,slice_level,1.0,1.0,0.9998083419482051,6.302080851826818e-05,0.00022578151190258205,0.8507742012890622,0.4224457227244036,0.9985738026299263,0.9968763212258683,335868,924400
4,resnet18,scratch,gs10,blind,test,raw,1337,subject_level,1.0,1.0,0.9999777709228405,0.00035969329916912574,0.014865258533129658,1.0,1.0,0.9999777709228405,0.9981659072668047,69,4692
0,resnet18,scratch,gs20,adaptive,train,gs20,1337,slice_level,0.8328101767718487,0.9636543862547498,0.9842768945458427,0.0006905989806041153,0.0002301900971112516,0.881729376775524,0.34862453025125173,0.9773390473727221,0.9610413534860266,176158,1210600
0,resnet18,scratch,gs20,adaptive,train,gs20,1337,subject_level,1.0,1.0,0.9991013043606443,0.00178225115952988,0.00571111881920048,0.999887203560347,0.995475113122172,0.9991013043606443,0.9817942849786033,221,48620
0,resnet18,scratch,gs20,adaptive,test,gs20,1337,slice_level,0.9566377585056705,0.9953302201467645,0.9847054071417909,0.0006059742726721921,0.00029056929659840004,0.877321045167925,0.3721960621341178,0.9777202522114108,0.965224470589952,305597,899400
0,resnet18,scratch,gs20,adaptive,test,gs20,1337,subject_level,1.0,1.0,0.9996353907244546,0.0025038446698869977,0.01706297831343753,1.0,1.0,0.9996353907244546,0.9865830261391388,70,4830
0,resnet18,scratch,gs20,blind,train,raw,1337,slice_level,0.9962002312902692,0.9975218899719147,0.9992804232361335,0.0002900792137169944,0.00018083345717524315,0.8320634368078997,0.402848579116475,0.9968632515845316,0.9941427092634999,176158,1210600
0,resnet18,scratch,gs20,blind,train,raw,1337,subject_level,0.995475113122172,1.0,0.9998816249057718,0.0005563486755163961,0.004709687697115392,0.9999980456062436,1.0,0.999881476029012,0.9970481472109042,221,48620
0,resnet18,scratch,gs20,blind,test,raw,1337,slice_level,1.0,1.0,0.9994947969688159,0.0001460692870343874,0.0002386911604163339,0.8373430212398723,0.4168987261000599,0.997006568142499,0.9945329402303972,305597,899400
0,resnet18,scratch,gs20,blind,test,raw,1337,subject_level,1.0,1.0,0.9999564707279205,0.0007275394030979702,0.01481227751023003,1.0,1.0,0.9999564707279205,0.997371894047127,70,4830
1,resnet18,scratch,gs20,adaptive,train,gs20,1337,slice_level,0.8322047894302229,0.9202312138728324,0.9946485845733536,0.000503044449328195,0.0003921665251303101,0.8031287635398606,0.09069093726689757,0.9846966285150504,0.8010444841489971,172939,1211000
1,resnet18,scratch,gs20,adaptive,train,gs20,1337,subject_level,0.9592760180995475,0.9864253393665159,0.9994629009277033,0.0010131486940168147,0.009532271932844259,0.9935175085760658,0.8144796380090498,0.999444733378035,0.8067779992635433,221,48620
1,resnet18,scratch,gs20,adaptive,test,gs20,1337,slice_level,0.9217725525661316,0.9626950033913634,0.9933999895160079,0.0006656738635293234,0.0005968071199100669,0.7290824675760115,0.14213000790280886,0.9547633361546634,0.8822583414937626,298628,884600
1,resnet18,scratch,gs20,adaptive,test,gs20,1337,subject_level,0.9285714285714286,0.9857142857142858,0.9992572333131517,0.002185067960194179,0.02917519613568272,0.9934693877551022,0.9142857142857143,0.9991750810827528,0.9230455922043842,70,4830
1,resnet18,scratch,gs20,blind,train,raw,1337,slice_level,0.9841453344343518,0.9915772089182494,0.9995616423798237,0.00020789686655033532,0.00018294862057722592,0.7945702552628199,0.35305512348284657,0.9968695900125186,0.9935776818613687,172939,1211000
1,resnet18,scratch,gs20,blind,train,raw,1337,subject_level,0.9773755656108597,0.995475113122172,0.9998843200605919,0.00045159041072448457,0.004739453539892829,0.9996616572142256,0.9909502262443439,0.9998817778280957,0.9965977157513235,221,48620
1,resnet18,scratch,gs20,blind,test,raw,1337,slice_level,0.9990956364458512,0.9997739091114628,0.9996660784065468,0.00012135121608357232,0.0002460443800697539,0.7679300409291981,0.3404570234539293,0.9966735078392956,0.9937903898222641,298628,884600
1,resnet18,scratch,gs20,blind,test,raw,1337,subject_level,1.0,1.0,0.9999397354466575,0.0006126327174050467,0.014900510292500257,0.9999290150842945,1.0,0.9999397354466575,0.9969197600154402,70,4830
2,resnet18,scratch,gs20,adaptive,train,gs20,1337,slice_level,0.7606936416184971,0.929644921552436,0.9827660923354592,0.0007240228668704297,0.00022955256573900867,0.8615656215430864,0.31627796700341765,0.9752394971953724,0.9596245388336954,172927,1211000
2,resnet18,scratch,gs20,adaptive,train,gs20,1337,subject_level,0.9819819819819819,0.9954954954954955,0.9990367194016775,0.001630338194133999,0.005637029787894708,0.9997918151733731,0.9954954954954955,0.9990297131710224,0.9822708133853054,222,49062
2,resnet18,scratch,gs20,adaptive,test,gs20,1337,slice_level,0.9141580432737535,0.9887111947318908,0.9833130918772627,0.0006493016558779038,0.00031704876018647123,0.8640981174465469,0.3041660527479004,0.9758532285999879,0.9611885336605676,271480,850400
2,resnet18,scratch,gs20,adaptive,test,gs20,1337,subject_level,1.0,1.0,0.9995828253635461,0.002043330151101817,0.017629158075736916,1.0,1.0,0.9995828253635461,0.9849106831649177,69,4692
2,resnet18,scratch,gs20,blind,train,raw,1337,slice_level,0.9952105697770438,0.997027250206441,0.9987275910121561,0.00043442505238766913,0.000183140643730815,0.8518283200907911,0.44999913258195656,0.9955536270291607,0.99273940642386,172927,1211000
2,resnet18,scratch,gs20,blind,train,raw,1337,subject_level,1.0,1.0,0.9998276475313548,0.0008701029661539438,0.0046946786969128225,0.9999900842508156,1.0,0.9998276475313548,0.9969097906324605,222,49062
2,resnet18,scratch,gs20,blind,test,raw,1337,slice_level,1.0,1.0,0.9990641260107844,0.0002551498496072649,0.0002573131888180858,0.8684701956963962,0.4608074259613968,0.9957829618258137,0.9928730364962501,271480,850400
2,resnet18,scratch,gs20,blind,test,raw,1337,subject_level,1.0,1.0,0.9999308430630228,0.0010643800099690754,0.015092515400138454,1.0,1.0,0.9999308430630228,0.9970404447801887,69,4692
3,resnet18,scratch,gs20,adaptive,train,gs20,1337,slice_level,0.9689564068692206,0.9882760898282695,0.9934774981307227,0.0007947429404391008,0.0004154713336988709,0.8724450442761373,0.14126516274535816,0.9842445376134988,0.8194241160223731,173369,1211200
3,resnet18,scratch,gs20,adaptive,train,gs20,1337,subject_level,1.0,1.0,0.9994876905604526,0.0022774540089272165,0.010194987188689076,0.9995155054773497,0.990990990990991,0.9994876905604526,0.8283502882020238,222,49062
3,resnet18,scratch,gs20,adaptive,test,gs20,1337,slice_level,0.9844942748091603,0.990219465648855,0.9928563173490627,0.0008435244636453745,0.0006411348602216636,0.793171361353616,0.24859113434459418,0.959786743100798,0.8814011424582964,264752,838400
3,resnet18,scratch,gs20,adaptive,test,gs20,1337,subject_level,0.9855072463768116,1.0,0.9990617866101472,0.004078474597654481,0.03207358070041822,0.9984154342266207,0.9710144927536232,0.9990360175353893,0.9171597291187455,69,4692
3,resnet18,scratch,gs20,blind,train,raw,1337,slice_level,0.9319682959048877,0.9572324966974901,0.9998299905456987,7.813321512630467e-05,0.0001887513708725465,0.7328829451313759,0.21646891889553496,0.9964873708610058,0.9914372674577047,173369,1211200
3,resnet18,scratch,gs20,blind,train,raw,1337,subject_level,0.8738738738738738,0.9414414414414415,0.9999377499292562,0.00013357347196286864,0.004857739022521822,0.9870589832831487,0.8738738738738738,0.999909465914374,0.9944523092848143,222,49062
3,resnet18,scratch,gs20,blind,test,raw,1337,slice_level,0.9883110687022901,0.9918893129770993,0.9998805089391597,4.93779408795233e-05,0.00026680442673237046,0.7483288254673927,0.22964510183114764,0.9974840980412852,0.9918851725205438,264752,838400
3,resnet18,scratch,gs20,blind,test,raw,1337,subject_level,0.9565217391304348,0.9855072463768116,0.9999617217243582,0.00021201631297235903,0.015686455574156582,0.993860965936469,0.9420289855072463,0.9999528199002363,0.9941558494007903,69,4692
4,resnet18,scratch,gs20,adaptive,train,gs20,1337,slice_level,0.7725470763131813,0.8964321110009911,0.994154338114798,0.0004360857756570262,0.00039777859731723175,0.794997842779152,0.10341176812774497,0.9854205553092201,0.8275181616404622,171905,1210800
4,resnet18,scratch,gs20,adaptive,train,gs20,1337,subject_level,0.9324324324324325,0.972972972972973,0.999451518864245,0.0008878224604838604,0.00950352744585289,0.9956713164185342,0.9504504504504504,0.9993989805917483,0.8366329529444969,222,49062
4,resnet18,scratch,gs20,adaptive,test,gs20,1337,slice_level,0.9147555170921678,0.9675465166594548,0.9927812584392542,0.0005791741163376759,0.0005016730424183554,0.7343088951853507,0.13422237307513665,0.9653988281307249,0.90938699080531,335868,924400
4,resnet18,scratch,gs20,adaptive,test,gs20,1337,subject_level,0.9855072463768116,1.0,0.9994509496550629,0.0020397538724152937,0.02616357957215413,0.9982887925176371,0.9565217391304348,0.9994459169498389,0.9417418269067368,69,4692
4,resnet18,scratch,gs20,blind,train,raw,1337,slice_level,0.94400396432111,0.9676247109349191,0.9992310078891544,0.0003192648070064125,0.0001953546272965424,0.7172196419940499,0.2465955033303278,0.9939130122490791,0.9882345361968728,171905,1210800
4,resnet18,scratch,gs20,blind,train,raw,1337,subject_level,0.9234234234234234,0.972972972972973,0.9997998355208216,0.0004660930182482745,0.004883120088158427,0.9964317992934845,0.9504504504504504,0.9997791011591215,0.9939714131112892,222,49062
4,resnet18,scratch,gs20,blind,test,raw,1337,slice_level,0.9902639549978365,0.9943747295543055,0.9994436525540247,0.00020706173869140836,0.0002584552910949477,0.7486598334821084,0.2647796158014458,0.9942381575085867,0.9863874119546624,335868,924400
4,resnet18,scratch,gs20,blind,test,raw,1337,subject_level,1.0,1.0,0.9999160464259161,0.0007568209067634914,0.016185398551001064,0.9999938223556594,1.0,0.9999160464259161,0.9918041885127802,69,4692
0,resnet18,scratch,gs30,adaptive,train,gs30,1337,slice_level,0.3097637535106559,0.6003634561374525,0.9818681587409563,0.00047299045778278,0.00020929975064476212,0.8266426027875001,0.1524994607114068,0.9757635212760432,0.9658716561138265,176158,1210600
0,resnet18,scratch,gs30,adaptive,train,gs30,1337,subject_level,0.9773755656108597,0.995475113122172,0.9990435342443474,0.0008173223534320814,0.0052220858823154035,0.9994021881764762,0.9819004524886877,0.9990368555573856,0.9885151708349187,221,48620
0,resnet18,scratch,gs30,adaptive,test,gs30,1337,slice_level,0.4725372470535913,0.8216588837002446,0.9818945366566992,0.00047790481960982887,0.0002666485605640567,0.78113880248706,0.12160132462033331,0.9754959926908181,0.9688248796997294,305597,899400
0,resnet18,scratch,gs30,adaptive,test,gs30,1337,subject_level,1.0,1.0,0.9995989501476288,0.0010765509946005685,0.01572802641562053,0.9999911268855368,1.0,0.9995989501476288,0.9926052930315582,70,4830
0,resnet18,scratch,gs30,blind,train,raw,1337,slice_level,0.9981827193127375,0.9986783413183545,0.998602059465311,0.0004904899501847803,0.0001854177243543234,0.8550372386330218,0.44366988726030043,0.9950263645992214,0.9917150029785256,176158,1210600
0,resnet18,scratch,gs30,blind,train,raw,1337,subject_level,1.0,1.0,0.9998058970697326,0.000969553155596979,0.004750296473503113,0.9999999069336307,1.0,0.9998058970697326,0.9963723598746104,221,48620
0,resnet18,scratch,gs30,blind,test,raw,1337,slice_level,1.0,1.0,0.9989649019613515,0.000258686305523873,0.00024543591442516174,0.8660497749135792,0.46618258687094444,0.9952205179475271,0.99204523920602,305597,899400
0,resnet18,scratch,gs30,blind,test,raw,1337,subject_level,1.0,1.0,0.9999281917299543,0.0012288519314357213,0.014965168439916202,1.0,1.0,0.9999281917299543,0.996615952796324,70,4830
1,resnet18,scratch,gs30,adaptive,train,gs30,1337,slice_level,0.693476465730801,0.8972749793559042,0.9841302413176545,0.0006553090967293321,0.00027304773310879606,0.8635100624708227,0.1470055915669687,0.9768396646373914,0.9450697692083387,172939,1211000
1,resnet18,scratch,gs30,adaptive,train,gs30,1337,subject_level,1.0,1.0,0.9991241413004258,0.0014151712348558245,0.006795790764962521,0.9999278270305686,1.0,0.9991241413004258,0.9654913948107923,221,48620
1,resnet18,scratch,gs30,adaptive,test,gs30,1337,slice_level,0.8754239204160073,0.9726430024869998,0.9841749033802859,0.0006342372311042926,0.00031767670139940944,0.7849307512369834,0.19333083300963072,0.9733963259386703,0.9585946461974753,298628,884600
1,resnet18,scratch,gs30,adaptive,test,gs30,1337,subject_level,1.0,1.0,0.9995556831359863,0.0021284009729112896,0.017507805675268173,1.0,1.0,0.9995556831359863,0.9842716960556512,70,4830
1,resnet18,scratch,gs30,blind,train,raw,1337,slice_level,0.9960363336085879,0.9986787778695293,0.9989006303441514,0.0004383832240872497,0.00018490776014445053,0.8555605640393033,0.44250284782495564,0.9955894119609707,0.9922280197509746,172939,1211000
1,resnet18,scratch,gs30,blind,train,raw,1337,subject_level,1.0,1.0,0.9998380746776702,0.0009255085595592654,0.004752873040617726,1.0,1.0,0.9998380746776702,0.9963641960389915,221,48620
1,resnet18,scratch,gs30,blind,test,raw,1337,slice_level,1.0,1.0,0.9991162540603756,0.00024734073274954396,0.0002489883048490314,0.8258552299436734,0.4293937607993892,0.9952823369333876,0.9924681832330572,298628,884600
1,resnet18,scratch,gs30,blind,test,raw,1337,subject_level,1.0,1.0,0.999928605556488,0.001137549536568778,0.014896510780922004,1.0,1.0,0.999928605556488,0.9969473516965751,70,4830
2,resnet18,scratch,gs30,adaptive,train,gs30,1337,slice_level,0.8964492155243601,0.9592072667217176,0.9930192493683636,0.0007028565930493305,0.00040032002076269746,0.8359370255622629,0.13774598530015555,0.9833243129983794,0.815389982562952,172927,1211000
2,resnet18,scratch,gs30,adaptive,train,gs30,1337,subject_level,0.990990990990991,1.0,0.9994235632118879,0.0017271715778488298,0.009806188068830886,0.9972963516286252,0.9054054054054054,0.999416846949775,0.8221007529051624,222,49062
2,resnet18,scratch,gs30,adaptive,test,gs30,1337,slice_level,0.9477892756349953,0.9793038570084666,0.9923157683544751,0.0007623860495110671,0.0006209144266151411,0.7728271605165808,0.16857595402976278,0.9583380518331563,0.8746878121797476,271480,850400
2,resnet18,scratch,gs30,adaptive,test,gs30,1337,subject_level,0.9710144927536232,0.9710144927536232,0.9992129102997158,0.0033179029174472976,0.03125263048686843,0.9940015073452192,0.9565217391304348,0.9990200322607289,0.9144770175548872,69,4692
2,resnet18,scratch,gs30,blind,train,raw,1337,slice_level,0.9712634186622626,0.9813377374071016,0.9999159217176115,4.175541127249783e-05,0.00017131118487763203,0.7125100833252803,0.2798811059001775,0.9991501908758885,0.99862912532857,172927,1211000
2,resnet18,scratch,gs30,blind,train,raw,1337,subject_level,0.9324324324324325,0.9684684684684685,0.9999709628723763,7.524522575172218e-05,0.0045402669935143206,0.9962082817806188,0.9414414414414415,0.9999679077315975,0.9994140737131375,222,49062
2,resnet18,scratch,gs30,blind,test,raw,1337,slice_level,0.9971777986829727,0.9981185324553151,0.9999441252714715,2.355953487493133e-05,0.00024071386967917512,0.7588806255280972,0.30576101370266684,0.9992411483718647,0.9984612550039759,271480,850400
2,resnet18,scratch,gs30,blind,test,raw,1337,subject_level,1.0,1.0,0.999986455924269,0.00011170515115710272,0.014639408341136532,0.999962934133956,1.0,0.999986455924269,0.9992696965924716,69,4692
3,resnet18,scratch,gs30,adaptive,train,gs30,1337,slice_level,0.8285997357992074,0.9151254953764861,0.9926809389414843,0.00066744482029067,0.0004111340962075247,0.7937347588250557,0.10355945988037077,0.978453418086755,0.8238563407540366,173369,1211200
3,resnet18,scratch,gs30,adaptive,train,gs30,1337,subject_level,0.9504504504504504,0.990990990990991,0.9992830200238271,0.0012810922957755425,0.009684160788048495,0.9905253639355388,0.7522522522522522,0.9992480044429367,0.8383382116902458,222,49062
3,resnet18,scratch,gs30,adaptive,test,gs30,1337,slice_level,0.9184160305343512,0.9670801526717557,0.9921508238202971,0.0007760910075584441,0.0006015397970509011,0.7202894654489345,0.12101136157611651,0.9506939772351917,0.8844632992879949,264752,838400
3,resnet18,scratch,gs30,adaptive,test,gs30,1337,subject_level,0.927536231884058,0.9710144927536232,0.9990125946376635,0.0023182241812996244,0.029039954280723698,0.9941219714098619,0.9420289855072463,0.9989193289176278,0.9290100737504235,69,4692
3,resnet18,scratch,gs30,blind,train,raw,1337,slice_level,0.988110964332893,0.994220607661823,0.9995056447847359,0.0002303179181236257,0.00018117606090830026,0.7980062533539138,0.3498780058718687,0.9969646772634954,0.9942581668438555,173369,1211200
3,resnet18,scratch,gs30,blind,train,raw,1337,subject_level,0.990990990990991,1.0,0.9998996332959011,0.000498459682808266,0.004685947109382969,0.999957399003504,1.0,0.9998987405686766,0.9971076986769877,222,49062
3,resnet18,scratch,gs30,blind,test,raw,1337,slice_level,0.9988072519083969,0.9992843511450382,0.9996374679999497,0.00013034544771409217,0.0002569199487803444,0.7942523198813423,0.3568849338248625,0.9970619707312199,0.9946106229501399,264752,838400
3,resnet18,scratch,gs30,blind,test,raw,1337,subject_level,1.0,1.0,0.9999350551245869,0.0006091188693392104,0.015010886339713697,0.999663318383434,0.9855072463768116,0.9999350551245869,0.9974289007758037,69,4692
4,resnet18,scratch,gs30,adaptive,train,gs30,1337,slice_level,0.7053187974892633,0.8688470432771721,0.9928632920375939,0.0004513414043146744,0.00040209886186564204,0.7930249910164943,0.08213257322358279,0.9816752020321967,0.807965828027068,171905,1210800
4,resnet18,scratch,gs30,adaptive,train,gs30,1337,subject_level,0.9234234234234234,0.972972972972973,0.9993592787970293,0.0009587283607001777,0.00956570112087705,0.9956065886113581,0.8918918918918919,0.9993254545035662,0.8199492098601777,222,49062
4,resnet18,scratch,gs30,adaptive,test,gs30,1337,slice_level,0.857853742968412,0.9517524881003895,0.9913819390347075,0.0005966130400673748,0.000544974393026834,0.7163920499205563,0.13340955375326022,0.9571246189365337,0.8959252537305623,335868,924400
4,resnet18,scratch,gs30,adaptive,test,gs30,1337,subject_level,0.9565217391304348,1.0,0.9992203539696293,0.0020687476448390794,0.028227148739540058,0.9971613724254668,0.8840579710144928,0.9992117121599723,0.9340964282997022,69,4692
4,resnet18,scratch,gs30,blind,train,raw,1337,slice_level,0.9935579781962339,0.9978526593987447,0.99969577005605,0.00012948804851566008,0.0001737991069672701,0.8164488843786472,0.3915534743026672,0.9985322640622523,0.997382743822778,171905,1210800
4,resnet18,scratch,gs30,blind,train,raw,1337,subject_level,1.0,1.0,0.9999454668513289,0.00027552569234693373,0.004580169171514409,0.9997001863059096,0.9954954954954955,0.9999454668513289,0.9987719590004179,222,49062
4,resnet18,scratch,gs30,blind,test,raw,1337,slice_level,0.9993509303331891,1.0,0.9997716869615673,7.439018172755587e-05,0.00022506629494729635,0.8269994769347659,0.37785379970702776,0.9984762036796977,0.9970669869801303,335868,924400
4,resnet18,scratch,gs30,blind,test,raw,1337,subject_level,1.0,1.0,0.9999713344850402,0.00035670097323431486,0.014803532133067863,0.9999351347344231,1.0,0.9999713344850402,0.9984583026663625,69,4692
0,resnet18,scratch,gs40,adaptive,train,gs40,1337,slice_level,0.2469849661324963,0.5352717660664134,0.981444933415247,0.00048604860160836457,0.00022741098262320166,0.827631435272726,0.13484485518682093,0.9747472516523682,0.9588029186212187,176158,1210600
0,resnet18,scratch,gs40,adaptive,train,gs40,1337,subject_level,0.9547511312217195,0.9909502262443439,0.9990080808082856,0.0006859725956463706,0.005667417314392409,0.9991834356753174,0.9864253393665159,0.9989996849142049,0.9818938969364386,221,48620
0,resnet18,scratch,gs40,adaptive,test,gs40,1337,slice_level,0.387369357349344,0.7509450744941072,0.9813808621712359,0.0004759775364905271,0.0002723384237224752,0.7574523256719037,0.10232103063838978,0.9739174916461365,0.9667025785338674,305597,899400
0,resnet18,scratch,gs40,adaptive,test,gs40,1337,subject_level,1.0,1.0,0.9995677428586143,0.0011269969599587576,0.015850392622607096,0.9999822537710736,1.0,0.9995677428586143,0.9920097770404618,70,4830
0,resnet18,scratch,gs40,blind,train,raw,1337,slice_level,0.9962002312902692,0.9976870973071205,0.9984581314412578,0.0005496651323180779,0.00018957110769111926,0.8394596934114875,0.411017382122867,0.9942339140871965,0.9899709983745351,176158,1210600
0,resnet18,scratch,gs40,blind,train,raw,1337,subject_level,0.995475113122172,1.0,0.9997790739007665,0.0010360395746533148,0.004816660113902384,0.9999977664071356,1.0,0.9997785533715158,0.9953520390684347,221,48620
0,resnet18,scratch,gs40,blind,test,raw,1337,slice_level,1.0,1.0,0.9988640041809388,0.0002965373889006109,0.0002507685568481986,0.8413238600040335,0.4247783846045609,0.9943972925952013,0.9903862654702223,305597,899400
0,resnet18,scratch,gs40,blind,test,raw,1337,subject_level,1.0,1.0,0.999917540379933,0.0012975420270647322,0.015148528572171926,1.0,1.0,0.999917540379933,0.9957260240062177,70,4830
1,resnet18,scratch,gs40,adaptive,train,gs40,1337,slice_level,0.44360033030553264,0.6908340214698596,0.9895540654019419,0.0003840094553745059,0.0003977365177757284,0.7678920011241608,0.08652183717958355,0.9695656531576275,0.8691457325741834,172939,1211000
1,resnet18,scratch,gs40,adaptive,train,gs40,1337,subject_level,0.755656108597285,0.8506787330316742,0.9990349805732658,0.0006190573467927821,0.009340537513913881,0.9614567492661718,0.4072398190045249,0.9987329630290761,0.892124279561184,221,48620
1,resnet18,scratch,gs40,adaptive,test,gs40,1337,slice_level,0.6708116662898486,0.87519782952747,0.9893086713524175,0.00045617457404277886,0.0004665682675319983,0.680126122856578,0.059448544677659164,0.9541534997560455,0.9116858723767063,298628,884600
1,resnet18,scratch,gs40,adaptive,test,gs40,1337,subject_level,0.8857142857142857,0.9428571428571428,0.9993903304849352,0.0013953055654253278,0.023009291663765908,0.9932061520260278,0.8571428571428571,0.9992644735745021,0.9552285413317552,70,4830
1,resnet18,scratch,gs40,blind,train,raw,1337,slice_level,0.9767134599504542,0.9872832369942196,0.9998479621160336,6.10903311523891e-05,0.00017494943367021617,0.7504429830699435,0.28843118093663084,0.9987573688204598,0.9970530853197163,172939,1211000
1,resnet18,scratch,gs40,blind,train,raw,1337,subject_level,0.9457013574660633,0.9638009049773756,0.9999631999304931,0.00010854221577018634,0.004637440049186417,0.9936665078333963,0.9457013574660633,0.9999572383871985,0.9982202596364812,221,48620
1,resnet18,scratch,gs40,blind,test,raw,1337,slice_level,0.9984173637802397,0.9986434546687768,0.9998795439047213,3.950696387173443e-05,0.00023476345182142533,0.7040025188989945,0.26802911984140804,0.9983595977650167,0.9973765776708146,298628,884600
1,resnet18,scratch,gs40,blind,test,raw,1337,subject_level,0.9857142857142858,1.0,0.9999793376241412,0.00015058858054024834,0.014512897415884903,0.9986749482401657,0.9857142857142858,0.9999785372189113,0.9988535638304724,70,4830
2,resnet18,scratch,gs40,adaptive,train,gs40,1337,slice_level,0.47762180016515277,0.7073492981007432,0.990637818434138,0.0004102811057345125,0.00035000765477660907,0.773291034571482,0.09595378396664489,0.9722875375700584,0.9145362104811174,172927,1211000
2,resnet18,scratch,gs40,adaptive,train,gs40,1337,subject_level,0.8738738738738738,0.9234234234234234,0.9991890076581422,0.0007304661982768291,0.008182930888037558,0.9736895694765331,0.46396396396396394,0.9990024819030418,0.9375655537670947,222,49062
2,resnet18,scratch,gs40,adaptive,test,gs40,1337,slice_level,0.6780338664158043,0.8889934148635936,0.9916339422298397,0.0003822117707466922,0.0004342663443568693,0.7133835320400103,0.06878591424782672,0.9703672865908733,0.9326368997556876,271480,850400
2,resnet18,scratch,gs40,adaptive,test,gs40,1337,subject_level,0.9710144927536232,1.0,0.9995460173358088,0.001101418681766676,0.02213718391199043,0.997266392379258,0.9420289855072463,0.9995288252830505,0.9615897085431897,69,4692
2,resnet18,scratch,gs40,blind,train,raw,1337,slice_level,0.9710982658959537,0.9829892650701899,0.9998549753038672,5.604710882109714e-05,0.00017221302059759763,0.7482334595209712,0.2900472453694333,0.999012102845098,0.9981928086398949,172927,1211000
2,resnet18,scratch,gs40,blind,train,raw,1337,subject_level,0.9594594594594594,0.990990990990991,0.9999647191515914,9.600106660310212e-05,0.004559090885392449,0.9979968809460066,0.972972972972973,0.9999619155853718,0.9991152450162283,222,49062
2,resnet18,scratch,gs40,blind,test,raw,1337,slice_level,0.998824082784572,0.9992944496707432,0.9999015848673635,3.294758884164374e-05,0.0002412919737455025,0.7791280074598234,0.3014328864004715,0.9991748371643031,0.9982487817961628,271480,850400
2,resnet18,scratch,gs40,blind,test,raw,1337,subject_level,1.0,1.0,0.9999877378560494,0.00012855253357818162,0.014676264946119509,0.9999938223556594,1.0,0.9999877378560494,0.9990910322033028,69,4692
3,resnet18,scratch,gs40,adaptive,train,gs40,1337,slice_level,0.5492073976221928,0.8053170409511229,0.9836044302763838,0.0005825922444285615,0.00023790107792582996,0.8397638011769789,0.20805911091371584,0.9766462228639637,0.957774175564799,173369,1211200
3,resnet18,scratch,gs40,adaptive,train,gs40,1337,subject_level,0.990990990990991,0.9954954954954955,0.9991035386248752,0.0012188693424602887,0.005862990717260956,0.9994448557644107,0.9819819819819819,0.9991004727445207,0.9792570875773325,222,49062
3,resnet18,scratch,gs40,adaptive,test,gs40,1337,slice_level,0.7461832061068703,0.9460877862595419,0.9837569316123961,0.0005761406718547108,0.0003014583162994938,0.7985655494312957,0.2010069801172418,0.9759757622199318,0.9671017698257565,264752,838400
3,resnet18,scratch,gs40,adaptive,test,gs40,1337,subject_level,1.0,1.0,0.9995497689730879,0.0016902719718822534,0.016481990507547405,0.9993513473442307,0.9855072463768116,0.9995497689730879,0.9902125139421413,69,4692
3,resnet18,scratch,gs40,blind,train,raw,1337,slice_level,0.9952113606340819,0.9973579920739762,0.999097177982724,0.00037266255960439283,0.00019006119189802616,0.8392934165696798,0.4401363565574007,0.9952203598643588,0.9903922799894957,173369,1211200
3,resnet18,scratch,gs40,blind,train,raw,1337,subject_level,0.990990990990991,1.0,0.9998426056122994,0.0008906783821346524,0.004836135243929856,0.9999781486267972,1.0,0.9998413289452458,0.9947782377044811,222,49062
3,resnet18,scratch,gs40,blind,test,raw,1337,slice_level,0.9992843511450382,0.9992843511450382,0.9993062569752676,0.00021880525270946154,0.0002705270182892866,0.852359873329767,0.4628369190789871,0.9955939303939725,0.990527629519507,264752,838400
3,resnet18,scratch,gs40,blind,test,raw,1337,subject_level,1.0,1.0,0.9999104496361553,0.0011245236880537393,0.015574371239737324,0.9999969111778297,1.0,0.9999104496361553,0.9947236678662305,69,4692
4,resnet18,scratch,gs40,adaptive,train,gs40,1337,slice_level,0.5341922695738355,0.7804757185332012,0.9844116929993599,0.000599003080334016,0.0003195979622769604,0.8281853249926656,0.20836508536691778,0.9725752337718626,0.933105928488088,171905,1210800
4,resnet18,scratch,gs40,adaptive,train,gs40,1337,subject_level,0.9504504504504504,0.9864864864864865,0.9989760029423345,0.0012408792972564697,0.007481643634319708,0.9977985659623179,0.954954954954955,0.9989419501643997,0.9574475790077511,222,49062
4,resnet18,scratch,gs40,adaptive,test,gs40,1337,slice_level,0.7557334487234963,0.9439636520986586,0.9844203262760339,0.0006210892580123961,0.00034046187165283126,0.7919499701219137,0.17500327509616873,0.9707979243101184,0.9493096392798068,335868,924400
4,resnet18,scratch,gs40,adaptive,test,gs40,1337,subject_level,1.0,1.0,0.9995586725248806,0.0022080523380334826,0.019690946176432182,0.999981467066978,1.0,0.9995586725248806,0.9758088158575369,69,4692
4,resnet18,scratch,gs40,blind,train,raw,1337,slice_level,0.9925668979187314,0.9965312190287413,0.9994535354899226,0.0002112343518459092,0.0001776852698231214,0.8018935796695779,0.35732526686251126,0.9975734472760203,0.995565121304853,171905,1210800
4,resnet18,scratch,gs40,blind,train,raw,1337,subject_level,0.9954954954954955,1.0,0.9999091609104259,0.0003878823271742812,0.0046364255543160544,0.9999393119424916,1.0,0.9999089896141946,0.9978680246470926,222,49062
4,resnet18,scratch,gs40,blind,test,raw,1337,slice_level,0.9997836434443964,0.9997836434443964,0.9995844646843416,0.00012395831734935014,0.0002305893633060366,0.8021046699613148,0.34734776757535696,0.9974555341791266,0.9951405199190617,335868,924400
4,resnet18,scratch,gs40,blind,test,raw,1337,subject_level,1.0,1.0,0.9999622970387556,0.0005060028338777846,0.015001074950872124,1.0,1.0,0.9999622970387556,0.9974935127569892,69,4692
0,resnet18,scratch,gs50,adaptive,train,gs50,1337,slice_level,0.3005121427391376,0.5653395010738477,0.992911336403454,0.0002628526430809063,0.00040304861408000184,0.7372202209351705,0.0794911386369055,0.9819334720693363,0.8630945180963577,176158,1210600
0,resnet18,scratch,gs50,adaptive,train,gs50,1337,subject_level,0.7782805429864253,0.8778280542986425,0.999387695778549,0.0004000221442313216,0.009347077562343077,0.9717016348038439,0.7782805429864253,0.9992189385772291,0.8722364934076257,221,48620
0,resnet18,scratch,gs50,adaptive,test,gs50,1337,slice_level,0.44874360684901043,0.7613964865465866,0.9909231345309452,0.00034737862664804424,0.000392757876126801,0.6538323366861751,0.0626576831578844,0.9668346203814445,0.944377070251858,305597,899400
0,resnet18,scratch,gs50,adaptive,test,gs50,1337,subject_level,0.9,0.9714285714285714,0.9994517590318407,0.001241302490234375,0.019243064070386545,0.9908991422656019,0.9,0.9993624482836042,0.9763713119069488,70,4830
0,resnet18,scratch,gs50,blind,train,raw,1337,slice_level,0.9748884850487362,0.9849661324962828,0.9990108595413549,0.00042381699018669033,0.0002088780197528093,0.7643962331689388,0.314615288547781,0.9920870307893227,0.9827095774518702,176158,1210600
0,resnet18,scratch,gs50,blind,train,raw,1337,subject_level,0.9411764705882353,0.9592760180995475,0.9997370402198033,0.0007272632413320412,0.005172653252267325,0.9939086665264466,0.9502262443438914,0.9996791198782252,0.9898515227644201,221,48620
0,resnet18,scratch,gs50,blind,test,raw,1337,slice_level,0.9982210362463865,0.9986657771847899,0.9993405383322964,0.0002330218205484836,0.00027304603864614037,0.7925381619977191,0.3421761339280163,0.9934826048100337,0.9842000817332714,305597,899400
0,resnet18,scratch,gs50,blind,test,raw,1337,subject_level,1.0,1.0,0.9998978614807129,0.001072760990687779,0.016147673981530327,0.9999911268855369,1.0,0.9998978614807129,0.9908376829717964,70,4830
1,resnet18,scratch,gs50,adaptive,train,gs50,1337,slice_level,0.16184971098265896,0.38298926507018993,0.9836338345715077,0.0004066249046514686,0.00024509444478749276,0.7914762458282485,0.09503929131080902,0.9757988065644381,0.9545400153205081,172939,1211000
1,resnet18,scratch,gs50,adaptive,train,gs50,1337,subject_level,0.9140271493212669,0.9728506787330317,0.9991107855447278,0.000419775824741001,0.006031189054857552,0.9970748309449401,0.9502262443438914,0.9990913115475513,0.9764248580206377,221,48620
1,resnet18,scratch,gs50,adaptive,test,gs50,1337,slice_level,0.3120054261813249,0.6203933981460548,0.9834870169962151,0.00042768952373786664,0.00028257526693746266,0.6930040149613494,0.08242361734331677,0.9741301653253254,0.9673516563066874,298628,884600
1,resnet18,scratch,gs50,adaptive,test,gs50,1337,subject_level,1.0,1.0,0.9995818597929819,0.0009101603712354388,0.01578520733330931,0.9999763383614315,1.0,0.9995818597929819,0.9923292266656153,70,4830
1,resnet18,scratch,gs50,blind,train,raw,1337,slice_level,0.9953757225433526,0.9983484723369116,0.9987763862586237,0.0004130787538359915,0.0001823416926759056,0.847731741640868,0.39989823001173824,0.9959092518538132,0.9930886262945653,172939,1211000
1,resnet18,scratch,gs50,blind,train,raw,1337,subject_level,1.0,1.0,0.9998492439408108,0.0007628925245811497,0.004715626079555416,0.9999998138672613,1.0,0.9998492439408108,0.9969334261008419,221,48620
1,resnet18,scratch,gs50,blind,test,raw,1337,slice_level,1.0,1.0,0.9989740503688703,0.00024597295236727674,0.0002458042441705421,0.8086315615046696,0.3729456045648767,0.9955822528839696,0.9932377576735018,298628,884600
1,resnet18,scratch,gs50,blind,test,raw,1337,subject_level,1.0,1.0,0.999931423153196,0.0008746291909899031,0.014790765142866544,1.0,1.0,0.999931423153196,0.9974572723326476,70,4830
2,resnet18,scratch,gs50,adaptive,train,gs50,1337,slice_level,0.2792733278282411,0.5415359207266722,0.9867608371792895,0.00038937979941521667,0.00028902620598550774,0.7973101758326808,0.08909539863641884,0.9764171882948476,0.9397176948631233,172927,1211000
2,resnet18,scratch,gs50,adaptive,train,gs50,1337,subject_level,0.8738738738738738,0.9504504504504504,0.9991533114566459,0.0005266698631080421,0.0070512191967216425,0.9915641763813465,0.8423423423423423,0.9990755418936411,0.959775982011784,222,49062
2,resnet18,scratch,gs50,adaptive,test,gs50,1337,slice_level,0.43626528692380057,0.7704609595484478,0.9867641957772866,0.0003950584781472681,0.0003553167035916438,0.7530016344829138,0.07940916457934286,0.975037351518944,0.95302485830402,271480,850400
2,resnet18,scratch,gs50,adaptive,test,gs50,1337,subject_level,0.9420289855072463,1.0,0.9995548595552859,0.0010560146276501641,0.01906731311717759,0.9987057835106317,0.9565217391304348,0.9995412420535433,0.9775385636477417,69,4692
2,resnet18,scratch,gs50,blind,train,raw,1337,slice_level,0.9834847233691164,0.9920726672171759,0.9995575910358759,0.00015442306398853205,0.00017501667361959514,0.7923816189350927,0.33817738120709895,0.9981810923563026,0.9967544166417677,172927,1211000
2,resnet18,scratch,gs50,blind,train,raw,1337,subject_level,0.9954954954954955,0.9954954954954955,0.9999304429904835,0.0002552399764189849,0.004601571677454017,0.9997768956433504,0.990990990990991,0.9999300058897551,0.9984240786111591,222,49062
2,resnet18,scratch,gs50,blind,test,raw,1337,slice_level,0.9983537158984007,1.0,0.9996743610554558,9.629461188868094e-05,0.000245618083434354,0.8083911858780332,0.35765433917784,0.9982892567055012,0.9967584696242469,271480,850400
2,resnet18,scratch,gs50,blind,test,raw,1337,subject_level,1.0,1.0,0.9999719339868297,0.0003192398859106976,0.01480208721983692,1.0,1.0,0.9999719339868297,0.9984653301962603,69,4692
3,resnet18,scratch,gs50,adaptive,train,gs50,1337,slice_level,0.1940224570673712,0.44138044914134744,0.9826143309769259,0.0004437707433454899,0.00025350499589596627,0.7969561281825038,0.0962282761047246,0.9749098111223092,0.9505768091143496,173369,1211200
3,resnet18,scratch,gs50,adaptive,train,gs50,1337,subject_level,0.9279279279279279,0.9774774774774775,0.9990653003658261,0.0005891502977491499,0.006200573545553394,0.9972773005364421,0.9414414414414415,0.9990469867044741,0.9734515472988412,222,49062
3,resnet18,scratch,gs50,adaptive,test,gs50,1337,slice_level,0.3549618320610687,0.6903625954198473,0.9823989477719515,0.0004686339552165898,0.00030583369330470166,0.7258003049968309,0.09093038012932858,0.9732949399018588,0.9643963101283001,264752,838400
3,resnet18,scratch,gs50,adaptive,test,gs50,1337,subject_level,0.9855072463768116,1.0,0.9994841252548107,0.0009314305540444194,0.01647315854611604,0.9975351199080766,0.9565217391304348,0.9994810042173966,0.9900301282896715,69,4692
3,resnet18,scratch,gs50,blind,train,raw,1337,slice_level,0.9960369881109643,0.9975231175693527,0.9995134945176394,0.00021165500110805114,0.0001778853695725727,0.8316360199102245,0.3954570886375304,0.9975820105793379,0.995582416338632,173369,1211200
3,resnet18,scratch,gs50,blind,train,raw,1337,subject_level,0.990990990990991,1.0,0.9999188163259007,0.00045178548709766284,0.004638492295451395,0.9999911400944786,1.0,0.9999181228178041,0.9978496633343407,222,49062
3,resnet18,scratch,gs50,blind,test,raw,1337,slice_level,0.9995229007633588,0.9995229007633588,0.9996338720710678,0.00011753495640427102,0.000252968361439885,0.8447433990787273,0.4201554662476582,0.9977708099276096,0.9957106070659827,264752,838400
3,resnet18,scratch,gs50,blind,test,raw,1337,subject_level,1.0,1.0,0.9999594757522362,0.000563109266585198,0.014927187138169573,1.0,1.0,0.9999594757522362,0.9978526181399263,69,4692
4,resnet18,scratch,gs50,adaptive,train,gs50,1337,slice_level,0.4317806408985794,0.6719524281466799,0.9925368741809396,0.0003378246438593844,0.0004291801797218764,0.7495308451479994,0.06402955120560774,0.9753892604847936,0.7976685870482134,171905,1210800
4,resnet18,scratch,gs50,adaptive,train,gs50,1337,subject_level,0.7837837837837838,0.8918918918918919,0.9992819729152026,0.0005599834897496679,0.009512246689163483,0.9836559073443016,0.7567567567567568,0.9991353395822886,0.8143085687611505,222,49062
4,resnet18,scratch,gs50,adaptive,test,gs50,1337,slice_level,0.6174816096927737,0.8550411077455647,0.9902279018349898,0.0005513963272230081,0.0006001618562485057,0.6802826022730813,0.06716626770040611,0.9433765640439249,0.8791351464202798,335868,924400
4,resnet18,scratch,gs50,adaptive,test,gs50,1337,subject_level,0.9130434782608695,0.9710144927536232,0.9990926065306732,0.0016007008759871774,0.028567138816351475,0.9878840950368806,0.8260869565217391,0.9989024132922075,0.9297069262741776,69,4692
4,resnet18,scratch,gs50,blind,train,raw,1337,slice_level,0.9887677568549719,0.9948794185662372,0.999652685418474,0.00014338184789261253,0.0001753703369548268,0.8141214873104241,0.38054739536371834,0.9982356534967151,0.9967044214126022,171905,1210800
4,resnet18,scratch,gs50,blind,train,raw,1337,subject_level,1.0,1.0,0.9999376430704787,0.00033406899856017517,0.004606666565696533,0.9999940321879908,1.0,0.9999376430704787,0.9983563270579442,222,49062
4,resnet18,scratch,gs50,blind,test,raw,1337,slice_level,0.9997836434443964,1.0,0.9997420527495537,8.5163315051255e-05,0.00022719641302579576,0.8243479553918993,0.36619147998618506,0.9981972091497556,0.9963655738951659,335868,924400
4,resnet18,scratch,gs50,blind,test,raw,1337,subject_level,1.0,1.0,0.9999707418939342,0.0003992889238440472,0.014902818205671898,0.999990733533489,1.0,0.9999707418939342,0.9979783249328203,69,4692
