fold,arch,init,train_condition,attacker_type,eval_split,eval_condition,seed,k_gallery,k_probe,level,rank1,rank5,top1_sim,margin,p_top1,auc,tar_at_far_1pct,mean_sim_same,mean_sim_diff,n_pos_pairs,n_neg_pairs
0,densenet121,pretrained,raw,adaptive,train,raw,1337,1,1,slice_level,0.43891402714932126,0.6334841628959276,0.8962252193986021,0.017088467179380392,0.02743495558704591,0.9356741262463913,0.38461538461538464,0.8785033010249763,0.6909499729171867,221,44200
0,densenet121,pretrained,raw,adaptive,train,raw,1337,1,1,subject_level,0.43891402714932126,0.6334841628959276,0.8962252795426554,0.017088470685535966,0.027434957011421613,0.9352478636614915,0.38461538461538464,0.878503359550804,0.6914031957333248,221,48620
0,densenet121,pretrained,raw,adaptive,test,raw,1337,1,1,slice_level,0.5142857142857142,0.7428571428571429,0.8791086213929312,0.017281543357031685,0.07195684441498347,0.9120141969831411,0.42857142857142855,0.861070087977818,0.7148368259579498,70,4830
0,densenet121,pretrained,raw,adaptive,test,raw,1337,1,1,subject_level,0.5142857142857142,0.7428571428571429,0.8791086724826268,0.017281524624143327,0.07195683366486004,0.9120141969831411,0.42857142857142855,0.8610701390675136,0.7148368754865714,70,4830
1,densenet121,pretrained,raw,adaptive,train,raw,1337,1,1,slice_level,0.48868778280542985,0.665158371040724,0.8998713401647714,0.01641957954044256,0.02677469280426184,0.9311346512151675,0.3891402714932127,0.8832198610672584,0.6884752299633231,221,44200
1,densenet121,pretrained,raw,adaptive,train,raw,1337,1,1,subject_level,0.48868778280542985,0.665158371040724,0.8998713862842025,0.016419562549073233,0.026774688754483585,0.9309538279128378,0.3891402714932127,0.883219918514269,0.6884285915282861,221,48620
1,densenet121,pretrained,raw,adaptive,test,raw,1337,1,1,slice_level,0.5571428571428572,0.7428571428571429,0.8697246423789433,0.027233533348355973,0.08092821000942162,0.8909849157054126,0.45714285714285713,0.8456747702189854,0.7175484886574203,70,4830
1,densenet121,pretrained,raw,adaptive,test,raw,1337,1,1,subject_level,0.5571428571428572,0.7428571428571429,0.869724690914154,0.027233546120779856,0.08092819643872125,0.8909849157054126,0.45714285714285713,0.8456748110907418,0.7175485346504867,70,4830
2,densenet121,pretrained,raw,adaptive,train,raw,1337,1,1,slice_level,0.4189189189189189,0.6261261261261262,0.8462075838097581,0.020967242954013584,0.0264844526830423,0.9202461245028812,0.4954954954954955,0.8214601136005677,0.7131944661916376,222,44400
2,densenet121,pretrained,raw,adaptive,train,raw,1337,1,1,subject_level,0.4189189189189189,0.6261261261261262,0.8462076420719559,0.020967256646972517,0.026484458275172894,0.9200625353248564,0.4954954954954955,0.8214601611231899,0.7132573864828927,222,49062
2,densenet121,pretrained,raw,adaptive,test,raw,1337,1,1,slice_level,0.4927536231884058,0.6956521739130435,0.8379394386125647,0.02292844523554263,0.061810460319553596,0.8880610845472404,0.34782608695652173,0.8166055083274841,0.7240205118265908,69,4692
2,densenet121,pretrained,raw,adaptive,test,raw,1337,1,1,subject_level,0.4927536231884058,0.6956521739130435,0.8379394904426907,0.022928459920744965,0.061810468525990196,0.8880610845472404,0.34782608695652173,0.8166055748428124,0.7240205555265009,69,4692
3,densenet121,pretrained,raw,adaptive,train,raw,1337,1,1,slice_level,0.4774774774774775,0.6171171171171171,0.8302527835240235,0.025035718271324225,0.02612903876951686,0.9172172510348187,0.46396396396396394,0.8049515577049943,0.6981448442925204,222,44400
3,densenet121,pretrained,raw,adaptive,train,raw,1337,1,1,subject_level,0.4774774774774775,0.6171171171171171,0.8302528267508155,0.025035714243983362,0.026129041232067992,0.917384548545121,0.4594594594594595,0.8049515974414241,0.698123385584178,222,49062
3,densenet121,pretrained,raw,adaptive,test,raw,1337,1,1,slice_level,0.5652173913043478,0.7971014492753623,0.8220597436462623,0.03038862390794616,0.06732207839039789,0.9138095061591115,0.4782608695652174,0.802151223887568,0.7058286557366272,69,4692
3,densenet121,pretrained,raw,adaptive,test,raw,1337,1,1,subject_level,0.5652173913043478,0.7971014492753623,0.8220597842465276,0.030388601448224938,0.06732207558293274,0.9138095061591114,0.4782608695652174,0.8021512705346813,0.7058286970609899,69,4692
4,densenet121,pretrained,raw,adaptive,train,raw,1337,1,1,slice_level,0.45045045045045046,0.6621621621621622,0.9196609409005793,0.011728949911959536,0.021966314920736058,0.9279354354354356,0.32882882882882886,0.9057939747969309,0.711015424729736,222,44400
4,densenet121,pretrained,raw,adaptive,train,raw,1337,1,1,subject_level,0.45045045045045046,0.6621621621621622,0.9196609964778831,0.011728950180448927,0.02196631497107782,0.9280305742944852,0.32882882882882886,0.9057940365494909,0.7105975963029815,222,49062
4,densenet121,pretrained,raw,adaptive,test,raw,1337,1,1,slice_level,0.4492753623188406,0.6521739130434783,0.9009124152902244,0.014344418394392815,0.06462690655304038,0.8496793802587198,0.2898550724637681,0.8672457250995912,0.7381485017351583,69,4692
4,densenet121,pretrained,raw,adaptive,test,raw,1337,1,1,subject_level,0.4492753623188406,0.6521739130434783,0.9009124999460967,0.014344416666721952,0.06462691902466443,0.8496793802587198,0.2898550724637681,0.8672458019809447,0.7381485532095874,69,4692
0,densenet121,pretrained,gs0,adaptive,train,gs0,1337,1,1,slice_level,0.3755656108597285,0.5656108597285068,0.8337279283083402,0.01886231084754564,0.029966145437800778,0.9254895477160583,0.4117647058823529,0.8045613048303181,0.6727756353457589,221,44200
0,densenet121,pretrained,gs0,adaptive,train,gs0,1337,1,1,subject_level,0.3755656108597285,0.5656108597285068,0.8337279728095456,0.01886231408399694,0.029966147498510003,0.9254600735968849,0.4072398190045249,0.8045613555347219,0.6727945044244429,221,48620
0,densenet121,pretrained,gs0,adaptive,test,gs0,1337,1,1,slice_level,0.38571428571428573,0.6857142857142857,0.8188309959002904,0.01817158375467573,0.06755050000335489,0.9093404318249039,0.35714285714285715,0.7954022867338998,0.687065256221941,70,4830
0,densenet121,pretrained,gs0,adaptive,test,gs0,1337,1,1,subject_level,0.38571428571428573,0.6857142857142857,0.8188310623168945,0.018171607596533638,0.06755052033279624,0.9093404318249039,0.35714285714285715,0.7954023386750902,0.6870653012586183,70,4830
0,densenet121,pretrained,gs0,blind,train,raw,1337,1,1,slice_level,0.3891402714932127,0.5384615384615384,0.9841500485644621,0.0040168044793659746,0.0068308284898115764,0.8747904936426363,0.3257918552036199,0.9772235842851492,0.954317171959316,221,44200
0,densenet121,pretrained,gs0,blind,train,raw,1337,1,1,subject_level,0.3891402714932127,0.5384615384615384,0.9841501243513634,0.004016811221972849,0.006830828397100732,0.8747299213961445,0.3257918552036199,0.9772236660055446,0.9543350927369284,221,48620
0,densenet121,pretrained,gs0,blind,test,raw,1337,1,1,slice_level,0.5571428571428572,0.6857142857142857,0.9826193426336561,0.0052865845816476,0.021247417320098196,0.8432948831706595,0.4142857142857143,0.9762553478990282,0.9535472886409325,70,4830
0,densenet121,pretrained,gs0,blind,test,raw,1337,1,1,subject_level,0.5571428571428572,0.6857142857142857,0.9826194439615522,0.005286582027162825,0.021247419315789426,0.8432948831706596,0.4142857142857143,0.9762554441179548,0.9535473830458047,70,4830
1,densenet121,pretrained,gs0,adaptive,train,gs0,1337,1,1,slice_level,0.37104072398190047,0.5701357466063348,0.8120021105352031,0.018835448301755466,0.025865159195540176,0.8932771134907147,0.45248868778280543,0.7787262338858384,0.6785338071764054,221,44200
1,densenet121,pretrained,gs0,adaptive,train,gs0,1337,1,1,subject_level,0.37104072398190047,0.5701357466063348,0.8120021517999572,0.01883544425619134,0.025865159191326047,0.8929102970492377,0.45248868778280543,0.7787262816234951,0.6786818459997791,221,48620
1,densenet121,pretrained,gs0,adaptive,test,gs0,1337,1,1,slice_level,0.4857142857142857,0.6285714285714286,0.7972548799855369,0.026023727655410767,0.07073055492447955,0.8654244306418218,0.4142857142857143,0.7672112192426409,0.6761448389378146,70,4830
1,densenet121,pretrained,gs0,adaptive,test,gs0,1337,1,1,subject_level,0.4857142857142857,0.6285714285714286,0.7972549174513136,0.02602372680391584,0.07073054710136993,0.865424430641822,0.4142857142857143,0.7672112558569227,0.6761448824010774,70,4830
1,densenet121,pretrained,gs0,blind,train,raw,1337,1,1,slice_level,0.38461538461538464,0.5656108597285068,0.974188963751987,0.0053179229007047765,0.008365196932309488,0.8792116766650969,0.3167420814479638,0.9637433964742255,0.9291447333903874,221,44200
1,densenet121,pretrained,gs0,blind,train,raw,1337,1,1,subject_level,0.38461538461538464,0.5656108597285068,0.9741890384600713,0.005317907527561102,0.00836519677427964,0.8798357285514592,0.3167420814479638,0.9637434711823096,0.9290224352794044,221,48620
1,densenet121,pretrained,gs0,blind,test,raw,1337,1,1,slice_level,0.44285714285714284,0.6285714285714286,0.9709941795894078,0.008947804995945522,0.026270051460180965,0.8574430641821946,0.34285714285714286,0.9599147055830274,0.9261931419619369,70,4830
1,densenet121,pretrained,gs0,blind,test,raw,1337,1,1,subject_level,0.44285714285714284,0.6285714285714286,0.9709942562239511,0.008947811807904925,0.026270053615527495,0.8574415853297841,0.34285714285714286,0.9599147754056113,0.9261932159309308,70,4830
2,densenet121,pretrained,gs0,adaptive,train,gs0,1337,1,1,slice_level,0.36936936936936937,0.6036036036036037,0.8179082636897629,0.01906435070811091,0.02564865698081416,0.9047278021264508,0.4369369369369369,0.7868095096704122,0.6848925800500689,222,44400
2,densenet121,pretrained,gs0,adaptive,train,gs0,1337,1,1,subject_level,0.36936936936936937,0.6036036036036037,0.8179083090644699,0.019064348291706393,0.025648659057411795,0.9047147918372084,0.4369369369369369,0.7868095588039707,0.6849319207360209,222,49062
2,densenet121,pretrained,gs0,adaptive,test,gs0,1337,1,1,slice_level,0.463768115942029,0.6811594202898551,0.8045934559642405,0.02030055332874906,0.062463313503109893,0.8708316344811396,0.3188405797101449,0.7803435895753943,0.6918380757554007,69,4692
2,densenet121,pretrained,gs0,adaptive,test,gs0,1337,1,1,subject_level,0.463768115942029,0.6811594202898551,0.8045935052028601,0.020300538643546726,0.06246331487984761,0.8708316344811395,0.3188405797101449,0.7803436388140139,0.6918381226756384,69,4692
2,densenet121,pretrained,gs0,blind,train,raw,1337,1,1,slice_level,0.4099099099099099,0.5315315315315315,0.9762886961301168,0.006174994213087065,0.008318518781363292,0.867484325541758,0.38738738738738737,0.9649377967323269,0.9311598687035006,222,44400
2,densenet121,pretrained,gs0,blind,train,raw,1337,1,1,subject_level,0.4099099099099099,0.5315315315315315,0.976288771844125,0.00617499260215072,0.008318519068730844,0.8676561023540357,0.38738738738738737,0.964937871640867,0.9311183444172476,222,49062
2,densenet121,pretrained,gs0,blind,test,raw,1337,1,1,slice_level,0.43478260869565216,0.6376811594202898,0.9744779536689537,0.007380996061408002,0.025107789487726448,0.848343464670052,0.34782608695652173,0.9653994682906331,0.9334698216791145,69,4692
2,densenet121,pretrained,gs0,blind,test,raw,1337,1,1,subject_level,0.43478260869565216,0.6376811594202898,0.9744780314141426,0.007381015929622927,0.025107790567520737,0.8483419202589667,0.34782608695652173,0.9653995460358219,0.9334698951051261,69,4692
3,densenet121,pretrained,gs0,adaptive,train,gs0,1337,1,1,slice_level,0.3333333333333333,0.5315315315315315,0.875337835099246,0.012952744960784912,0.027318853876545087,0.9029738860482104,0.3333333333333333,0.8487878090089506,0.6928718725887236,222,44400
3,densenet121,pretrained,gs0,adaptive,train,gs0,1337,1,1,subject_level,0.3333333333333333,0.5315315315315315,0.8753378780575486,0.012952749525104557,0.027318856871879852,0.9034590723779914,0.3333333333333333,0.848787857337041,0.6925916214713523,222,49062
3,densenet121,pretrained,gs0,adaptive,test,gs0,1337,1,1,slice_level,0.4782608695652174,0.6521739130434783,0.859513501326243,0.019028698188671166,0.06647847644120887,0.8582632170700668,0.36231884057971014,0.8304624790730684,0.720028525042107,69,4692
3,densenet121,pretrained,gs0,adaptive,test,gs0,1337,1,1,subject_level,0.4782608695652174,0.6521739130434783,0.8595135548840398,0.019028714601544365,0.06647849153133406,0.8582632170700669,0.36231884057971014,0.8304625317670297,0.7200285625871896,69,4692
3,densenet121,pretrained,gs0,blind,train,raw,1337,1,1,slice_level,0.4009009009009009,0.5,0.9895409541624086,0.0027280495510444984,0.0059958458416633775,0.8593173240808376,0.34684684684684686,0.9840521468772544,0.9690304814601267,222,44400
3,densenet121,pretrained,gs0,blind,train,raw,1337,1,1,subject_level,0.4009009009009009,0.5,0.9895410274600124,0.0027280465976611988,0.005995845728394416,0.8595011790560281,0.34684684684684686,0.9840522225912627,0.9690208597573643,222,49062
3,densenet121,pretrained,gs0,blind,test,raw,1337,1,1,slice_level,0.5072463768115942,0.6666666666666666,0.9889703332514003,0.00406142248623613,0.018909558896785198,0.8680764051052053,0.42028985507246375,0.984876729439998,0.9696519897721917,69,4692
3,densenet121,pretrained,gs0,blind,test,raw,1337,1,1,subject_level,0.5072463768115942,0.6666666666666666,0.988970424817956,0.004061431988425877,0.018909561623265778,0.8680764051052053,0.42028985507246375,0.9848768132320349,0.9696520727258001,69,4692
4,densenet121,pretrained,gs0,adaptive,train,gs0,1337,1,1,slice_level,0.38288288288288286,0.5720720720720721,0.8806880758152352,0.013193033031515172,0.027747105383356143,0.9139921678435192,0.3153153153153153,0.8554143846571982,0.6765553726463973,222,44400
4,densenet121,pretrained,gs0,adaptive,train,gs0,1337,1,1,subject_level,0.38288288288288286,0.5720720720720721,0.8806881324664967,0.013193032494536391,0.027747108114396665,0.9138091864641944,0.3108108108108108,0.8554144356701825,0.6766778964681878,222,49062
4,densenet121,pretrained,gs0,adaptive,test,gs0,1337,1,1,slice_level,0.43478260869565216,0.6376811594202898,0.8601273851118226,0.018824325955432396,0.07401874515673389,0.885661069720894,0.2753623188405797,0.831570938013602,0.7014190085289423,69,4692
4,densenet121,pretrained,gs0,adaptive,test,gs0,1337,1,1,subject_level,0.43478260869565216,0.6376811594202898,0.8601274378057839,0.018824344095976456,0.07401876259541167,0.885661069720894,0.2753623188405797,0.8315709829330444,0.7014190496182909,69,4692
4,densenet121,pretrained,gs0,blind,train,raw,1337,1,1,slice_level,0.38738738738738737,0.5045045045045045,0.9835244022511147,0.004336721993781425,0.006743947878849131,0.8631020209398587,0.3738738738738739,0.9762870698898762,0.954226315574603,222,44400
4,densenet121,pretrained,gs0,blind,train,raw,1337,1,1,subject_level,0.38738738738738737,0.5045045045045045,0.9835244723268457,0.004336719845866298,0.006743947786555902,0.8629873453005408,0.3738738738738739,0.9762871372807134,0.9542383545450281,222,49062
4,densenet121,pretrained,gs0,blind,test,raw,1337,1,1,slice_level,0.4927536231884058,0.7101449275362319,0.9817191034123518,0.004464276458906091,0.021042229391742443,0.9069615874074897,0.30434782608695654,0.977593619754349,0.9544505390186953,69,4692
4,densenet121,pretrained,gs0,blind,test,raw,1337,1,1,subject_level,0.4927536231884058,0.7101449275362319,0.9817191889320595,0.004464269548222638,0.02104222944573216,0.9069615874074897,0.30434782608695654,0.9775937061378921,0.9544506244621822,69,4692
0,densenet121,pretrained,gs10,adaptive,train,gs10,1337,1,1,slice_level,0.2895927601809955,0.4751131221719457,0.8061158292973203,0.014151595566607169,0.02056333696157819,0.902617882516738,0.3212669683257919,0.774819931563209,0.6871129683954683,221,44200
0,densenet121,pretrained,gs10,adaptive,train,gs10,1337,1,1,subject_level,0.2895927601809955,0.4751131221719457,0.8061158635497633,0.01415158693607037,0.020563335313853636,0.9022687719520298,0.3212669683257919,0.7748199733673717,0.687275724687335,221,48620
0,densenet121,pretrained,gs10,adaptive,test,gs10,1337,1,1,slice_level,0.32857142857142857,0.5857142857142857,0.7958154797554016,0.015537227903093611,0.04784871246665716,0.8720526471458148,0.3142857142857143,0.7712235450744629,0.7026357191134683,70,4830
0,densenet121,pretrained,gs10,adaptive,test,gs10,1337,1,1,subject_level,0.32857142857142857,0.5857142857142857,0.7958155308450972,0.015537222794124058,0.04784871345119817,0.8720511682934042,0.3142857142857143,0.7712236063820975,0.7026357648288735,70,4830
0,densenet121,pretrained,gs10,blind,train,raw,1337,1,1,slice_level,0.49321266968325794,0.6380090497737556,0.9952104825239915,0.0018065323657040144,0.005651123920767421,0.899685766057206,0.497737556561086,0.9924228107767408,0.9791604265435788,221,44200
0,densenet121,pretrained,gs10,blind,train,raw,1337,1,1,subject_level,0.49321266968325794,0.6380090497737556,0.9952105593897099,0.0018065234654629392,0.005651123581530012,0.8995382512084668,0.497737556561086,0.9924228906092061,0.9791831435097044,221,48620
0,densenet121,pretrained,gs10,blind,test,raw,1337,1,1,slice_level,0.5285714285714286,0.7857142857142857,0.9948401655469622,0.00241923417363848,0.01765549850783178,0.9128246081041113,0.5571428571428572,0.992900413274765,0.979477990660855,70,4830
0,densenet121,pretrained,gs10,blind,test,raw,1337,1,1,subject_level,0.5285714285714286,0.7857142857142857,0.9948402745383126,0.0024192350251334054,0.017655503297490733,0.9128246081041113,0.5571428571428572,0.9929005120481763,0.9794780801665462,70,4830
1,densenet121,pretrained,gs10,adaptive,train,gs10,1337,1,1,slice_level,0.29411764705882354,0.4841628959276018,0.834261344838466,0.012653134796953848,0.02526891160739493,0.9064242132634466,0.25339366515837103,0.803891661749706,0.6717693064553975,221,44200
1,densenet121,pretrained,gs10,adaptive,train,gs10,1337,1,1,subject_level,0.29411764705882354,0.4841628959276018,0.8342613847546987,0.012653134796953848,0.025268912079377412,0.9062429851224103,0.25339366515837103,0.80389170679032,0.6718739927483164,221,48620
1,densenet121,pretrained,gs10,adaptive,test,gs10,1337,1,1,slice_level,0.3142857142857143,0.6285714285714286,0.8188352329390389,0.018145971638815744,0.06513478239732129,0.8886010056196392,0.2714285714285714,0.788731437921524,0.68155977831494,70,4830
1,densenet121,pretrained,gs10,adaptive,test,gs10,1337,1,1,subject_level,0.3142857142857143,0.6285714285714286,0.8188352746622903,0.01814597589629037,0.06513478064111301,0.8886010056196392,0.2714285714285714,0.7887314890112196,0.6815598175886008,70,4830
1,densenet121,pretrained,gs10,blind,train,raw,1337,1,1,slice_level,0.497737556561086,0.6425339366515838,0.9958660502778999,0.0016341565421264096,0.005550999008961932,0.9238436968940029,0.4660633484162896,0.9939754723963155,0.9810595609578072,221,44200
1,densenet121,pretrained,gs10,blind,train,raw,1337,1,1,subject_level,0.497737556561086,0.6425339366515838,0.9958661363135636,0.0016341619362119097,0.00555099950201506,0.9237587738319706,0.4660633484162896,0.9939755595107963,0.981070919223942,221,48620
1,densenet121,pretrained,gs10,blind,test,raw,1337,1,1,slice_level,0.6,0.7571428571428571,0.9950741674218859,0.0024621035371507915,0.017325697360294205,0.889544513457557,0.4857142857142857,0.99263516664505,0.981051453583976,70,4830
1,densenet121,pretrained,gs10,blind,test,raw,1337,1,1,subject_level,0.6,0.7571428571428571,0.995074245759419,0.0024621146065848215,0.017325696535408497,0.8895415557527359,0.4857142857142857,0.9926352424280984,0.9810515342168433,70,4830
2,densenet121,pretrained,gs10,adaptive,train,gs10,1337,1,1,slice_level,0.26576576576576577,0.4954954954954955,0.7936190401648616,0.015060963931384388,0.021355570075815327,0.8769962361009658,0.34234234234234234,0.755895043547089,0.6742147187841636,222,44400
2,densenet121,pretrained,gs10,adaptive,train,gs10,1337,1,1,subject_level,0.26576576576576577,0.4954954954954955,0.7936190978900807,0.015060978161322104,0.021355574619159236,0.8767300227952056,0.34234234234234234,0.7558950894587749,0.6742392861160588,222,49062
2,densenet121,pretrained,gs10,adaptive,test,gs10,1337,1,1,slice_level,0.2898550724637681,0.6086956521739131,0.7806015066478563,0.016032455624013706,0.053278515520303146,0.8513782324524013,0.3188405797101449,0.7498127757639125,0.6778974516566554,69,4692
2,densenet121,pretrained,gs10,adaptive,test,gs10,1337,1,1,subject_level,0.2898550724637681,0.6086956521739131,0.7806015705716782,0.016032475492228634,0.05327853017851063,0.8513782324524011,0.3188405797101449,0.7498128267302029,0.6778974955725243,69,4692
2,densenet121,pretrained,gs10,blind,train,raw,1337,1,1,slice_level,0.536036036036036,0.6891891891891891,0.9927148800175469,0.0029003955759443678,0.006001859278258708,0.9205155324243162,0.5225225225225225,0.9898220451028498,0.9720536943182752,222,44400
2,densenet121,pretrained,gs10,blind,train,raw,1337,1,1,subject_level,0.536036036036036,0.6891891891891891,0.99271495358364,0.0029003939650080225,0.00600185938523495,0.9204188137018026,0.5180180180180181,0.9898221200113898,0.9720710602718678,222,49062
2,densenet121,pretrained,gs10,blind,test,raw,1337,1,1,slice_level,0.5652173913043478,0.7101449275362319,0.9923172567201697,0.0031569133634152618,0.01848929737141167,0.893540655077406,0.43478260869565216,0.9895489025807035,0.9746902312667372,69,4692
2,densenet121,pretrained,gs10,blind,test,raw,1337,1,1,subject_level,0.5652173913043478,0.7101449275362319,0.9923173439675483,0.0031569634658702907,0.018489304120125977,0.893540655077406,0.43478260869565216,0.9895489716875381,0.9746902970706716,69,4692
3,densenet121,pretrained,gs10,adaptive,train,gs10,1337,1,1,slice_level,0.3108108108108108,0.481981981981982,0.819371307218397,0.012046964318902642,0.024919409715981635,0.8976112937261584,0.2927927927927928,0.785253309451782,0.6748792113732915,222,44400
3,densenet121,pretrained,gs10,adaptive,train,gs10,1337,1,1,subject_level,0.3108108108108108,0.481981981981982,0.8193713633326797,0.012046960828540561,0.024919416361094057,0.8979392135194997,0.2927927927927928,0.7852533601962768,0.6748593741668957,222,49062
3,densenet121,pretrained,gs10,adaptive,test,gs10,1337,1,1,slice_level,0.37681159420289856,0.6521739130434783,0.8043620491373367,0.014290079690408016,0.053648047959027084,0.8661428024265787,0.34782608695652173,0.777434508005778,0.7005989697125866,69,4692
3,densenet121,pretrained,gs10,adaptive,test,gs10,1337,1,1,subject_level,0.37681159420289856,0.6521739130434783,0.8043620828269185,0.01429007623506629,0.05364805111742538,0.8661428024265786,0.34782608695652173,0.7774345563805621,0.7005990058729918,69,4692
3,densenet121,pretrained,gs10,blind,train,raw,1337,1,1,slice_level,0.4864864864864865,0.6216216216216216,0.9920347042985864,0.002641029186076946,0.006073361847902069,0.8786926791656522,0.47297297297297297,0.9876866520525099,0.9704143874615699,222,44400
3,densenet121,pretrained,gs10,blind,train,raw,1337,1,1,subject_level,0.4864864864864865,0.6216216216216216,0.9920347724948917,0.0026410350928435453,0.00607336208492786,0.8788471270585738,0.4774774774774775,0.9876867210542833,0.9704040403039237,222,49062
3,densenet121,pretrained,gs10,blind,test,raw,1337,1,1,slice_level,0.5072463768115942,0.6666666666666666,0.9909805059432983,0.0035896914592687635,0.019089423174011536,0.8517797793345442,0.4492753623188406,0.9866808678792871,0.9708484118932958,69,4692
3,densenet121,pretrained,gs10,blind,test,raw,1337,1,1,subject_level,0.5072463768115942,0.6666666666666666,0.9909805975098541,0.003589697506116784,0.019089424820697826,0.8517797793345442,0.4492753623188406,0.9866809369861216,0.9708484981371008,69,4692
4,densenet121,pretrained,gs10,adaptive,train,gs10,1337,1,1,slice_level,0.26576576576576577,0.45495495495495497,0.8036973181071582,0.013232049104329702,0.02215532411460404,0.884098997646295,0.31981981981981983,0.7682507113293484,0.6785465560370201,222,44400
4,densenet121,pretrained,gs10,adaptive,train,gs10,1337,1,1,subject_level,0.26576576576576577,0.45495495495495497,0.8036973720735258,0.013232049104329702,0.022155327600770974,0.884193093056368,0.31981981981981983,0.7682507585834812,0.6785484555329517,222,49062
4,densenet121,pretrained,gs10,adaptive,test,gs10,1337,1,1,slice_level,0.36231884057971014,0.6521739130434783,0.7900327634120333,0.018564597420070484,0.05729978647676931,0.8747884156813325,0.34782608695652173,0.7621464090070863,0.682484522868402,69,4692
4,densenet121,pretrained,gs10,adaptive,test,gs10,1337,1,1,subject_level,0.36231884057971014,0.6521739130434783,0.7900328135144883,0.01856459569239962,0.057299798165542495,0.8747884156813324,0.34782608695652173,0.7621464599733767,0.6824845595687044,69,4692
4,densenet121,pretrained,gs10,blind,train,raw,1337,1,1,slice_level,0.44594594594594594,0.5990990990990991,0.9931794045207737,0.0020428844937333116,0.0056564320730431395,0.8893016496225956,0.4189189189189189,0.9901454027171608,0.9768724251531803,222,44400
4,densenet121,pretrained,gs10,blind,train,raw,1337,1,1,subject_level,0.44594594594594594,0.5990990990990991,0.9931794944647196,0.002042892548415038,0.005656432698120002,0.8895603595524104,0.42342342342342343,0.9901454854118932,0.9768502851451178,222,49062
4,densenet121,pretrained,gs10,blind,test,raw,1337,1,1,slice_level,0.463768115942029,0.782608695652174,0.992365338664124,0.0025845031807388086,0.018224712191284565,0.9120612328107045,0.4057971014492754,0.990219235420227,0.9757846459962319,69,4692
4,densenet121,pretrained,gs10,blind,test,raw,1337,1,1,subject_level,0.463768115942029,0.782608695652174,0.9923654172731482,0.0025844936785490618,0.018224710733562275,0.9120612328107046,0.4057971014492754,0.9902193269867828,0.9757847283908879,69,4692
0,densenet121,pretrained,gs20,adaptive,train,gs20,1337,1,1,slice_level,0.21266968325791855,0.40271493212669685,0.8028101076907163,0.011265976666325358,0.015940010079869588,0.8351001719866507,0.26244343891402716,0.7649342587630673,0.7064876739485232,221,44200
0,densenet121,pretrained,gs20,adaptive,train,gs20,1337,1,1,subject_level,0.21266968325791855,0.40271493212669685,0.8028101478766532,0.011265979093663833,0.015940011234541016,0.835158101148253,0.26244343891402716,0.7649343002975256,0.7064748226210984,221,48620
0,densenet121,pretrained,gs20,adaptive,test,gs20,1337,1,1,slice_level,0.21428571428571427,0.5142857142857142,0.7959200135299138,0.011595502070018223,0.042894669063389304,0.8167480035492458,0.17142857142857143,0.7620431857449668,0.7113717504539845,70,4830
0,densenet121,pretrained,gs20,adaptive,test,gs20,1337,1,1,subject_level,0.21428571428571427,0.5142857142857142,0.7959200467382158,0.011595474822180611,0.04289465775447232,0.8167480035492458,0.17142857142857143,0.7620432189532689,0.7113717968296067,70,4830
0,densenet121,pretrained,gs20,blind,train,raw,1337,1,1,slice_level,0.4343891402714932,0.579185520361991,0.997256529816675,0.0009903538281022153,0.005269999270289462,0.9007301242808295,0.4298642533936652,0.9952822567650635,0.9863360753898167,221,44200
0,densenet121,pretrained,gs20,blind,train,raw,1337,1,1,subject_level,0.4343891402714932,0.579185520361991,0.9972566101885489,0.0009903538281022153,0.005269999375642694,0.900869658688397,0.4298642533936652,0.9952823322822605,0.9863357967356505,221,48620
0,densenet121,pretrained,gs20,blind,test,raw,1337,1,1,slice_level,0.5142857142857142,0.7428571428571429,0.9968490770884922,0.0012750165803091867,0.016554570118231433,0.8825569358178054,0.4857142857142857,0.9949561808790479,0.9861709333107832,70,4830
0,densenet121,pretrained,gs20,blind,test,raw,1337,1,1,subject_level,0.5142857142857142,0.7428571428571429,0.9968491409506116,0.0012749731540679932,0.016554568255586283,0.882558414670216,0.4857142857142857,0.9949562447411674,0.986171004009543,70,4830
1,densenet121,pretrained,gs20,adaptive,train,gs20,1337,1,1,slice_level,0.22171945701357465,0.4253393665158371,0.8204963134424719,0.01072627629629627,0.021908445545046576,0.8861278434102497,0.2171945701357466,0.7874108736331646,0.6760340025252346,221,44200
1,densenet121,pretrained,gs20,adaptive,train,gs20,1337,1,1,subject_level,0.22171945701357465,0.4253393665158371,0.8204963638771713,0.010726278993339021,0.021908446885139696,0.8859373923920104,0.2171945701357466,0.7874109246072726,0.6761464964750126,221,48620
1,densenet121,pretrained,gs20,adaptive,test,gs20,1337,1,1,slice_level,0.24285714285714285,0.5714285714285714,0.8048884298120226,0.01627313494682312,0.05798747491623674,0.8830316474415854,0.2,0.7748880352292742,0.6892553035887132,70,4830
1,densenet121,pretrained,gs20,adaptive,test,gs20,1337,1,1,subject_level,0.24285714285714285,0.5714285714285714,0.8048884774957384,0.01627310940197536,0.05798746890255383,0.8830316474415855,0.2,0.7748880888734545,0.6892553542650017,70,4830
1,densenet121,pretrained,gs20,blind,train,raw,1337,1,1,slice_level,0.5248868778280543,0.7104072398190046,0.9964780556670142,0.0015149944508237537,0.005393107493336384,0.9330612600069613,0.497737556561086,0.9950153336805456,0.9838999956940634,221,44200
1,densenet121,pretrained,gs20,blind,train,raw,1337,1,1,subject_level,0.5248868778280543,0.7104072398190046,0.9964781309145069,0.0015149925628938287,0.0053931076408309095,0.9331744845519133,0.497737556561086,0.9950154040733613,0.9838982654691772,221,48620
1,densenet121,pretrained,gs20,blind,test,raw,1337,1,1,slice_level,0.6428571428571429,0.8428571428571429,0.995925258738654,0.0024819450719015938,0.01716783767832177,0.9178305235137534,0.5714285714285714,0.9940110002245222,0.9826652893985527,70,4830
1,densenet121,pretrained,gs20,blind,test,raw,1337,1,1,subject_level,0.6428571428571429,0.8428571428571429,0.995925338779177,0.0024819561413356238,0.017167837784758635,0.9178334812185744,0.5714285714285714,0.9940110802650451,0.9826653643424467,70,4830
2,densenet121,pretrained,gs20,adaptive,train,gs20,1337,1,1,slice_level,0.22972972972972974,0.40540540540540543,0.7921417430714444,0.012360675109399331,0.0170483257000645,0.8718294476909342,0.2702702702702703,0.7577144468689824,0.6909289073138624,222,44400
2,densenet121,pretrained,gs20,adaptive,train,gs20,1337,1,1,subject_level,0.22972972972972974,0.40540540540540543,0.7921417822708955,0.012360675109399331,0.017048325725235382,0.8715486765963714,0.2702702702702703,0.7577144855314547,0.6909835445963988,222,49062
2,densenet121,pretrained,gs20,adaptive,test,gs20,1337,1,1,slice_level,0.3188405797101449,0.5652173913043478,0.7772445298623347,0.014086762200231138,0.04165638867171778,0.8438214290126889,0.2753623188405797,0.7519087350886801,0.6963314135183357,69,4692
2,densenet121,pretrained,gs20,adaptive,test,gs20,1337,1,1,subject_level,0.3188405797101449,0.5652173913043478,0.7772445791009543,0.014086765655572864,0.04165639037239379,0.843822973423774,0.2753623188405797,0.7519087825996288,0.6963314612579468,69,4692
2,densenet121,pretrained,gs20,blind,train,raw,1337,1,1,slice_level,0.5,0.6621621621621622,0.9954259809073027,0.0017381654129371986,0.005609095136442028,0.9217705543381218,0.49099099099099097,0.993212184927485,0.9796562440827623,222,44400
2,densenet121,pretrained,gs20,blind,train,raw,1337,1,1,subject_level,0.5,0.6621621621621622,0.9954260598431837,0.001738169440278062,0.005609095713274705,0.9214884292388268,0.49099099099099097,0.9932122611784721,0.9796706806623972,222,49062
2,densenet121,pretrained,gs20,blind,test,raw,1337,1,1,slice_level,0.4927536231884058,0.7246376811594203,0.9949366329372793,0.001750613468280737,0.01716797966240109,0.8867375242472539,0.4057971014492754,0.9931670194086821,0.9827236465709593,69,4692
2,densenet121,pretrained,gs20,blind,test,raw,1337,1,1,subject_level,0.4927536231884058,0.7246376811594203,0.9949367037717847,0.0017506108767744424,0.017167978636596515,0.8867421574805094,0.4057971014492754,0.993167097153871,0.9827237211021722,69,4692
3,densenet121,pretrained,gs20,adaptive,train,gs20,1337,1,1,slice_level,0.22972972972972974,0.4774774774774775,0.8003059588037096,0.012244651983450126,0.021066337941331906,0.893772116711306,0.26576576576576577,0.7657473192021653,0.6766805500899618,222,44400
3,densenet121,pretrained,gs20,adaptive,train,gs20,1337,1,1,subject_level,0.22972972972972974,0.4774774774774775,0.8003060095482044,0.01224465064100317,0.02106633867128744,0.8936913249313885,0.26576576576576577,0.7657473729000436,0.6768114320260469,222,49062
3,densenet121,pretrained,gs20,adaptive,test,gs20,1337,1,1,slice_level,0.4057971014492754,0.5507246376811594,0.7905470746150915,0.0155298277951669,0.04774002952204234,0.8584470019892015,0.30434782608695654,0.7624980029852494,0.6979685637906181,69,4692
3,densenet121,pretrained,gs20,adaptive,test,gs20,1337,1,1,subject_level,0.4057971014492754,0.5507246376811594,0.7905471350835718,0.015529838161192078,0.04774003726956637,0.8584470019892015,0.30434782608695654,0.7624980712282485,0.6979686106155799,69,4692
3,densenet121,pretrained,gs20,blind,train,raw,1337,1,1,slice_level,0.46846846846846846,0.5945945945945946,0.9952541662229074,0.0017071701921858229,0.0055819105541518145,0.8720415347780213,0.46396396396396394,0.9918682628923708,0.9798428903372438,222,44400
3,densenet121,pretrained,gs20,blind,train,raw,1337,1,1,subject_level,0.46846846846846846,0.5945945945945946,0.995254234687702,0.001707169655207041,0.00558191031502845,0.8720130182769292,0.47297297297297297,0.9918683332365912,0.9798533300174823,222,49062
3,densenet121,pretrained,gs20,blind,test,raw,1337,1,1,slice_level,0.43478260869565216,0.6231884057971014,0.9944623129955237,0.0018729291100432906,0.017361103435573372,0.845225298689104,0.3333333333333333,0.9910705495571744,0.9813388388632508,69,4692
3,densenet121,pretrained,gs20,blind,test,raw,1337,1,1,subject_level,0.43478260869565216,0.6231884057971014,0.994462383830029,0.001872921335524407,0.017361103300599083,0.8452314763334446,0.3333333333333333,0.991070618664009,0.9813389132039118,69,4692
4,densenet121,pretrained,gs20,adaptive,train,gs20,1337,1,1,slice_level,0.15315315315315314,0.34684684684684686,0.7967622250587016,0.010788360694507221,0.016275006480649248,0.8109494967940913,0.1981981981981982,0.7506868138506606,0.6990993343736674,222,44400
4,densenet121,pretrained,gs20,adaptive,train,gs20,1337,1,1,subject_level,0.15315315315315314,0.34684684684684686,0.7967622776826223,0.010788366869763212,0.016275007823096203,0.8111018105056262,0.1981981981981982,0.7506868640581766,0.6990462297667915,222,49062
4,densenet121,pretrained,gs20,adaptive,test,gs20,1337,1,1,slice_level,0.18840579710144928,0.4057971014492754,0.7810623127481212,0.012835828290469404,0.04934778269650279,0.8060312341697864,0.15942028985507245,0.7416130554848823,0.6867401822321657,69,4692
4,densenet121,pretrained,gs20,adaptive,test,gs20,1337,1,1,subject_level,0.18840579710144928,0.4057971014492754,0.7810623827187911,0.012835827426633972,0.049347794682219406,0.8060312341697864,0.15942028985507245,0.7416131116341853,0.6867402319535169,69,4692
4,densenet121,pretrained,gs20,blind,train,raw,1337,1,1,slice_level,0.45495495495495497,0.5945945945945946,0.9963829146849142,0.0012810888054134609,0.005366854667495769,0.880434522360198,0.509009009009009,0.9936868790033702,0.9837936357737661,222,44400
4,densenet121,pretrained,gs20,blind,train,raw,1337,1,1,subject_level,0.45495495495495497,0.5945945945945946,0.9963830008700088,0.0012810898793710244,0.005366854717837529,0.8803400440920314,0.509009009009009,0.9936869651884646,0.9838151667258125,222,49062
4,densenet121,pretrained,gs20,blind,test,raw,1337,1,1,slice_level,0.463768115942029,0.7391304347826086,0.995629722657411,0.0012639441351959672,0.017482439056038857,0.9004534390946044,0.36231884057971014,0.9936690624209418,0.9818630901443989,69,4692
4,densenet121,pretrained,gs20,blind,test,raw,1337,1,1,subject_level,0.463768115942029,0.7391304347826086,0.9956297874450684,0.0012639303138290627,0.017482436248573704,0.9004534390946045,0.36231884057971014,0.9936691384384597,0.9818631666954623,69,4692
0,densenet121,pretrained,gs30,adaptive,train,gs30,1337,1,1,slice_level,0.17194570135746606,0.334841628959276,0.8059847972511706,0.008659990394816679,0.014544757938526604,0.8282493704060113,0.22171945701357465,0.7692797885221594,0.7176839680356137,221,44200
0,densenet121,pretrained,gs30,adaptive,train,gs30,1337,1,1,subject_level,0.17194570135746606,0.334841628959276,0.8059848431008974,0.00865998769777393,0.014544758536932965,0.8285508077230196,0.22171945701357465,0.7692798346415903,0.7176416805659925,221,48620
0,densenet121,pretrained,gs30,adaptive,test,gs30,1337,1,1,slice_level,0.2857142857142857,0.5857142857142857,0.799385335615703,0.011201986244746618,0.039597833023539614,0.8253948535936113,0.21428571428571427,0.7715072052819388,0.7209152952484462,70,4830
0,densenet121,pretrained,gs30,adaptive,test,gs30,1337,1,1,subject_level,0.2857142857142857,0.5857142857142857,0.7993853892598833,0.011201999017170497,0.039597841405442785,0.8253948535936115,0.21428571428571427,0.7715072504111699,0.7209153370087191,70,4830
0,densenet121,pretrained,gs30,blind,train,raw,1337,1,1,slice_level,0.39819004524886875,0.583710407239819,0.9969299966932962,0.0011674799530754262,0.005325199901315961,0.8991009090722958,0.42081447963800905,0.9945462987973139,0.9852559870346639,221,44200
0,densenet121,pretrained,gs30,blind,train,raw,1337,1,1,subject_level,0.39819004524886875,0.583710407239819,0.9969300684346333,0.001167453791760751,0.005325199224948209,0.8990024215869306,0.42081447963800905,0.9945463815965264,0.9852683752615822,221,48620
0,densenet121,pretrained,gs30,blind,test,raw,1337,1,1,slice_level,0.4142857142857143,0.7,0.9963683758463179,0.001204749516078404,0.016581663728824685,0.8752262644188111,0.44285714285714284,0.9939348450728825,0.9855591773122981,70,4830
0,densenet121,pretrained,gs30,blind,test,raw,1337,1,1,subject_level,0.4142857142857143,0.7,0.9963684490748814,0.0012047546250479563,0.016581664939544032,0.875226264418811,0.44285714285714284,0.9939349148954664,0.9855592464684947,70,4830
1,densenet121,pretrained,gs30,adaptive,train,gs30,1337,1,1,slice_level,0.17647058823529413,0.3257918552036199,0.7874882342588848,0.009171528514154356,0.014586238123105662,0.8462202862349257,0.18552036199095023,0.7505935622016768,0.698532645417824,221,44200
1,densenet121,pretrained,gs30,adaptive,train,gs30,1337,1,1,subject_level,0.17647058823529413,0.3257918552036199,0.7874882852329927,0.009171536065874057,0.01458623981297151,0.8463513329896082,0.18552036199095023,0.7505936091302207,0.698506811811619,221,48620
1,densenet121,pretrained,gs30,adaptive,test,gs30,1337,1,1,slice_level,0.2714285714285714,0.5285714285714286,0.7785468442099435,0.01394297821181161,0.04206988885998726,0.8268530020703934,0.24285714285714285,0.7466526661600386,0.6967269158264618,70,4830
1,densenet121,pretrained,gs30,adaptive,test,gs30,1337,1,1,subject_level,0.2714285714285714,0.5285714285714286,0.7785468884876796,0.013942984172276088,0.04206989835947752,0.8268530020703934,0.24285714285714285,0.7466527002198355,0.6967269467517703,70,4830
1,densenet121,pretrained,gs30,blind,train,raw,1337,1,1,slice_level,0.3891402714932127,0.5384615384615384,0.9978779837556554,0.0007282422678502976,0.0051493322396676195,0.868108044470834,0.3891402714932127,0.9958009706363419,0.9886183244246164,221,44200
1,densenet121,pretrained,gs30,blind,train,raw,1337,1,1,subject_level,0.3891402714932127,0.5384615384615384,0.9978780611607824,0.0007282457740058726,0.005149332073209513,0.8678474772499261,0.3891402714932127,0.9958010523567372,0.9886320761585373,221,48620
1,densenet121,pretrained,gs30,blind,test,raw,1337,1,1,slice_level,0.44285714285714284,0.6,0.9974283388682774,0.001147160359791347,0.016046378668397664,0.8362969535640343,0.38571428571428573,0.9949891941887992,0.9890174872016314,70,4830
1,densenet121,pretrained,gs30,blind,test,raw,1337,1,1,subject_level,0.44285714285714284,0.6,0.9974284282752446,0.0011471518448420933,0.01604637906753591,0.8362954747116238,0.38571428571428573,0.9949892878532409,0.9890175741528379,70,4830
2,densenet121,pretrained,gs30,adaptive,train,gs30,1337,1,1,slice_level,0.14414414414414414,0.32882882882882886,0.780233316593342,0.009881519251041583,0.016303576923369825,0.8397887245353463,0.21171171171171171,0.7400575073452683,0.6815090056367823,222,44400
2,densenet121,pretrained,gs30,adaptive,train,gs30,1337,1,1,subject_level,0.14414414414414414,0.32882882882882886,0.7802333625050278,0.009881524889318793,0.01630357934396949,0.8399141314483126,0.21171171171171171,0.7400575435913361,0.6814945665295993,222,49062
2,densenet121,pretrained,gs30,adaptive,test,gs30,1337,1,1,slice_level,0.2753623188405797,0.5507246376811594,0.7770563951437024,0.015558856984843378,0.045526803673609444,0.8265039475147337,0.2898550724637681,0.746524641479271,0.6874175611994557,69,4692
2,densenet121,pretrained,gs30,adaptive,test,gs30,1337,1,1,subject_level,0.2753623188405797,0.5507246376811594,0.7770564461099929,0.01555887426155201,0.04552680907258089,0.8265039475147337,0.2898550724637681,0.7465246820795364,0.687417600097457,69,4692
2,densenet121,pretrained,gs30,blind,train,raw,1337,1,1,slice_level,0.45045045045045046,0.6081081081081081,0.9963932875040415,0.0012757767428148974,0.0055138684939257466,0.8933852771690609,0.49099099099099097,0.9934953757234521,0.9818333673866483,222,44400
2,densenet121,pretrained,gs30,blind,train,raw,1337,1,1,subject_level,0.45045045045045046,0.6081081081081081,0.9963933667084118,0.001275773520942207,0.005513868479242733,0.8932902879643737,0.49099099099099097,0.9934954519744392,0.9818176348707678,222,49062
2,densenet121,pretrained,gs30,blind,test,raw,1337,1,1,slice_level,0.42028985507246375,0.6666666666666666,0.9958010929218237,0.0015624986178633096,0.01732222660296205,0.8688918541581725,0.34782608695652173,0.9934551059335902,0.9829192919702684,69,4692
2,densenet121,pretrained,gs30,blind,test,raw,1337,1,1,subject_level,0.42028985507246375,0.6666666666666666,0.995801165484,0.0015624986178633096,0.017322226737936337,0.8688918541581725,0.34782608695652173,0.993455165538235,0.9829193646467759,69,4692
3,densenet121,pretrained,gs30,adaptive,train,gs30,1337,1,1,slice_level,0.13963963963963963,0.32882882882882886,0.8647282950512998,0.008044856088655489,0.02129608002566808,0.8601019600681764,0.11261261261261261,0.832320432405214,0.6723339500831994,222,44400
3,densenet121,pretrained,gs30,adaptive,train,gs30,1337,1,1,subject_level,0.13963963963963963,0.32882882882882886,0.8647283514340719,0.008044861726932697,0.021296081368115033,0.8599331109267515,0.11261261261261261,0.832320486640071,0.6726875455475171,222,49062
3,densenet121,pretrained,gs30,adaptive,test,gs30,1337,1,1,slice_level,0.21739130434782608,0.5072463768115942,0.8410450988921566,0.0102667730787526,0.051427316595462784,0.7960636050261314,0.15942028985507245,0.7995263346727344,0.7217338457640073,69,4692
3,densenet121,pretrained,gs30,adaptive,test,gs30,1337,1,1,subject_level,0.21739130434782608,0.5072463768115942,0.8410451679989912,0.010266788627790369,0.05142732210241366,0.7960636050261314,0.15942028985507245,0.7995263865028602,0.7217338907025049,69,4692
3,densenet121,pretrained,gs30,blind,train,raw,1337,1,1,slice_level,0.4774774774774775,0.6441441441441441,0.997946936804969,0.0008303501584508398,0.005145883581995427,0.8905510916321726,0.5180180180180181,0.9961232714824848,0.9883851208249191,222,44400
3,densenet121,pretrained,gs30,blind,train,raw,1337,1,1,subject_level,0.4774774774774775,0.6441441441441441,0.9979470170832969,0.0008303515008977942,0.005145884261609198,0.8904811929454219,0.5180180180180181,0.9961233426321734,0.9883928406090826,222,49062
3,densenet121,pretrained,gs30,blind,test,raw,1337,1,1,slice_level,0.4782608695652174,0.7246376811594203,0.9975385622701783,0.001014959984931393,0.016196891975899536,0.869972941917788,0.4927536231884058,0.9958000969195712,0.9895199491417723,69,4692
3,densenet121,pretrained,gs30,blind,test,raw,1337,1,1,subject_level,0.4782608695652174,0.7246376811594203,0.9975386391515317,0.0010149815808171811,0.0161968930421964,0.8699760307399582,0.4927536231884058,0.995800148749697,0.9895200232918814,69,4692
4,densenet121,pretrained,gs30,adaptive,train,gs30,1337,1,1,slice_level,0.0990990990990991,0.27927927927927926,0.8012263804405659,0.008105152630591177,0.013254138993451724,0.8012931174417661,0.12612612612612611,0.7623482475409636,0.7194511205991646,222,44400
4,densenet121,pretrained,gs30,adaptive,train,gs30,1337,1,1,subject_level,0.0990990990990991,0.27927927927927926,0.8012264330644865,0.008105153704548741,0.013254140658924976,0.8017602566489689,0.13513513513513514,0.7623482977484798,0.719382669050633,222,49062
4,densenet121,pretrained,gs30,adaptive,test,gs30,1337,1,1,slice_level,0.2318840579710145,0.4492753623188406,0.7913331596747689,0.010985016822814941,0.03962083646784658,0.8129115855541965,0.13043478260869565,0.7600932207660399,0.7128639512354761,69,4692
4,densenet121,pretrained,gs30,adaptive,test,gs30,1337,1,1,subject_level,0.2318840579710145,0.4492753623188406,0.7913331994111987,0.010985006456789763,0.03962083352540714,0.8129131299652815,0.13043478260869565,0.7600932674131532,0.7128639900826635,69,4692
4,densenet121,pretrained,gs30,blind,train,raw,1337,1,1,slice_level,0.4099099099099099,0.581081081081081,0.9979643805606945,0.0006633092154253711,0.004971819197725471,0.8840532424316209,0.42792792792792794,0.9965079845608892,0.9909637489726951,222,44400
4,densenet121,pretrained,gs30,blind,train,raw,1337,1,1,subject_level,0.4099099099099099,0.581081081081081,0.9979644659403208,0.0006633030401693808,0.004971819204018191,0.8839336768589551,0.42792792792792794,0.9965080699405154,0.99096372481453,222,49062
4,densenet121,pretrained,gs30,blind,test,raw,1337,1,1,slice_level,0.391304347826087,0.6956521739130435,0.9975917944009753,0.000902789226476697,0.01614022659866706,0.8947545621903455,0.4492753623188406,0.9963232512059419,0.9898552246461643,69,4692
4,densenet121,pretrained,gs30,blind,test,raw,1337,1,1,subject_level,0.391304347826087,0.6956521739130435,0.9975918747376704,0.0009028099585270536,0.0161402248709962,0.8947591954236012,0.4492753623188406,0.9963233375894851,0.9898553114235147,69,4692
0,densenet121,pretrained,gs40,adaptive,train,gs40,1337,1,1,slice_level,0.12669683257918551,0.3076923076923077,0.7909230271615594,0.008416316627916707,0.016040485478701634,0.8616996990233615,0.18552036199095023,0.7537694878168235,0.6923006635283993,221,44200
0,densenet121,pretrained,gs40,adaptive,train,gs40,1337,1,1,subject_level,0.12669683257918551,0.3076923076923077,0.7909230657292707,0.008416312312648307,0.016040484349314984,0.8618222674317964,0.18552036199095023,0.7537695347453675,0.6923111875623109,221,48620
0,densenet121,pretrained,gs40,adaptive,test,gs40,1337,1,1,slice_level,0.17142857142857143,0.44285714285714284,0.7799531519412994,0.010990859780992781,0.03886926847376994,0.8369032830523514,0.12857142857142856,0.7482825023787362,0.7025219434043142,70,4830
0,densenet121,pretrained,gs40,adaptive,test,gs40,1337,1,1,subject_level,0.17142857142857143,0.44285714285714284,0.7799531774861472,0.010990855523518153,0.03886926320514509,0.8369032830523514,0.12857142857142856,0.7482825330325535,0.7025219763164441,70,4830
0,densenet121,pretrained,gs40,blind,train,raw,1337,1,1,slice_level,0.4072398190045249,0.5565610859728507,0.9981517511255601,0.0007318414714001962,0.005088129312609116,0.8888175917774002,0.4434389140271493,0.996435942692994,0.9897856953227682,221,44200
0,densenet121,pretrained,gs40,blind,train,raw,1337,1,1,subject_level,0.4072398190045249,0.5565610859728507,0.9981518306883213,0.0007318444381472212,0.00508812944114006,0.8889283128370166,0.4434389140271493,0.9964360214466423,0.9897809878181695,221,48620
0,densenet121,pretrained,gs40,blind,test,raw,1337,1,1,slice_level,0.5142857142857142,0.7571428571428571,0.9978819089276451,0.0008735460894448416,0.015910570922174624,0.8902277432712214,0.4857142857142857,0.9965593959603991,0.9901069973813328,70,4830
0,densenet121,pretrained,gs40,blind,test,raw,1337,1,1,subject_level,0.5142857142857142,0.7571428571428571,0.997882011958531,0.000873568228312901,0.015910575419132197,0.8902247855664004,0.4857142857142857,0.9965594845158713,0.9901070845670088,70,4830
1,densenet121,pretrained,gs40,adaptive,train,gs40,1337,1,1,slice_level,0.12217194570135746,0.28054298642533937,0.8013641159998346,0.007997189172252811,0.018125311227102356,0.8427230707806965,0.12217194570135746,0.7653089316721955,0.6835974378539966,221,44200
1,densenet121,pretrained,gs40,adaptive,train,gs40,1337,1,1,subject_level,0.12217194570135746,0.28054298642533937,0.8013641640071956,0.00799718377816731,0.018125311791795683,0.8425660445490096,0.12217194570135746,0.7653089810280779,0.6836395380000233,221,48620
1,densenet121,pretrained,gs40,adaptive,test,gs40,1337,1,1,slice_level,0.17142857142857143,0.4142857142857143,0.7811539079461779,0.009107016665594918,0.04136455061712435,0.789195504288672,0.18571428571428572,0.748426045690264,0.6962477321888842,70,4830
1,densenet121,pretrained,gs40,adaptive,test,gs40,1337,1,1,subject_level,0.17142857142857143,0.4142857142857143,0.781153951372419,0.009107023477554321,0.0413645524797695,0.7891955042886719,0.18571428571428572,0.7484260780470712,0.6962477734987287,70,4830
1,densenet121,pretrained,gs40,blind,train,raw,1337,1,1,slice_level,0.3665158371040724,0.5384615384615384,0.9987425696256473,0.00046921558509585006,0.004989259058769742,0.8906193055015255,0.3891402714932127,0.9973808300441207,0.9917730755436475,221,44200
1,densenet121,pretrained,gs40,blind,train,raw,1337,1,1,subject_level,0.3665158371040724,0.5384615384615384,0.9987426440640272,0.000469209381897525,0.004989258959737703,0.8908871737791089,0.3891402714932127,0.9973809052916134,0.9917719212997014,221,48620
1,densenet121,pretrained,gs40,blind,test,raw,1337,1,1,slice_level,0.38571428571428573,0.6428571428571429,0.9984281786850521,0.0007872138704572405,0.01596457114709275,0.8748654244306419,0.4142857142857143,0.9967715995652335,0.9903999169050537,70,4830
1,densenet121,pretrained,gs40,blind,test,raw,1337,1,1,subject_level,0.38571428571428573,0.6428571428571429,0.9984282689435141,0.0007871832166399275,0.015964568140251295,0.8748683821354629,0.4142857142857143,0.9967716864177159,0.990400021503184,70,4830
2,densenet121,pretrained,gs40,adaptive,train,gs40,1337,1,1,slice_level,0.12612612612612611,0.2972972972972973,0.7852881470242062,0.009521555524688584,0.0153953306175567,0.8564354049995941,0.17567567567567569,0.7488412349610716,0.6909931752723348,222,44400
2,densenet121,pretrained,gs40,adaptive,train,gs40,1337,1,1,subject_level,0.12612612612612611,0.2972972972972973,0.7852881937413603,0.00952155418224163,0.015395332526348464,0.8566797352568417,0.1891891891891892,0.748841275771459,0.690910155591489,222,49062
2,densenet121,pretrained,gs40,adaptive,test,gs40,1337,1,1,slice_level,0.2318840579710145,0.4492753623188406,0.776646588159644,0.012910808342090551,0.039542342117731125,0.8251386881154479,0.13043478260869565,0.7461089008096335,0.6992213813443521,69,4692
2,densenet121,pretrained,gs40,adaptive,test,gs40,1337,1,1,subject_level,0.2318840579710145,0.4492753623188406,0.776646633942922,0.01291080747825512,0.0395423431435357,0.8251417769376183,0.13043478260869565,0.7461089379545571,0.6992214234563294,69,4692
2,densenet121,pretrained,gs40,blind,train,raw,1337,1,1,slice_level,0.34234234234234234,0.49099099099099097,0.9985017744270531,0.0005040367444356283,0.004941838627748258,0.8709536056326599,0.4099099099099099,0.9968678505571039,0.9919201762866866,222,44400
2,densenet121,pretrained,gs40,blind,train,raw,1337,1,1,subject_level,0.34234234234234234,0.49099099099099097,0.9985018493355932,0.0005040337910523285,0.004941838447356949,0.8710522464497028,0.4099099099099099,0.9968679294929849,0.9919201456644208,222,49062
2,densenet121,pretrained,gs40,blind,test,raw,1337,1,1,slice_level,0.42028985507246375,0.6666666666666666,0.99827924500341,0.0006503851517387059,0.0156911579568101,0.8557010390797781,0.3188405797101449,0.9969247018081554,0.9925961870341248,69,4692
2,densenet121,pretrained,gs40,blind,test,raw,1337,1,1,subject_level,0.42028985507246375,0.6666666666666666,0.9982793460721555,0.0006504041561181995,0.015691162883371548,0.855699494668693,0.3188405797101449,0.9969247976938883,0.992596265693963,69,4692
3,densenet121,pretrained,gs40,adaptive,train,gs40,1337,1,1,slice_level,0.0945945945945946,0.22972972972972974,0.8553589211927878,0.007038906350866094,0.018867217155324446,0.8381179997565134,0.1036036036036036,0.8200237820814321,0.6782470490229694,222,44400
3,densenet121,pretrained,gs40,adaptive,train,gs40,1337,1,1,subject_level,0.0945945945945946,0.22972972972972974,0.855358981065922,0.007038913868569039,0.018867218766260793,0.8378115335587514,0.1036036036036036,0.820023836853268,0.6785134472781162,222,49062
3,densenet121,pretrained,gs40,adaptive,test,gs40,1337,1,1,slice_level,0.14492753623188406,0.391304347826087,0.8275276888971743,0.00996853130451147,0.04543060717591341,0.7061788798695281,0.10144927536231885,0.7801513214042222,0.7347276126433923,69,4692
3,densenet121,pretrained,gs40,adaptive,test,gs40,1337,1,1,subject_level,0.14492753623188406,0.391304347826087,0.827527744182642,0.009968543398207512,0.04543061184602371,0.7061788798695282,0.10144927536231885,0.7801513507746268,0.7347276585854634,69,4692
3,densenet121,pretrained,gs40,blind,train,raw,1337,1,1,slice_level,0.38738738738738737,0.5180180180180181,0.9987369544871219,0.000476236815925117,0.004861514113407146,0.8700192253063875,0.4189189189189189,0.9974585484277021,0.9933074838768792,222,44400
3,densenet121,pretrained,gs40,blind,train,raw,1337,1,1,subject_level,0.38738738738738737,0.5180180180180181,0.9987370591979843,0.0004762448706068434,0.004861514788825769,0.8701085517460717,0.42342342342342343,0.9974586475002873,0.9933126690926551,222,49062
3,densenet121,pretrained,gs40,blind,test,raw,1337,1,1,slice_level,0.42028985507246375,0.6376811594202898,0.9985807607139366,0.0006710999253867329,0.015474702865965124,0.8554323115509594,0.42028985507246375,0.9974359023398247,0.9939062248435878,69,4692
3,densenet121,pretrained,gs40,blind,test,raw,1337,1,1,subject_level,0.42028985507246375,0.6376811594202898,0.9985808652380238,0.0006711189297662265,0.015474709857633148,0.8554261339066187,0.42028985507246375,0.9974359844041907,0.9939063022076728,69,4692
4,densenet121,pretrained,gs40,adaptive,train,gs40,1337,1,1,slice_level,0.12162162162162163,0.26126126126126126,0.7818670211074589,0.009505347357139931,0.014405977077412981,0.8122781227173119,0.15765765765765766,0.7395316853716567,0.6940060232633406,222,44400
4,densenet121,pretrained,gs40,adaptive,train,gs40,1337,1,1,subject_level,0.12162162162162163,0.26126126126126126,0.7818670667506553,0.009505347357139931,0.014405978390493908,0.812208885539569,0.15315315315315314,0.7395317251080865,0.6940046926283583,222,49062
4,densenet121,pretrained,gs40,adaptive,test,gs40,1337,1,1,slice_level,0.15942028985507245,0.4492753623188406,0.7744587003320887,0.01218810807103696,0.04137835208920465,0.8185100757379197,0.10144927536231885,0.7413276632626852,0.6941067007166244,69,4692
4,densenet121,pretrained,gs40,adaptive,test,gs40,1337,1,1,subject_level,0.15942028985507245,0.4492753623188406,0.7744587366131769,0.012188105479530666,0.04137835187324579,0.8185100757379197,0.10144927536231885,0.7413276926330898,0.6941067365022775,69,4692
4,densenet121,pretrained,gs40,blind,train,raw,1337,1,1,slice_level,0.36036036036036034,0.4774774774774775,0.9977260240026422,0.0007978825418798773,0.005219376322955967,0.867362987987988,0.36486486486486486,0.9952121296444455,0.9871017697883082,222,44400
4,densenet121,pretrained,gs40,blind,train,raw,1337,1,1,subject_level,0.36036036036036034,0.4774774774774775,0.9977260991796717,0.0007978793200071868,0.0052193759495879075,0.866893094635543,0.36486486486486486,0.9952122077748582,0.9871242602068496,222,49062
4,densenet121,pretrained,gs40,blind,test,raw,1337,1,1,slice_level,0.42028985507246375,0.6666666666666666,0.9972646072290946,0.0010129558867302494,0.016839194583936012,0.8875684174110728,0.3333333333333333,0.9954506677129994,0.9863232528157246,69,4692
4,densenet121,pretrained,gs40,blind,test,raw,1337,1,1,subject_level,0.42028985507246375,0.6666666666666666,0.997264696204144,0.0010129714357680168,0.01683919830922631,0.887569961822158,0.3333333333333333,0.9954507437305175,0.9863233268133921,69,4692
0,densenet121,pretrained,gs50,adaptive,train,gs50,1337,1,1,slice_level,0.09954751131221719,0.22624434389140272,0.8125850881926074,0.007330136870906364,0.01855984241259179,0.8274753281054851,0.08597285067873303,0.7716078135222871,0.6836467365232798,221,44200
0,densenet121,pretrained,gs50,adaptive,train,gs50,1337,1,1,subject_level,0.09954751131221719,0.22624434389140272,0.8125851308058829,0.007330131207116589,0.018559841283205137,0.8272899445510571,0.08597285067873303,0.7716078523597026,0.6837413887246211,221,48620
0,densenet121,pretrained,gs50,adaptive,test,gs50,1337,1,1,slice_level,0.07142857142857142,0.3142857142857143,0.7970685362815857,0.009644813196999686,0.0451867477702243,0.7681336882579118,0.08571428571428572,0.7538850486278534,0.7045262445204006,70,4830
0,densenet121,pretrained,gs50,adaptive,test,gs50,1337,1,1,subject_level,0.07142857142857142,0.3142857142857143,0.7970685626779284,0.009644805533545358,0.04518674077200038,0.7681336882579118,0.08571428571428572,0.7538850852421352,0.7045262850219418,70,4830
0,densenet121,pretrained,gs50,blind,train,raw,1337,1,1,slice_level,0.4117647058823529,0.5610859728506787,0.9984300961861243,0.0005950506995705998,0.004975193978721335,0.8967117790381032,0.43891402714932126,0.9971006073023938,0.9916930746357905,221,44200
0,densenet121,pretrained,gs50,blind,train,raw,1337,1,1,subject_level,0.4117647058823529,0.5610859728506787,0.9984301717033214,0.0005950474631192997,0.004975193997684917,0.8968689681359364,0.43891402714932126,0.9971006806619567,0.9916915416153602,221,48620
0,densenet121,pretrained,gs50,blind,test,raw,1337,1,1,slice_level,0.4857142857142857,0.6857142857142857,0.9981353163719178,0.0006643039839608328,0.01555552188573139,0.872388346643005,0.44285714285714284,0.9968589467661721,0.9920231806565516,70,4830
0,densenet121,pretrained,gs50,blind,test,raw,1337,1,1,subject_level,0.4857142857142857,0.6857142857142857,0.9981353776795524,0.000664315904889788,0.015555521100759506,0.8723913043478261,0.44285714285714284,0.9968590004103525,0.9920232468880481,70,4830
1,densenet121,pretrained,gs50,adaptive,train,gs50,1337,1,1,slice_level,0.06334841628959276,0.20361990950226244,0.8066974139321443,0.007249729935400087,0.012437608619789462,0.7649726152208185,0.08144796380090498,0.764653782499322,0.7300504962324557,221,44200
1,densenet121,pretrained,gs50,adaptive,train,gs50,1337,1,1,subject_level,0.06334841628959276,0.20361990950226244,0.8066974667941823,0.007249732632442837,0.012437610465578095,0.7655374768962738,0.08144796380090498,0.7646538329340214,0.7299515801231736,221,48620
1,densenet121,pretrained,gs50,adaptive,test,gs50,1337,1,1,slice_level,0.17142857142857143,0.35714285714285715,0.7948732129165105,0.010838204622268676,0.0341728340568287,0.7706566104702751,0.18571428571428572,0.7625929747309004,0.7288688337333947,70,4830
1,densenet121,pretrained,gs50,adaptive,test,gs50,1337,1,1,subject_level,0.17142857142857143,0.35714285714285715,0.7948732835905893,0.010838223355157035,0.03417284666959729,0.7706566104702751,0.18571428571428572,0.7625930232661111,0.7288688787639017,70,4830
1,densenet121,pretrained,gs50,blind,train,raw,1337,1,1,slice_level,0.29411764705882354,0.4434389140271493,0.9972697046008046,0.0007630022942210754,0.005759415591801454,0.8180744149382692,0.3574660633484163,0.9916761779137866,0.9793117039276464,221,44200
1,densenet121,pretrained,gs50,blind,train,raw,1337,1,1,subject_level,0.29411764705882354,0.4434389140271493,0.9972697814665229,0.0007629993274740504,0.0057594151556390714,0.8180375653093246,0.3574660633484163,0.9916762623312246,0.9793206695468766,221,48620
1,densenet121,pretrained,gs50,blind,test,raw,1337,1,1,slice_level,0.4142857142857143,0.6,0.9967088988849095,0.0014756228242601666,0.0180885909391301,0.7849186631174209,0.4142857142857143,0.9906607508659363,0.9789567625177079,70,4830
1,densenet121,pretrained,gs50,blind,test,raw,1337,1,1,subject_level,0.4142857142857143,0.6,0.9967089874403817,0.0014756177152906145,0.01808858944901398,0.7849127477077787,0.4142857142857143,0.9906608351639339,0.9789568562561928,70,4830
2,densenet121,pretrained,gs50,adaptive,train,gs50,1337,1,1,slice_level,0.0945945945945946,0.22522522522522523,0.7753735369927174,0.008821649594349903,0.013428731250937458,0.8086080675269864,0.12162162162162163,0.734169460900195,0.6927109176672257,222,44400
2,densenet121,pretrained,gs50,adaptive,train,gs50,1337,1,1,subject_level,0.0945945945945946,0.22522522522522523,0.7753735834413821,0.008821656306584677,0.013428731779525947,0.8084893778454987,0.11711711711711711,0.734169510302243,0.6926841814661525,222,49062
2,densenet121,pretrained,gs50,adaptive,test,gs50,1337,1,1,slice_level,0.10144927536231885,0.30434782608695654,0.7684956685356472,0.009910960128341896,0.0361858442209769,0.7612340462334902,0.08695652173913043,0.7334357024966807,0.6980510680521033,69,4692
2,densenet121,pretrained,gs50,adaptive,test,gs50,1337,1,1,subject_level,0.10144927536231885,0.30434782608695654,0.7684957056805708,0.009910944579304129,0.03618584184542946,0.7612340462334903,0.08695652173913043,0.7334357482799585,0.6980511112057645,69,4692
2,densenet121,pretrained,gs50,blind,train,raw,1337,1,1,slice_level,0.3063063063063063,0.4774774774774775,0.9986287567529593,0.00044170961723671306,0.004944068799214857,0.8385619065010957,0.36036036036036034,0.9965796371301016,0.9919846792787582,222,44400
2,densenet121,pretrained,gs50,blind,train,raw,1337,1,1,subject_level,0.3063063063063063,0.4774774774774775,0.9986288378367553,0.00044171606098209414,0.004944068853751765,0.8384729048481036,0.36036036036036034,0.996579723315196,0.9919889911272411,222,49062
2,densenet121,pretrained,gs50,blind,test,raw,1337,1,1,slice_level,0.37681159420289856,0.5942028985507246,0.9983372325482576,0.0005403869393943013,0.015763769493154858,0.8371881834019053,0.30434782608695654,0.9968021650245225,0.9922931631050451,69,4692
2,densenet121,pretrained,gs50,blind,test,raw,1337,1,1,subject_level,0.37681159420289856,0.5942028985507246,0.9983372956082441,0.0005403912585714589,0.01576376634825399,0.8371866389908199,0.30434782608695654,0.996802240178205,0.9922932426414222,69,4692
3,densenet121,pretrained,gs50,adaptive,train,gs50,1337,1,1,slice_level,0.07207207207207207,0.22972972972972974,0.7917880407861762,0.008819904681798574,0.016762798194781884,0.8203858757406055,0.15765765765765766,0.7491935768105962,0.6867829855920764,222,44400
3,densenet121,pretrained,gs50,adaptive,train,gs50,1337,1,1,subject_level,0.07207207207207207,0.22972972972972974,0.7917880923361391,0.008819901996904665,0.016762799109323875,0.8203009631864957,0.15765765765765766,0.7491936232592609,0.6867742194664239,222,49062
3,densenet121,pretrained,gs50,adaptive,test,gs50,1337,1,1,slice_level,0.10144927536231885,0.2753623188405797,0.7785096203071483,0.010301240976305975,0.037617302945126656,0.7684927783337657,0.057971014492753624,0.7397671333257703,0.703968964269399,69,4692
3,densenet121,pretrained,gs50,adaptive,test,gs50,1337,1,1,subject_level,0.10144927536231885,0.2753623188405797,0.7785096712734388,0.010301234929457954,0.037617305050725525,0.7684927783337657,0.057971014492753624,0.7397671825643899,0.7039690068514044,69,4692
3,densenet121,pretrained,gs50,blind,train,raw,1337,1,1,slice_level,0.34234234234234234,0.49099099099099097,0.9984959884806797,0.0005107884471480911,0.004915038761389148,0.8427798068338608,0.4009009009009009,0.9968019624551138,0.9922965182189469,222,44400
3,densenet121,pretrained,gs50,blind,train,raw,1337,1,1,subject_level,0.34234234234234234,0.49099099099099097,0.998496078693115,0.0005107881786587002,0.004915038992122219,0.8426898067200135,0.4009009009009009,0.9968020497141657,0.9922991007898115,222,49062
3,densenet121,pretrained,gs50,blind,test,raw,1337,1,1,slice_level,0.4492753623188406,0.5942028985507246,0.9982106305550837,0.0007428872412529545,0.015619718064756496,0.8384329787365482,0.37681159420289856,0.9968765628510627,0.9928564675984378,69,4692
3,densenet121,pretrained,gs50,blind,test,raw,1337,1,1,subject_level,0.4492753623188406,0.5942028985507246,0.9982106936150703,0.0007428639176963032,0.015619714258481627,0.8384329787365482,0.37681159420289856,0.996876647506935,0.992856548786265,69,4692
4,densenet121,pretrained,gs50,adaptive,train,gs50,1337,1,1,slice_level,0.07657657657657657,0.17567567567567569,0.8038140645435264,0.007508437375764589,0.012637380179152027,0.7591045268241214,0.09009009009009009,0.75968469290046,0.7254107738829948,222,44400
4,densenet121,pretrained,gs50,adaptive,train,gs50,1337,1,1,subject_level,0.07657657657657657,0.17567567567567569,0.8038141201208303,0.007508443014041797,0.01263738121535327,0.7588997980492416,0.09009009009009009,0.7596847420340186,0.7254302386944811,222,49062
4,densenet121,pretrained,gs50,adaptive,test,gs50,1337,1,1,slice_level,0.14492753623188406,0.4057971014492754,0.7965205208114956,0.009699604649474655,0.038492385486977684,0.7604340412913747,0.14492753623188406,0.761170366536016,0.7206124093348616,69,4692
4,densenet121,pretrained,gs50,adaptive,test,gs50,1337,1,1,subject_level,0.14492753623188406,0.4057971014492754,0.7965205899183301,0.009699621062347855,0.03849239134486171,0.7604340412913748,0.14492753623188406,0.7611704114554585,0.7206124614317602,69,4692
4,densenet121,pretrained,gs50,blind,train,raw,1337,1,1,slice_level,0.2882882882882883,0.4144144144144144,0.99833731984233,0.0005184350250003574,0.005032995373832884,0.8066358250142034,0.2972972972972973,0.9955719081131188,0.9904145512642624,222,44400
4,densenet121,pretrained,gs50,blind,train,raw,1337,1,1,subject_level,0.2882882882882883,0.4144144144144144,0.9983373987782109,0.0005184309976594943,0.005032995369637737,0.8062995121818651,0.2972972972972973,0.9955719859750422,0.9904133264324813,222,49062
4,densenet121,pretrained,gs50,blind,test,raw,1337,1,1,slice_level,0.36231884057971014,0.5362318840579711,0.9978603556536246,0.000724428805752077,0.01598862731370373,0.7963848425318456,0.3333333333333333,0.9951771670493527,0.9908184862782177,69,4692
4,densenet121,pretrained,gs50,blind,test,raw,1337,1,1,subject_level,0.36231884057971014,0.5362318840579711,0.9978604670883953,0.0007244383079418237,0.015988630755548027,0.79637712047642,0.3333333333333333,0.9951772465222124,0.9908185819861021,69,4692
0,densenet121,scratch,raw,adaptive,train,raw,1337,1,1,slice_level,0.4253393665158371,0.6425339366515838,0.978768655077904,0.005082567353054409,0.011586195186657064,0.9258543539239573,0.5067873303167421,0.9675096599764414,0.9025842388965425,221,44200
0,densenet121,scratch,raw,adaptive,train,raw,1337,1,1,subject_level,0.4253393665158371,0.6425339366515838,0.9787687103672804,0.0050825635771945595,0.011586195230905422,0.9257254058159035,0.5067873303167421,0.9675097182325648,0.9026955252049735,221,48620
0,densenet121,scratch,raw,adaptive,test,raw,1337,1,1,slice_level,0.4857142857142857,0.6857142857142857,0.977715688092368,0.007466070992606027,0.036110761229481016,0.9055427388346643,0.44285714285714284,0.9647770030157906,0.9008686545349303,70,4830
0,densenet121,scratch,raw,adaptive,test,raw,1337,1,1,subject_level,0.4857142857142857,0.6857142857142857,0.977715768132891,0.007466083765029908,0.03611076410327639,0.9055427388346643,0.44285714285714284,0.9647770702838898,0.9008687220004775,70,4830
1,densenet121,scratch,raw,adaptive,train,raw,1337,1,1,slice_level,0.40271493212669685,0.6063348416289592,0.9846857759208162,0.004161251346450046,0.017254074420189964,0.9199109354845316,0.46153846153846156,0.9699211055876443,0.7992551707648314,221,44200
1,densenet121,scratch,raw,adaptive,train,raw,1337,1,1,subject_level,0.40271493212669685,0.6063348416289592,0.9846858330981224,0.004161258628465472,0.01725407708351968,0.9199371429741405,0.46153846153846156,0.9699211633043592,0.7992189347431377,221,48620
1,densenet121,scratch,raw,adaptive,test,raw,1337,1,1,slice_level,0.5142857142857142,0.7428571428571429,0.9799988516739436,0.005864286422729492,0.0466825152614287,0.89597752144336,0.42857142857142855,0.9664715894630977,0.8721053630915735,70,4830
1,densenet121,scratch,raw,adaptive,test,raw,1337,1,1,subject_level,0.5142857142857142,0.7428571428571429,0.9799989095755985,0.005864290680204119,0.04668254854955844,0.89597752144336,0.42857142857142855,0.9664716354438236,0.8721053972500945,70,4830
2,densenet121,scratch,raw,adaptive,train,raw,1337,1,1,slice_level,0.40540540540540543,0.5855855855855856,0.9876084926429095,0.0044131719314300264,0.021250568753997754,0.907880397289181,0.16666666666666666,0.9672958791792929,0.7166682092590375,222,44400
2,densenet121,scratch,raw,adaptive,train,raw,1337,1,1,subject_level,0.40540540540540543,0.5855855855855856,0.9876085707733223,0.0044131840134526154,0.02125057242894629,0.9077111843407552,0.16666666666666666,0.9672959358305544,0.7169313116641397,222,49062
2,densenet121,scratch,raw,adaptive,test,raw,1337,1,1,slice_level,0.37681159420289856,0.6086956521739131,0.9830219546953837,0.006428459416265073,0.06242051785406859,0.8667296786389413,0.37681159420289856,0.9416746212088544,0.7664512941154881,69,4692
2,densenet121,scratch,raw,adaptive,test,raw,1337,1,1,subject_level,0.37681159420289856,0.6086956521739131,0.9830220082531804,0.0064284464587336,0.062420511537271996,0.8667296786389415,0.37681159420289856,0.9416746756304866,0.7664513411881674,69,4692
3,densenet121,scratch,raw,adaptive,train,raw,1337,1,1,slice_level,0.3153153153153153,0.46846846846846846,0.9834287451194214,0.003510968642191844,0.01919819586616647,0.9068486729973217,0.1981981981981982,0.9630052726547997,0.7895173138440461,222,44400
3,densenet121,scratch,raw,adaptive,train,raw,1337,1,1,subject_level,0.3153153153153153,0.46846846846846846,0.9834287980118314,0.003510965957297935,0.019198195790653832,0.9068204195390203,0.1981981981981982,0.9630053279636143,0.7894080187225598,222,49062
3,densenet121,scratch,raw,adaptive,test,raw,1337,1,1,slice_level,0.36231884057971014,0.5797101449275363,0.9814292831697325,0.005382949891297713,0.0540208460736102,0.8669397185465239,0.2608695652173913,0.9531536931576936,0.8220242651501783,69,4692
3,densenet121,scratch,raw,adaptive,test,raw,1337,1,1,subject_level,0.36231884057971014,0.5797101449275363,0.9814293583234152,0.005382961121158323,0.05402085492792337,0.866939718546524,0.2608695652173913,0.9531537588091864,0.8220243189747478,69,4692
4,densenet121,scratch,raw,adaptive,train,raw,1337,1,1,slice_level,0.4009009009009009,0.5405405405405406,0.9780221358612851,0.004436321086711712,0.011501803289394121,0.8740808375943511,0.46396396396396394,0.9597762275386501,0.9018407785355508,222,44400
4,densenet121,scratch,raw,adaptive,train,raw,1337,1,1,subject_level,0.4009009009009009,0.5405405405405406,0.9780221909016102,0.00443633290024491,0.011501803945934584,0.8741354476648595,0.46396396396396394,0.9597762785516344,0.9018003598689586,222,49062
4,densenet121,scratch,raw,adaptive,test,raw,1337,1,1,slice_level,0.36231884057971014,0.6521739130434783,0.9755063264266305,0.005910377571548241,0.036070916126819626,0.8840919480583662,0.34782608695652173,0.9602169273556143,0.9016288608465048,69,4692
4,densenet121,scratch,raw,adaptive,test,raw,1337,1,1,subject_level,0.36231884057971014,0.6521739130434783,0.9755063860312753,0.0059103870737379875,0.03607091796246992,0.8840919480583663,0.34782608695652173,0.960216974866563,0.901628910237566,69,4692
0,densenet121,scratch,gs0,adaptive,train,gs0,1337,1,1,slice_level,0.502262443438914,0.669683257918552,0.9819658849034374,0.004895658514618334,0.015276224917112701,0.926057410781925,0.5701357466063348,0.969759741789615,0.8589017020644646,221,44200
0,densenet121,scratch,gs0,adaptive,train,gs0,1337,1,1,subject_level,0.502262443438914,0.669683257918552,0.9819659407322223,0.0048956652572252094,0.015276226092854776,0.9259924597627552,0.5701357466063348,0.9697598013942598,0.8589982776044083,221,48620
0,densenet121,scratch,gs0,adaptive,test,gs0,1337,1,1,slice_level,0.5142857142857142,0.6857142857142857,0.9791890144348144,0.00711895397731236,0.0412809770288212,0.8968884945282461,0.42857142857142855,0.965018002476011,0.8831809265766578,70,4830
0,densenet121,scratch,gs0,adaptive,test,gs0,1337,1,1,subject_level,0.5142857142857142,0.6857142857142857,0.9791890527520861,0.007118955680302211,0.041280974873474666,0.8968884945282461,0.42857142857142855,0.9650180407932827,0.8831809690526801,70,4830
0,densenet121,scratch,gs0,blind,train,raw,1337,1,1,slice_level,0.39819004524886875,0.5248868778280543,0.9961877559644604,0.0010630137780133415,0.005923350434328905,0.8431085563358653,0.45701357466063347,0.9909375191274272,0.9763671822663885,221,44200
0,densenet121,scratch,gs0,blind,train,raw,1337,1,1,subject_level,0.39819004524886875,0.5248868778280543,0.9961878190752608,0.0010630272632270916,0.0059233503395109965,0.8430077375379479,0.45701357466063347,0.9909375860140874,0.9763794152200197,221,48620
0,densenet121,scratch,gs0,blind,test,raw,1337,1,1,slice_level,0.4142857142857143,0.6,0.9955974067960467,0.0012870728969573975,0.01833561539117779,0.8386217095533866,0.42857142857142855,0.9907821084771837,0.977152882587342,70,4830
0,densenet121,scratch,gs0,blind,test,raw,1337,1,1,subject_level,0.4142857142857143,0.6,0.9955974510737828,0.0012870831148965019,0.018335614406636783,0.8386217095533866,0.42857142857142855,0.990782174042293,0.9771529293084984,70,4830
1,densenet121,scratch,gs0,adaptive,train,gs0,1337,1,1,slice_level,0.5339366515837104,0.6923076923076923,0.9844971361203431,0.004759304394009966,0.015597255369521914,0.9414264654695849,0.583710407239819,0.9769459471983069,0.8391989577753781,221,44200
1,densenet121,scratch,gs0,adaptive,train,gs0,1337,1,1,subject_level,0.5339366515837104,0.6923076923076923,0.984497188982381,0.00475931491247669,0.015597255045033958,0.9412796811918452,0.583710407239819,0.9769459962844849,0.8391623280485782,221,48620
1,densenet121,scratch,gs0,adaptive,test,gs0,1337,1,1,slice_level,0.5428571428571428,0.6428571428571429,0.9805145101887839,0.007310952459062848,0.0410949579040919,0.8695090209997043,0.4714285714285714,0.9620482887540545,0.8839670139563504,70,4830
1,densenet121,scratch,gs0,adaptive,test,gs0,1337,1,1,subject_level,0.5428571428571428,0.6428571428571429,0.9805145663874489,0.007310931171689715,0.041094948617475376,0.8695090209997043,0.4714285714285714,0.9620483483586992,0.8839670775963406,70,4830
1,densenet121,scratch,gs0,blind,train,raw,1337,1,1,slice_level,0.40271493212669685,0.5158371040723982,0.9962908301957593,0.0010292343963864703,0.00590851105648468,0.8658487234086116,0.42081447963800905,0.9918234186474554,0.9766477289283437,221,44200
1,densenet121,scratch,gs0,blind,train,raw,1337,1,1,subject_level,0.40271493212669685,0.5158371040723982,0.9962909019370964,0.0010292527362771703,0.0059085120510191935,0.8660184438930778,0.42081447963800905,0.9918234841855942,0.9766319744825265,221,48620
1,densenet121,scratch,gs0,blind,test,raw,1337,1,1,slice_level,0.44285714285714284,0.6,0.9959290300096785,0.001631314413888114,0.018447179054575307,0.8206832298136647,0.4,0.9895844655377525,0.9771184398520807,70,4830
1,densenet121,scratch,gs0,blind,test,raw,1337,1,1,subject_level,0.44285714285714284,0.6,0.9959290930203029,0.0016313127108982632,0.018447182114635197,0.8206832298136646,0.4,0.9895845140729632,0.9771184937307307,70,4830
2,densenet121,scratch,gs0,adaptive,train,gs0,1337,1,1,slice_level,0.5315315315315315,0.6756756756756757,0.9800722940011067,0.005120600397522385,0.011758955877257494,0.9135562251440629,0.5675675675675675,0.9684402658058716,0.8963277058101989,222,44400
2,densenet121,scratch,gs0,adaptive,train,gs0,1337,1,1,subject_level,0.5315315315315315,0.6756756756756757,0.9800723493099213,0.005120595027734568,0.011758957049801006,0.9134605744303678,0.5675675675675675,0.9684403181613028,0.8962943742523172,222,49062
2,densenet121,scratch,gs0,adaptive,test,gs0,1337,1,1,slice_level,0.5652173913043478,0.7246376811594203,0.978279729684194,0.0062403635702271395,0.03417527991468492,0.9169693712393591,0.5217391304347826,0.9701465877933778,0.9010612165201249,69,4692
2,densenet121,scratch,gs0,adaptive,test,gs0,1337,1,1,subject_level,0.5652173913043478,0.7246376811594203,0.9782797996548639,0.006240393804467242,0.034175283046088356,0.9169693712393591,0.5217391304347826,0.970146656036377,0.9010612710433847,69,4692
2,densenet121,scratch,gs0,blind,train,raw,1337,1,1,slice_level,0.3738738738738739,0.527027027027027,0.9945189501788165,0.0015348620242900677,0.006484965271492665,0.8582735269052837,0.45045045045045046,0.9878293904098304,0.9667486750784221,222,44400
2,densenet121,scratch,gs0,blind,train,raw,1337,1,1,subject_level,0.3738738738738739,0.527027027027027,0.9945190108574189,0.0015348711529293575,0.006484965913350115,0.8583694064616163,0.45045045045045046,0.9878294462556237,0.9667591146289838,222,49062
2,densenet121,scratch,gs0,blind,test,raw,1337,1,1,slice_level,0.4492753623188406,0.6521739130434783,0.9937095201533773,0.0019046301427094834,0.02031565190333387,0.8705505516636396,0.391304347826087,0.9890515285989513,0.9671704749190085,69,4692
2,densenet121,scratch,gs0,blind,test,raw,1337,1,1,subject_level,0.4492753623188406,0.6521739130434783,0.9937095711196678,0.0019046335980512094,0.020315648151048714,0.870552096074725,0.391304347826087,0.9890516089356464,0.9671705397574798,69,4692
3,densenet121,scratch,gs0,adaptive,train,gs0,1337,1,1,slice_level,0.46396396396396394,0.6396396396396397,0.9853957566592071,0.0039968896019566165,0.016702427230943163,0.9214068967616265,0.5315315315315315,0.9727527534102535,0.8093657071082979,222,44400
3,densenet121,scratch,gs0,adaptive,train,gs0,1337,1,1,subject_level,0.46396396396396394,0.6396396396396397,0.98539581706932,0.003996885037636972,0.016702426975039212,0.9214955906132376,0.5315315315315315,0.9727528079135997,0.8092015117600012,222,49062
3,densenet121,scratch,gs0,adaptive,test,gs0,1337,1,1,slice_level,0.4492753623188406,0.6231884057971014,0.9797483794931052,0.005829777406609576,0.04767684511624384,0.8271664998702694,0.4057971014492754,0.9507845959801605,0.8655104608753758,69,4692
3,densenet121,scratch,gs0,adaptive,test,gs0,1337,1,1,subject_level,0.4492753623188406,0.6231884057971014,0.9797484572382941,0.005829772223596988,0.047676849165472435,0.8271664998702695,0.4057971014492754,0.950784671133843,0.865510520657869,69,4692
3,densenet121,scratch,gs0,blind,train,raw,1337,1,1,slice_level,0.3918918918918919,0.4864864864864865,0.9969615560394149,0.0008826384673247467,0.005607448102956688,0.8317265745475205,0.42792792792792794,0.9923587156845642,0.980981520602295,222,44400
3,densenet121,scratch,gs0,blind,train,raw,1337,1,1,subject_level,0.3918918918918919,0.4864864864864865,0.9969616220878051,0.000882646522006473,0.005607448549739815,0.8318545095174665,0.42792792792792794,0.9923587811959756,0.9809733534441425,222,49062
3,densenet121,scratch,gs0,blind,test,raw,1337,1,1,slice_level,0.4057971014492754,0.5942028985507246,0.9965319426163383,0.0013824200284653816,0.017898976343913353,0.8380700421315345,0.4057971014492754,0.9929211597511733,0.9810158010232377,69,4692
3,densenet121,scratch,gs0,blind,test,raw,1337,1,1,subject_level,0.4057971014492754,0.5942028985507246,0.9965320004933123,0.0013824113901110663,0.01789897472422192,0.8380684977204492,0.4057971014492754,0.992921221083489,0.981015863689417,69,4692
4,densenet121,scratch,gs0,adaptive,train,gs0,1337,1,1,slice_level,0.46846846846846846,0.6261261261261262,0.9788155928925351,0.0039691060512989495,0.010181348143682422,0.8855408956253551,0.5585585585585585,0.9656569546944386,0.9096725275468182,222,44400
4,densenet121,scratch,gs0,adaptive,train,gs0,1337,1,1,subject_level,0.46846846846846846,0.6261261261261262,0.9788156581354571,0.003969104171873213,0.010181348942857873,0.8854506487654341,0.5540540540540541,0.9656570180579349,0.9097335682757052,222,49062
4,densenet121,scratch,gs0,adaptive,test,gs0,1337,1,1,slice_level,0.5072463768115942,0.7101449275362319,0.9765735657318778,0.004341574682705645,0.03151147907086904,0.9280551540086734,0.4927536231884058,0.9696300262990205,0.9081173001043022,69,4692
4,densenet121,scratch,gs0,adaptive,test,gs0,1337,1,1,subject_level,0.5072463768115942,0.7101449275362319,0.9765736236088518,0.00434157813804737,0.0315114785309719,0.9280551540086733,0.4927536231884058,0.9696300867675007,0.9081173526966358,69,4692
4,densenet121,scratch,gs0,blind,train,raw,1337,1,1,slice_level,0.3333333333333333,0.4774774774774775,0.9941726651814606,0.0012378595970772407,0.006156849771368879,0.800320337229121,0.36486486486486486,0.9862470522120192,0.9706517966279575,222,44400
4,densenet121,scratch,gs0,blind,train,raw,1337,1,1,subject_level,0.3333333333333333,0.4774774774774775,0.9941727199532964,0.0012378418767774427,0.006156849465123168,0.800278724364575,0.36486486486486486,0.9862471120851534,0.9706656022724669,222,49062
4,densenet121,scratch,gs0,blind,test,raw,1337,1,1,slice_level,0.37681159420289856,0.5362318840579711,0.9931998805723329,0.0015551154164300449,0.020429724989377934,0.8234799906099806,0.3188405797101449,0.9868327396503394,0.966492418094974,69,4692
4,densenet121,scratch,gs0,blind,test,raw,1337,1,1,subject_level,0.37681159420289856,0.5362318840579711,0.9931999496791674,0.0015551249186197917,0.020429728579693947,0.823483079432151,0.3188405797101449,0.9868328027103258,0.9664924778647638,69,4692
0,densenet121,scratch,gs10,adaptive,train,gs10,1337,1,1,slice_level,0.3665158371040724,0.5384615384615384,0.9854282890509696,0.00377880313277784,0.021088655481780814,0.902409041583915,0.3936651583710407,0.9625465103943424,0.759713572368228,221,44200
0,densenet121,scratch,gs10,adaptive,train,gs10,1337,1,1,subject_level,0.3665158371040724,0.5384615384615384,0.9854283454191631,0.0037788050207077646,0.02108865629510777,0.9021407126278034,0.3891402714932127,0.9625465694595786,0.7600717469467542,221,48620
0,densenet121,scratch,gs10,adaptive,test,gs10,1337,1,1,slice_level,0.32857142857142857,0.45714285714285713,0.9825940106596266,0.006717256137302944,0.07411844890032496,0.8260544217687075,0.2714285714285714,0.9219499613557544,0.7406784927252656,70,4830
0,densenet121,scratch,gs10,adaptive,test,gs10,1337,1,1,subject_level,0.32857142857142857,0.45714285714285713,0.9825940694127764,0.00671726039477757,0.07411845698952675,0.8260544217687075,0.2714285714285714,0.9219500201089041,0.7406785347631999,70,4830
0,densenet121,scratch,gs10,blind,train,raw,1337,1,1,slice_level,0.34841628959276016,0.5203619909502263,0.9985932842638697,0.0004578221977026754,0.0053410938881944476,0.8259958846051474,0.39819004524886875,0.9952944665472971,0.9865578764097184,221,44200
0,densenet121,scratch,gs10,blind,train,raw,1337,1,1,subject_level,0.34841628959276016,0.5203619909502263,0.9985933503414172,0.0004578273220839004,0.005341094366498123,0.8262514169354733,0.39819004524886875,0.9952945266913504,0.9865377045043061,221,48620
0,densenet121,scratch,gs10,blind,test,raw,1337,1,1,slice_level,0.35714285714285715,0.5285714285714286,0.9983348693166461,0.0006639369896480015,0.01677349419998271,0.8226515823720792,0.37142857142857144,0.9951671574796949,0.9865441349228964,70,4830
0,densenet121,scratch,gs10,blind,test,raw,1337,1,1,subject_level,0.35714285714285715,0.5285714285714286,0.9983349578721182,0.0006639412471226284,0.016773497911968402,0.8226471458148477,0.37142857142857144,0.995167236668723,0.9865442080527359,70,4830
1,densenet121,scratch,gs10,adaptive,train,gs10,1337,1,1,slice_level,0.45248868778280543,0.6153846153846154,0.9783414200420293,0.003525967511656058,0.009974772411891642,0.9152555742101923,0.5067873303167421,0.9689142690524796,0.9111361318435605,221,44200
1,densenet121,scratch,gs10,adaptive,train,gs10,1337,1,1,subject_level,0.45248868778280543,0.6153846153846154,0.9783414793769698,0.0035259645449090327,0.0099747730819382,0.9152604183147169,0.5067873303167421,0.968914324341856,0.9111237796723034,221,48620
1,densenet121,scratch,gs10,adaptive,test,gs10,1337,1,1,slice_level,0.4714285714285714,0.6571428571428571,0.9769162825175695,0.0049978290285382955,0.029634217598608563,0.8513132209405501,0.4,0.960039142199925,0.9148492791514465,70,4830
1,densenet121,scratch,gs10,adaptive,test,gs10,1337,1,1,subject_level,0.4714285714285714,0.6571428571428571,0.9769163233893258,0.004997815404619489,0.029634218636368004,0.8513132209405502,0.4,0.9600391830716815,0.9148493258109004,70,4830
1,densenet121,scratch,gs10,blind,train,raw,1337,1,1,slice_level,0.35294117647058826,0.497737556561086,0.9945907004818118,0.0012253452749813303,0.006490631050080465,0.8607687189041993,0.416289592760181,0.9884185950141148,0.9669856527299363,221,44200
1,densenet121,scratch,gs10,blind,train,raw,1337,1,1,subject_level,0.35294117647058826,0.497737556561086,0.9945907633229079,0.0012253466235027054,0.006490631197574991,0.8607376254301994,0.416289592760181,0.988418652191421,0.9670102726121049,221,48620
1,densenet121,scratch,gs10,blind,test,raw,1337,1,1,slice_level,0.37142857142857144,0.5428571428571428,0.9942169862134116,0.002056315115519932,0.020150300514485155,0.7994365572315881,0.4,0.9838990816048213,0.9682284653310204,70,4830
1,densenet121,scratch,gs10,blind,test,raw,1337,1,1,subject_level,0.37142857142857144,0.5428571428571428,0.9942170705114092,0.0020563270364488875,0.020150303494717393,0.7994380360839989,0.4,0.9838991676058088,0.9682285346476435,70,4830
2,densenet121,scratch,gs10,adaptive,train,gs10,1337,1,1,slice_level,0.47297297297297297,0.6351351351351351,0.9801983290964419,0.0038625767102112643,0.0145647884010933,0.9251630346562779,0.5315315315315315,0.9672817716727385,0.8661902725206571,222,44400
2,densenet121,scratch,gs10,adaptive,train,gs10,1337,1,1,subject_level,0.47297297297297297,0.6351351351351351,0.9801983774245322,0.003862565433656847,0.014564788484996235,0.925094915754693,0.5315315315315315,0.9672818237596804,0.8662736448683132,222,49062
2,densenet121,scratch,gs10,adaptive,test,gs10,1337,1,1,slice_level,0.5797101449275363,0.7681159420289855,0.9778878429661626,0.006273282610851786,0.039008261608904686,0.9213894757651012,0.5362318840579711,0.9686552260233008,0.884590640041631,69,4692
2,densenet121,scratch,gs10,adaptive,test,gs10,1337,1,1,subject_level,0.5797101449275363,0.7681159420289855,0.9778879189836807,0.006273270517155744,0.039008264551344124,0.9213894757651012,0.5362318840579711,0.9686552934024645,0.8845907033810937,69,4692
2,densenet121,scratch,gs10,blind,train,raw,1337,1,1,slice_level,0.36936936936936937,0.5180180180180181,0.9969854706579501,0.0009392118668771005,0.005742219614435558,0.8447877607337068,0.42792792792792794,0.99233153005978,0.9791284213812501,222,44400
2,densenet121,scratch,gs10,blind,train,raw,1337,1,1,subject_level,0.36936936936936937,0.5180180180180181,0.9969855265037434,0.0009392038121953741,0.005742219742387533,0.8448154954514255,0.42792792792792794,0.9923315845631264,0.9791520399514405,222,49062
2,densenet121,scratch,gs10,blind,test,raw,1337,1,1,slice_level,0.391304347826087,0.6521739130434783,0.9962671122689178,0.0011209569115569625,0.018117301759944446,0.8599744245524298,0.3333333333333333,0.9929836202358854,0.9793271825467026,69,4692
2,densenet121,scratch,gs10,blind,test,raw,1337,1,1,subject_level,0.391304347826087,0.6521739130434783,0.996267178784246,0.001120974188265593,0.018117301004088444,0.8599744245524298,0.3333333333333333,0.9929836781128593,0.979327255032658,69,4692
3,densenet121,scratch,gs10,adaptive,train,gs10,1337,1,1,slice_level,0.35585585585585583,0.536036036036036,0.9804607366656398,0.0035746473449844497,0.014721094567731425,0.8910006290073857,0.3963963963963964,0.9621632845552118,0.872810774091799,222,44400
3,densenet121,scratch,gs10,adaptive,train,gs10,1337,1,1,subject_level,0.35585585585585583,0.536036036036036,0.9804607857991984,0.0035746451970693227,0.014721092386255125,0.8911170862681197,0.3963963963963964,0.962163343085899,0.8727148004675906,222,49062
3,densenet121,scratch,gs10,adaptive,test,gs10,1337,1,1,slice_level,0.5072463768115942,0.5942028985507246,0.9787726022195125,0.005225727523582569,0.03390392731281294,0.8130830151846498,0.4782608695652174,0.9559708747310914,0.8965296060964782,69,4692
3,densenet121,scratch,gs10,adaptive,test,gs10,1337,1,1,subject_level,0.5072463768115942,0.5942028985507246,0.9787726350452589,0.005225718021392822,0.03390392059109349,0.8130814707735646,0.4782608695652174,0.9559709006461544,0.896529646379157,69,4692
3,densenet121,scratch,gs10,blind,train,raw,1337,1,1,slice_level,0.3783783783783784,0.4954954954954955,0.9963209419637113,0.0009142708134006809,0.0057487326405673955,0.8318659199740281,0.4144144144144144,0.99142268058416,0.9782767413355209,222,44400
3,densenet121,scratch,gs10,blind,train,raw,1337,1,1,subject_level,0.3783783783783784,0.4954954954954955,0.9963210082805909,0.0009142775256354529,0.005748733276132125,0.8318249918011444,0.4144144144144144,0.9914227404572942,0.9782737840923278,222,49062
3,densenet121,scratch,gs10,blind,test,raw,1337,1,1,slice_level,0.4057971014492754,0.5652173913043478,0.9959911410359369,0.0014874382295470307,0.01814848829762659,0.8325580389685805,0.391304347826087,0.9919232518776603,0.9794011295908858,69,4692
3,densenet121,scratch,gs10,blind,test,raw,1337,1,1,subject_level,0.4057971014492754,0.5652173913043478,0.9959912023682526,0.0014874347742053046,0.01814848624601744,0.8325595833796657,0.391304347826087,0.9919233166653177,0.9794011975417052,69,4692
4,densenet121,scratch,gs10,adaptive,train,gs10,1337,1,1,slice_level,0.42792792792792794,0.5855855855855856,0.9783907978384344,0.0034923008433333388,0.010083073680918361,0.8778013148283419,0.509009009009009,0.9633491640692359,0.9097066018119588,222,44400
4,densenet121,scratch,gs10,adaptive,train,gs10,1337,1,1,subject_level,0.42792792792792794,0.5855855855855856,0.9783908630813565,0.0034923032597378566,0.010083074983511423,0.8779144957602828,0.509009009009009,0.9633492236738807,0.9096296064039016,222,49062
4,densenet121,scratch,gs10,adaptive,test,gs10,1337,1,1,slice_level,0.42028985507246375,0.6956521739130435,0.9758889709693798,0.004565651865972989,0.03139428899663946,0.907928388746803,0.43478260869565216,0.9668917042621668,0.907232137884427,69,4692
4,densenet121,scratch,gs10,adaptive,test,gs10,1337,1,1,subject_level,0.42028985507246375,0.6956521739130435,0.9758890236633412,0.00456565791282101,0.03139428986047489,0.907928388746803,0.43478260869565216,0.96689175090928,0.9072321818511098,69,4692
4,densenet121,scratch,gs10,blind,train,raw,1337,1,1,slice_level,0.3783783783783784,0.527027027027027,0.9961445312779229,0.0011417779836568746,0.005658001464850328,0.8294147187728268,0.4594594594594595,0.9910854742870675,0.97947653094122,222,44400
4,densenet121,scratch,gs10,blind,train,raw,1337,1,1,subject_level,0.3783783783783784,0.527027027027027,0.9961445924935041,0.0011417777151674837,0.005658002152854392,0.829733457316923,0.4594594594594595,0.9910855253000517,0.9794619423778625,222,49062
4,densenet121,scratch,gs10,blind,test,raw,1337,1,1,slice_level,0.42028985507246375,0.5797101449275363,0.995551688083704,0.0015606215034706006,0.018708076543998028,0.8562091503267975,0.43478260869565216,0.9915588066197824,0.9765773452405531,69,4692
4,densenet121,scratch,gs10,blind,test,raw,1337,1,1,subject_level,0.42028985507246375,0.5797101449275363,0.9955517450968424,0.0015606232311414635,0.01870807505928088,0.8562091503267973,0.43478260869565216,0.9915588722712751,0.976577405150081,69,4692
0,densenet121,scratch,gs20,adaptive,train,gs20,1337,1,1,slice_level,0.3212669683257919,0.48868778280542985,0.9838216337143566,0.003069480889523191,0.017816343180396977,0.903153600458631,0.31221719457013575,0.9653908556403078,0.7906258940595577,221,44200
0,densenet121,scratch,gs20,adaptive,train,gs20,1337,1,1,subject_level,0.3212669683257919,0.48868778280542985,0.9838217008707211,0.003069493026215566,0.017816345304318144,0.9036151631174256,0.31221719457013575,0.9653909168631782,0.790338141266724,221,48620
0,densenet121,scratch,gs20,adaptive,test,gs20,1337,1,1,slice_level,0.4142857142857143,0.5857142857142857,0.9798039938722338,0.006143733433314732,0.05786998314516885,0.864170363797693,0.3142857142857143,0.9460735585008349,0.8141034693698211,70,4830
0,densenet121,scratch,gs20,adaptive,test,gs20,1337,1,1,subject_level,0.4142857142857143,0.5857142857142857,0.9798040653978075,0.006143746205738612,0.05786999043609415,0.8641703637976931,0.3142857142857143,0.9460736198084695,0.8141035157577838,70,4830
0,densenet121,scratch,gs20,blind,train,raw,1337,1,1,slice_level,0.4253393665158371,0.5520361990950227,0.9966486805704384,0.001213408433474027,0.006059233512206854,0.8636830736471408,0.49321266968325794,0.9917957130061016,0.9750380470755413,221,44200
0,densenet121,scratch,gs20,blind,train,raw,1337,1,1,subject_level,0.4253393665158371,0.5520361990950227,0.9966487345112934,0.0012134049273184522,0.006059233316249842,0.8638938782803569,0.49321266968325794,0.9917957655984352,0.9750053076023724,221,48620
0,densenet121,scratch,gs20,blind,test,raw,1337,1,1,slice_level,0.4714285714285714,0.6571428571428571,0.9960113755294255,0.0015817838055746897,0.018946927706045762,0.8666045548654244,0.45714285714285713,0.9914578463350023,0.9749334003244128,70,4830
0,densenet121,scratch,gs20,blind,test,raw,1337,1,1,subject_level,0.4714285714285714,0.6571428571428571,0.9960114359855652,0.001581780399594988,0.018946928584149907,0.8666045548654243,0.45714285714285713,0.9914578948702131,0.9749334596822474,70,4830
1,densenet121,scratch,gs20,adaptive,train,gs20,1337,1,1,slice_level,0.45701357466063347,0.5972850678733032,0.9788018494709585,0.003256075792183164,0.011539042177209757,0.8958827112466985,0.4751131221719457,0.9632706930734453,0.8869890868710986,221,44200
1,densenet121,scratch,gs20,adaptive,train,gs20,1337,1,1,subject_level,0.45701357466063347,0.5972850678733032,0.978801900984475,0.003256077949817364,0.01153904216035324,0.8958838140831753,0.4751131221719457,0.9632707432384404,0.8870294538117004,221,48620
1,densenet121,scratch,gs20,adaptive,test,gs20,1337,1,1,slice_level,0.44285714285714284,0.6285714285714286,0.9771255918911526,0.005376808132444109,0.0347468513995409,0.8146524696835256,0.38571428571428573,0.9467301717826299,0.8919632427378964,70,4830
1,densenet121,scratch,gs20,adaptive,test,gs20,1337,1,1,subject_level,0.44285714285714284,0.6285714285714286,0.9771256608622415,0.005376818350383214,0.034746855657015525,0.8146524696835256,0.38571428571428573,0.9467302458626884,0.8919632995042248,70,4830
1,densenet121,scratch,gs20,blind,train,raw,1337,1,1,slice_level,0.5113122171945701,0.6380090497737556,0.9964369451837842,0.001318800233607918,0.005667148861713808,0.9051038062283737,0.49321266968325794,0.9937038076409387,0.9800034427696763,221,44200
1,densenet121,scratch,gs20,blind,train,raw,1337,1,1,subject_level,0.5113122171945701,0.6380090497737556,0.9964369896849895,0.0013187899848454679,0.005667148840643162,0.9051135781971555,0.497737556561086,0.9937038548391869,0.9799929883868936,221,48620
1,densenet121,scratch,gs20,blind,test,raw,1337,1,1,slice_level,0.4857142857142857,0.7,0.9955588017191206,0.001995887075151716,0.01778237106544631,0.8642295178941141,0.45714285714285713,0.9919622157301221,0.9796425400436788,70,4830
1,densenet121,scratch,gs20,blind,test,raw,1337,1,1,subject_level,0.4857142857142857,0.7,0.9955588434423719,0.0019958606788090297,0.01778237000107765,0.8642280390417036,0.45714285714285713,0.9919622583048684,0.9796425808290518,70,4830
2,densenet121,scratch,gs20,adaptive,train,gs20,1337,1,1,slice_level,0.36486486486486486,0.5495495495495496,0.9783200089995926,0.0032139611136805905,0.01145186789149234,0.8744666118821525,0.4369369369369369,0.9599592393046027,0.8878368676232326,222,44400
2,densenet121,scratch,gs20,adaptive,train,gs20,1337,1,1,subject_level,0.36486486486486486,0.5495495495495496,0.9783200573276829,0.003213960039723027,0.011451868155786584,0.8745292314449707,0.44144144144144143,0.9599592862902461,0.8878521509421479,222,49062
2,densenet121,scratch,gs20,adaptive,test,gs20,1337,1,1,slice_level,0.4782608695652174,0.7536231884057971,0.9772021545880083,0.004593503647956295,0.03463272774673026,0.8897846473182845,0.37681159420289856,0.9638503090195034,0.8903939046873969,69,4692
2,densenet121,scratch,gs20,adaptive,test,gs20,1337,1,1,subject_level,0.4782608695652174,0.7536231884057971,0.9772021770477295,0.004593499328779138,0.034632718190550804,0.8897815584961142,0.37681159420289856,0.963850346164427,0.8903939410065954,69,4692
2,densenet121,scratch,gs20,blind,train,raw,1337,1,1,slice_level,0.4954954954954955,0.6126126126126126,0.9957839736530373,0.0015904852398880968,0.005805290874664311,0.877995901306712,0.545045045045045,0.9921285928906621,0.9775567376479373,222,44400
2,densenet121,scratch,gs20,blind,train,raw,1337,1,1,subject_level,0.4954954954954955,0.6126126126126126,0.9957840286933624,0.0015904787961427155,0.005805290564223453,0.8779679306308876,0.545045045045045,0.9921286514213493,0.9775748867794399,222,49062
2,densenet121,scratch,gs20,blind,test,raw,1337,1,1,slice_level,0.4927536231884058,0.6956521739130435,0.995243793812351,0.0017423310141632523,0.01796217972709649,0.8766540642722118,0.4492753623188406,0.9926712849865789,0.9793444084668912,69,4692
2,densenet121,scratch,gs20,blind,test,raw,1337,1,1,subject_level,0.4927536231884058,0.6956521739130435,0.9952438586000083,0.0017423396525175674,0.01796218204865421,0.8766525198611267,0.4492753623188406,0.9926713454550591,0.9793444683383087,69,4692
3,densenet121,scratch,gs20,adaptive,train,gs20,1337,1,1,slice_level,0.4009009009009009,0.545045045045045,0.9777577940945152,0.0031671784482560717,0.01257653597339585,0.8843562819576334,0.42792792792792794,0.9587958079200607,0.8813218037408215,222,44400
3,densenet121,scratch,gs20,adaptive,train,gs20,1337,1,1,subject_level,0.4009009009009009,0.545045045045045,0.9777578370528178,0.003167177642787899,0.012576534970755782,0.8842326642406134,0.43243243243243246,0.9587958532947678,0.8814914116542448,222,49062
3,densenet121,scratch,gs20,adaptive,test,gs20,1337,1,1,slice_level,0.43478260869565216,0.5942028985507246,0.9761712257412897,0.004549881686335025,0.03407638179867164,0.8188652902875075,0.4057971014492754,0.9533740454825802,0.8933337411231093,69,4692
3,densenet121,scratch,gs20,adaptive,test,gs20,1337,1,1,subject_level,0.43478260869565216,0.5942028985507246,0.9761712939842887,0.004549873911816141,0.03407638563194137,0.8188652902875077,0.4057971014492754,0.9533740973127061,0.8933337949349752,69,4692
3,densenet121,scratch,gs20,blind,train,raw,1337,1,1,slice_level,0.4099099099099099,0.5135135135135135,0.9960879675439887,0.0011266142398387463,0.005623520620435745,0.8479866691015339,0.42342342342342343,0.9919897578321062,0.9798847730766546,222,44400
3,densenet121,scratch,gs20,blind,train,raw,1337,1,1,subject_level,0.4099099099099099,0.5135135135135135,0.9960880274171228,0.0011266153137963098,0.0056235205302400905,0.8479695759107524,0.42792792792792794,0.9919898187791979,0.9798909678066906,222,49062
3,densenet121,scratch,gs20,blind,test,raw,1337,1,1,slice_level,0.4782608695652174,0.6521739130434783,0.995616362578627,0.0016714982364488685,0.017765941314291264,0.8626802327736387,0.391304347826087,0.9925818944322891,0.9807057291243896,69,4692
3,densenet121,scratch,gs20,blind,test,raw,1337,1,1,subject_level,0.4782608695652174,0.6521739130434783,0.9956164420514867,0.0016715111939803414,0.017765944985591847,0.8626817771847239,0.391304347826087,0.992581984271174,0.9807057923241141,69,4692
4,densenet121,scratch,gs20,adaptive,train,gs20,1337,1,1,slice_level,0.3963963963963964,0.5945945945945946,0.9801865432176504,0.0030336790793650857,0.013017965388392005,0.8867193206720234,0.4594594594594595,0.9602791360906653,0.8765259112229755,222,44400
4,densenet121,scratch,gs20,adaptive,train,gs20,1337,1,1,subject_level,0.3963963963963964,0.5945945945945946,0.9801865950361028,0.003033678273896913,0.01301796569044257,0.8871782385295899,0.4594594594594595,0.960279186029692,0.8762615137189441,222,49062
4,densenet121,scratch,gs20,adaptive,test,gs20,1337,1,1,slice_level,0.34782608695652173,0.5652173913043478,0.9778753277184307,0.004252678242282591,0.03984590336356474,0.8984858593721042,0.2898550724637681,0.9641514800596929,0.875836482438285,69,4692
4,densenet121,scratch,gs20,adaptive,test,gs20,1337,1,1,subject_level,0.34782608695652173,0.5652173913043478,0.977875374365544,0.004252665284751118,0.039845902256775596,0.8984858593721042,0.2898550724637681,0.9641515388005022,0.8758365311433592,69,4692
4,densenet121,scratch,gs20,blind,train,raw,1337,1,1,slice_level,0.4864864864864865,0.5990990990990991,0.9971739429611344,0.0011286099214811583,0.005403439715706013,0.879743527311095,0.527027027027027,0.9945424072914295,0.9840054933149536,222,44400
4,densenet121,scratch,gs20,blind,train,raw,1337,1,1,subject_level,0.4864864864864865,0.5990990990990991,0.9971739926316716,0.0011286112639281127,0.005403439453509342,0.8798202935722808,0.527027027027027,0.9945424537400942,0.9840087565534158,222,49062
4,densenet121,scratch,gs20,blind,test,raw,1337,1,1,slice_level,0.4782608695652174,0.7101449275362319,0.9967975547348243,0.0014431519784789155,0.017672076281430065,0.8983468623744393,0.4492753623188406,0.994349655897721,0.9822134901241472,69,4692
4,densenet121,scratch,gs20,blind,test,raw,1337,1,1,subject_level,0.4782608695652174,0.7101449275362319,0.996797622113988,0.001443156297656073,0.01767207663236321,0.8983499511966097,0.4492753623188406,0.9943497180938721,0.9822135527903263,69,4692
0,densenet121,scratch,gs30,adaptive,train,gs30,1337,1,1,slice_level,0.23076923076923078,0.3936651583710407,0.9810330150353962,0.0023851917879613815,0.017590193208559875,0.8816377121680555,0.2171945701357466,0.9568047723079699,0.8043579073048015,221,44200
0,densenet121,scratch,gs30,adaptive,train,gs30,1337,1,1,subject_level,0.23076923076923078,0.3936651583710407,0.9810330751794496,0.0023851850453545063,0.01759019445594215,0.8818761621662873,0.2171945701357466,0.956804830294389,0.8040186385910288,221,48620
0,densenet121,scratch,gs30,adaptive,test,gs30,1337,1,1,slice_level,0.32857142857142857,0.5285714285714286,0.9770094999245235,0.004278591700962612,0.05401102325745991,0.8411106181603076,0.2714285714285714,0.9418769998209817,0.8270074113247063,70,4830
0,densenet121,scratch,gs30,adaptive,test,gs30,1337,1,1,subject_level,0.32857142857142857,0.5285714285714286,0.9770095705986023,0.004278596809932164,0.05401102267205715,0.8411120970127182,0.2714285714285714,0.9418770721980504,0.8270074754459764,70,4830
0,densenet121,scratch,gs30,blind,train,raw,1337,1,1,slice_level,0.34841628959276016,0.5067873303167421,0.9974320250398973,0.0008287489144510813,0.00597222016205615,0.8356561085972851,0.40271493212669685,0.991747047297016,0.9765841581433068,221,44200
0,densenet121,scratch,gs30,blind,train,raw,1337,1,1,subject_level,0.34841628959276016,0.5067873303167421,0.997432095432713,0.0008287521509023813,0.005972220240017543,0.8353067281401059,0.40271493212669685,0.9917471182292403,0.9766450425851301,221,48620
0,densenet121,scratch,gs30,blind,test,raw,1337,1,1,slice_level,0.32857142857142857,0.5571428571428572,0.9970005869865417,0.0010433171476636614,0.018590963285948548,0.8287000887311445,0.34285714285714286,0.9913266735417502,0.9770650794417222,70,4830
0,densenet121,scratch,gs30,blind,test,raw,1337,1,1,subject_level,0.32857142857142857,0.5571428571428572,0.997000641482217,0.0010433282170976912,0.018590965920260976,0.8287015675835552,0.34285714285714286,0.9913267033440726,0.9770651215845507,70,4830
1,densenet121,scratch,gs30,adaptive,train,gs30,1337,1,1,slice_level,0.33031674208144796,0.5339366515837104,0.9784457915508908,0.002060230231392977,0.010798707667620203,0.8756516553715117,0.334841628959276,0.963690824638125,0.8947374371354936,221,44200
1,densenet121,scratch,gs30,adaptive,train,gs30,1337,1,1,subject_level,0.33031674208144796,0.5339366515837104,0.978445838749139,0.002060231310210077,0.010798708004750548,0.8758897144909921,0.33031674208144796,0.9636908723757818,0.8945969960642715,221,48620
1,densenet121,scratch,gs30,adaptive,test,gs30,1337,1,1,slice_level,0.4,0.5714285714285714,0.9775542804173061,0.0042491206101008825,0.03222941572644881,0.8215853297840874,0.3,0.9530783602169581,0.8997787889733324,70,4830
1,densenet121,scratch,gs30,adaptive,test,gs30,1337,1,1,subject_level,0.4,0.5714285714285714,0.97755429318973,0.004249101877212525,0.03222940643983228,0.8215853297840876,0.3,0.9530783891677856,0.8997788238722839,70,4830
1,densenet121,scratch,gs30,blind,train,raw,1337,1,1,slice_level,0.45248868778280543,0.6018099547511312,0.9966643002238209,0.001083981667169079,0.0056530674245225355,0.9001803300505723,0.47058823529411764,0.9937382790837352,0.9803509328281718,221,44200
1,densenet121,scratch,gs30,blind,train,raw,1337,1,1,subject_level,0.45248868778280543,0.6018099547511312,0.9966643557829016,0.001083983015690454,0.005653067392916566,0.9000830617346456,0.47058823529411764,0.9937383322154775,0.9803635437895074,221,48620
1,densenet121,scratch,gs30,blind,test,raw,1337,1,1,slice_level,0.4857142857142857,0.6714285714285714,0.9960803738662175,0.0015903208936963763,0.017643401452473232,0.8398461993493049,0.45714285714285713,0.9912742044244494,0.9806491523302366,70,4830
1,densenet121,scratch,gs30,blind,test,raw,1337,1,1,subject_level,0.4857142857142857,0.6714285714285714,0.9960804104804992,0.0015902927943638393,0.017643395917756217,0.8398432416444839,0.45714285714285713,0.9912742452962058,0.9806492079735789,70,4830
2,densenet121,scratch,gs30,adaptive,train,gs30,1337,1,1,slice_level,0.2882882882882883,0.4864864864864865,0.9811754390463099,0.0022929632985914075,0.016786927390877192,0.8853907454752049,0.2927927927927928,0.9606701796119278,0.8119203038621056,222,44400
2,densenet121,scratch,gs30,adaptive,train,gs30,1337,1,1,subject_level,0.2882882882882883,0.4864864864864865,0.981175490596273,0.002292955512399072,0.016786928217321098,0.8852611936872667,0.2927927927927928,0.9606702338467847,0.8118221075354726,222,49062
2,densenet121,scratch,gs30,adaptive,test,gs30,1337,1,1,slice_level,0.3188405797101449,0.5942028985507246,0.9766675259756006,0.003967421642248181,0.04420424584785233,0.8223803699173431,0.18840579710144928,0.9490114683690278,0.8617663092828671,69,4692
2,densenet121,scratch,gs30,adaptive,test,gs30,1337,1,1,subject_level,0.3188405797101449,0.5942028985507246,0.976667563120524,0.003967416459235592,0.04420424174463403,0.8223803699173431,0.18840579710144928,0.9490115081054576,0.8617663504230295,69,4692
2,densenet121,scratch,gs30,blind,train,raw,1337,1,1,slice_level,0.4864864864864865,0.6036036036036037,0.9966279485741177,0.0012343233233099585,0.005629666701278037,0.882158763493223,0.5225225225225225,0.9934518337249756,0.9803256216417024,222,44400
2,densenet121,scratch,gs30,blind,train,raw,1337,1,1,subject_level,0.4864864864864865,0.6036036036036037,0.9966279963652293,0.001234315268628232,0.005629666084591467,0.8821219409454704,0.5315315315315315,0.9934518871543644,0.9803199550820828,222,49062
2,densenet121,scratch,gs30,blind,test,raw,1337,1,1,slice_level,0.5797101449275363,0.6956521739130435,0.9960559286933014,0.0015816904496455538,0.017413801257161125,0.8792857407613328,0.4927536231884058,0.9941224101660908,0.9826302330715475,69,4692
2,densenet121,scratch,gs30,blind,test,raw,1337,1,1,subject_level,0.5797101449275363,0.6956521739130435,0.9960559986639714,0.0015816982241644375,0.01741380590027657,0.8792811075280774,0.4927536231884058,0.9941224576770396,0.9826302856511777,69,4692
3,densenet121,scratch,gs30,adaptive,train,gs30,1337,1,1,slice_level,0.25225225225225223,0.3918918918918919,0.9839871351246361,0.0027420045556248844,0.021979633735509607,0.8503133369856343,0.26126126126126126,0.9475670357545217,0.7832724186697522,222,44400
3,densenet121,scratch,gs30,adaptive,train,gs30,1337,1,1,subject_level,0.25225225225225223,0.3918918918918919,0.9839871917758976,0.002742010999370266,0.021979634176000015,0.8501682096674147,0.26126126126126126,0.9475670870359953,0.7835043935644841,222,49062
3,densenet121,scratch,gs30,adaptive,test,gs30,1337,1,1,slice_level,0.3333333333333333,0.5217391304347826,0.9808243521745654,0.005533600199049798,0.047952566457831344,0.7746055574088488,0.3188405797101449,0.9333302845125613,0.8528513934872949,69,4692
3,densenet121,scratch,gs30,adaptive,test,gs30,1337,1,1,subject_level,0.3333333333333333,0.5217391304347826,0.9808244022770204,0.005533593288366345,0.047952564973114196,0.7746055574088488,0.3188405797101449,0.9333303354788518,0.8528514398993942,69,4692
3,densenet121,scratch,gs30,blind,train,raw,1337,1,1,slice_level,0.38738738738738737,0.5045045045045045,0.9985406812246855,0.0005294293970675082,0.005301550534125921,0.8063659605551499,0.43243243243243246,0.995109595425494,0.9866461447941828,222,44400
3,densenet121,scratch,gs30,blind,train,raw,1337,1,1,subject_level,0.38738738738738737,0.5045045045045045,0.9985407432457348,0.0005294240272796906,0.005301550026513166,0.8063363748975833,0.42792792792792794,0.9951096577150328,0.9866580715213363,222,49062
3,densenet121,scratch,gs30,blind,test,raw,1337,1,1,slice_level,0.4057971014492754,0.5362318840579711,0.998329362143641,0.0007625308589658875,0.016740699406659256,0.811127790750831,0.34782608695652173,0.9954053258550339,0.987782764884517,69,4692
3,densenet121,scratch,gs30,blind,test,raw,1337,1,1,subject_level,0.4057971014492754,0.5362318840579711,0.9983294519825258,0.0007625567740288334,0.0167407027270267,0.811127790750831,0.34782608695652173,0.995405413966248,0.9877828404574138,69,4692
4,densenet121,scratch,gs30,adaptive,train,gs30,1337,1,1,slice_level,0.32432432432432434,0.5,0.9761200885514956,0.002334959603644706,0.010417329571167897,0.8614390065741417,0.3783783783783784,0.9582141793525971,0.9021046113216126,222,44400
4,densenet121,scratch,gs30,adaptive,train,gs30,1337,1,1,subject_level,0.32432432432432434,0.5,0.9761201500355661,0.0023349579927083607,0.010417329627802377,0.8616366458178859,0.38288288288288286,0.9582142351983903,0.9019549921143435,222,49062
4,densenet121,scratch,gs30,adaptive,test,gs30,1337,1,1,slice_level,0.3333333333333333,0.6811594202898551,0.9742451016453729,0.003659980020661285,0.03220012813698554,0.8890541408750016,0.2753623188405797,0.9626497246217036,0.9015127896424144,69,4692
4,densenet121,scratch,gs30,adaptive,test,gs30,1337,1,1,subject_level,0.3333333333333333,0.6811594202898551,0.9742451491563217,0.0036599791568258534,0.0322001318892707,0.8890541408750016,0.2753623188405797,0.9626497755879941,0.9015128357559824,69,4692
4,densenet121,scratch,gs30,blind,train,raw,1337,1,1,slice_level,0.4189189189189189,0.545045045045045,0.9957361626732457,0.001229636035523973,0.005776173487590911,0.8578187139842545,0.4594594594594595,0.9914258243264379,0.977461358716896,222,44400
4,densenet121,scratch,gs30,blind,train,raw,1337,1,1,subject_level,0.4189189189189189,0.545045045045045,0.9957362190560177,0.0012296303972467646,0.005776173739299715,0.8576708970190687,0.4594594594594595,0.99142588070921,0.9774735890355308,222,49062
4,densenet121,scratch,gs30,blind,test,raw,1337,1,1,slice_level,0.4492753623188406,0.6376811594202898,0.9949898650680763,0.0015786652979643448,0.01911043370331543,0.8888919777110592,0.391304347826087,0.991631225399349,0.9742026129723205,69,4692
4,densenet121,scratch,gs30,blind,test,raw,1337,1,1,subject_level,0.4492753623188406,0.6376811594202898,0.9949899281280629,0.0015786678894706395,0.019110432866474857,0.8888950665332296,0.391304347826087,0.9916312927785127,0.9742026785348891,69,4692
0,densenet121,scratch,gs40,adaptive,train,gs40,1337,1,1,slice_level,0.1583710407239819,0.2850678733031674,0.9811377967644601,0.002072462938489957,0.01776662262417882,0.8472944861898813,0.13574660633484162,0.9457015058034146,0.8004999683082643,221,44200
0,densenet121,scratch,gs40,adaptive,train,gs40,1337,1,1,subject_level,0.1583710407239819,0.2850678733031674,0.9811378590661476,0.002072471029618207,0.017766625574069324,0.8467833936093186,0.13574660633484162,0.9457015567775225,0.8005556715204116,221,48620
0,densenet121,scratch,gs40,adaptive,test,gs40,1337,1,1,slice_level,0.2,0.44285714285714284,0.9786651602813176,0.003995491777147565,0.05204433982393571,0.7898609878734102,0.11428571428571428,0.9320076712540217,0.8266548634500978,70,4830
0,densenet121,scratch,gs40,adaptive,test,gs40,1337,1,1,subject_level,0.2,0.44285714285714284,0.9786652156284877,0.003995521579469953,0.05204434748739004,0.7898609878734102,0.11428571428571428,0.9320077283041818,0.8266549035690833,70,4830
0,densenet121,scratch,gs40,blind,train,raw,1337,1,1,slice_level,0.4660633484162896,0.6018099547511312,0.9976499439364644,0.0009281341306764076,0.005346054995086938,0.8865215188059212,0.49321266968325794,0.9954540141567385,0.9856018553977638,221,44200
0,densenet121,scratch,gs40,blind,train,raw,1337,1,1,subject_level,0.4660633484162896,0.6018099547511312,0.9976500108231247,0.0009281441097345826,0.005346055275326536,0.8864621471155941,0.49321266968325794,0.9954540748402004,0.9856024921087511,221,48620
0,densenet121,scratch,gs40,blind,test,raw,1337,1,1,slice_level,0.5428571428571428,0.7428571428571429,0.9972540676593781,0.0010520117623465401,0.016893496776797943,0.8730789707187223,0.5428571428571428,0.9948630588395255,0.9849690234438974,70,4830
0,densenet121,scratch,gs40,blind,test,raw,1337,1,1,subject_level,0.5428571428571428,0.7428571428571429,0.9972541391849518,0.0010520126138414655,0.016893498905535254,0.8730774918663117,0.5428571428571428,0.9948631175926753,0.9849690846651484,70,4830
1,densenet121,scratch,gs40,adaptive,train,gs40,1337,1,1,slice_level,0.27601809954751133,0.4479638009049774,0.9752690959300391,0.001672062668865083,0.009951619812755158,0.8775367519092565,0.3076923076923077,0.9619143141340886,0.9034099154572142,221,44200
1,densenet121,scratch,gs40,adaptive,train,gs40,1337,1,1,subject_level,0.27601809954751133,0.4479638009049774,0.9752691522982325,0.001672063208273633,0.009951619336558548,0.8771613268286146,0.3031674208144796,0.9619143707719864,0.9034176535870695,221,48620
1,densenet121,scratch,gs40,adaptive,test,gs40,1337,1,1,slice_level,0.35714285714285715,0.4857142857142857,0.9743112530027117,0.003181283814566476,0.028429508874458925,0.7918308192842354,0.2714285714285714,0.9504593440464565,0.9119657574233061,70,4830
1,densenet121,scratch,gs40,adaptive,test,gs40,1337,1,1,subject_level,0.35714285714285715,0.4857142857142857,0.9743113160133362,0.003181271893637521,0.028429512546530793,0.7918278615794144,0.2714285714285714,0.9504593917301722,0.9119658106108877,70,4830
1,densenet121,scratch,gs40,blind,train,raw,1337,1,1,slice_level,0.40271493212669685,0.5475113122171946,0.9972107154211847,0.0008568291750428903,0.005424320314298658,0.8709949632480907,0.45248868778280543,0.9942562016426708,0.9840617609523,221,44200
1,densenet121,scratch,gs40,blind,train,raw,1337,1,1,subject_level,0.40271493212669685,0.5475113122171946,0.9972107750258294,0.0008568407723267154,0.005424321214015262,0.8711651071845377,0.45248868778280543,0.9942562585502728,0.9840531907727423,221,48620
1,densenet121,scratch,gs40,blind,test,raw,1337,1,1,slice_level,0.4,0.6428571428571429,0.9967482107026236,0.0013046392372676305,0.01706499545169728,0.8283673469387756,0.4142857142857143,0.9924693065030235,0.9837835723075314,70,4830
1,densenet121,scratch,gs40,blind,test,raw,1337,1,1,subject_level,0.4,0.6428571428571429,0.9967482498713902,0.0013046349797930037,0.017064995850835527,0.8283673469387755,0.4142857142857143,0.9924693465232849,0.983783606453712,70,4830
2,densenet121,scratch,gs40,adaptive,train,gs40,1337,1,1,slice_level,0.2072072072072072,0.38738738738738737,0.9850306035699071,0.002973653711714186,0.020997442103721,0.8622742675107541,0.25675675675675674,0.9550322216373306,0.7524688693914596,222,44400
2,densenet121,scratch,gs40,adaptive,train,gs40,1337,1,1,subject_level,0.2072072072072072,0.38738738738738737,0.9850306634430412,0.0029736526377566225,0.020997441323423707,0.862559040023269,0.25675675675675674,0.9550322812419754,0.7520622165742211,222,49062
2,densenet121,scratch,gs40,adaptive,test,gs40,1337,1,1,slice_level,0.21739130434782608,0.4782608695652174,0.9785296485043954,0.004859433657881143,0.059768867881401726,0.7554610375971434,0.2028985507246377,0.9107415036878724,0.8010835819079748,69,4692
2,densenet121,scratch,gs40,adaptive,test,gs40,1337,1,1,subject_level,0.21739130434782608,0.4782608695652174,0.9785297003345214,0.004859417245007943,0.05976885459993197,0.7554610375971434,0.2028985507246377,0.9107415632925172,0.8010836330711689,69,4692
2,densenet121,scratch,gs40,blind,train,raw,1337,1,1,slice_level,0.46396396396396394,0.5585585585585585,0.9981800221108101,0.0007433050924593264,0.005777420937545128,0.872267673078484,0.4864864864864865,0.9945901006728679,0.9793605609466364,222,44400
2,densenet121,scratch,gs40,blind,train,raw,1337,1,1,subject_level,0.46396396396396394,0.5585585585585585,0.9981800946029457,0.0007433139526092254,0.005777421761891461,0.8722660994123634,0.4864864864864865,0.9945901659157899,0.9793744252552818,222,49062
2,densenet121,scratch,gs40,blind,test,raw,1337,1,1,slice_level,0.5072463768115942,0.6666666666666666,0.9976644135903621,0.0011466015940127165,0.017588494993422344,0.8797830411307561,0.4057971014492754,0.9953412223553312,0.9833992945898931,69,4692
2,densenet121,scratch,gs40,blind,test,raw,1337,1,1,subject_level,0.5072463768115942,0.6666666666666666,0.9976644688758297,0.0011465938194938328,0.017588491781034332,0.8797845855418412,0.4057971014492754,0.9953412931898366,0.9833993629218164,69,4692
3,densenet121,scratch,gs40,adaptive,train,gs40,1337,1,1,slice_level,0.2702702702702703,0.40540540540540543,0.9775372633525917,0.0023172409147829624,0.010949023342733313,0.8376520270270271,0.2882882882882883,0.9548599242090104,0.8957430950370995,222,44400
3,densenet121,scratch,gs40,adaptive,train,gs40,1337,1,1,subject_level,0.2702702702702703,0.40540540540540543,0.9775373277900455,0.0023172406462935715,0.01094902438732485,0.8379596730153169,0.2882882882882883,0.9548599846191235,0.8956006824858476,222,49062
3,densenet121,scratch,gs40,adaptive,test,gs40,1337,1,1,slice_level,0.3188405797101449,0.463768115942029,0.9759058278539906,0.003601428391276926,0.03115586696219617,0.7750580698568024,0.2463768115942029,0.9521687592285267,0.9037647340176762,69,4692
3,densenet121,scratch,gs40,adaptive,test,gs40,1337,1,1,subject_level,0.3188405797101449,0.463768115942029,0.9759058796841166,0.0036014102507328644,0.031155866152350453,0.7750565254457171,0.2463768115942029,0.9521688257438549,0.9037647927838924,69,4692
3,densenet121,scratch,gs40,blind,train,raw,1337,1,1,slice_level,0.4774774774774775,0.5585585585585585,0.9977034840497885,0.0008906665686014536,0.00523973897787499,0.8601574547520494,0.46396396396396394,0.9953073945131388,0.9867995399625988,222,44400
3,densenet121,scratch,gs40,blind,train,raw,1337,1,1,subject_level,0.4774774774774775,0.5585585585585585,0.997703539358603,0.000890670327452926,0.00523973899675315,0.8601379905036503,0.46396396396396394,0.9953074506274214,0.9868025642988913,222,49062
3,densenet121,scratch,gs40,blind,test,raw,1337,1,1,slice_level,0.5217391304347826,0.6666666666666666,0.9973537256752235,0.0012414429498755414,0.016584023738792843,0.8770695108541211,0.43478260869565216,0.995622978694197,0.9875403071125654,69,4692
3,densenet121,scratch,gs40,blind,test,raw,1337,1,1,subject_level,0.5217391304347826,0.6666666666666666,0.9973537775053494,0.0012414230816606162,0.01658402160619912,0.8770741440873766,0.43478260869565216,0.9956230357073356,0.9875403694992684,69,4692
4,densenet121,scratch,gs40,adaptive,train,gs40,1337,1,1,slice_level,0.22972972972972974,0.42342342342342343,0.9756449222027719,0.0018939212098851934,0.009825538340452555,0.8339232306630955,0.26576576576576577,0.9561165729621509,0.9068996716727008,222,44400
4,densenet121,scratch,gs40,adaptive,train,gs40,1337,1,1,subject_level,0.22972972972972974,0.42342342342342343,0.9756449877141832,0.0018939171825443303,0.009825538875333764,0.8335499190030191,0.26576576576576577,0.9561166331037745,0.9070437619270734,222,49062
4,densenet121,scratch,gs40,adaptive,test,gs40,1337,1,1,slice_level,0.34782608695652173,0.6231884057971014,0.9736809393633967,0.0029049222020135408,0.031095447990557423,0.8766046431174864,0.2463768115942029,0.9617624550625898,0.9059027211974039,69,4692
4,densenet121,scratch,gs40,adaptive,test,gs40,1337,1,1,subject_level,0.34782608695652173,0.6231884057971014,0.9736810058787249,0.0029049377510513086,0.031095453524503155,0.8766046431174865,0.2463768115942029,0.9617625077565511,0.9059027674507099,69,4692
4,densenet121,scratch,gs40,blind,train,raw,1337,1,1,slice_level,0.47297297297297297,0.5945945945945946,0.9982654884591833,0.0006188489832319655,0.0049585971733773345,0.8716923849525202,0.5045045045045045,0.996777446420343,0.9914054646940381,222,44400
4,densenet121,scratch,gs40,blind,train,raw,1337,1,1,subject_level,0.47297297297297297,0.5945945945945946,0.9982655365187842,0.0006188479092744019,0.0049585968104971425,0.8714872081326772,0.5045045045045045,0.9967775011921788,0.9914133319038432,222,49062
4,densenet121,scratch,gs40,blind,test,raw,1337,1,1,slice_level,0.5362318840579711,0.6956521739130435,0.998061712237372,0.0007690450419550357,0.01608935469572527,0.897942226670126,0.4492753623188406,0.9968410695808522,0.9905268754317835,69,4692
4,densenet121,scratch,gs40,blind,test,raw,1337,1,1,subject_level,0.5362318840579711,0.6956521739130435,0.9980617822080419,0.0007690415866133095,0.01608935458774584,0.8979437710812113,0.4492753623188406,0.9968411438706992,0.9905269398510406,69,4692
0,densenet121,scratch,gs50,adaptive,train,gs50,1337,1,1,slice_level,0.12217194570135746,0.22171945701357465,0.985845232980823,0.002744611841521112,0.02467238731952005,0.7939407465039618,0.14027149321266968,0.9101673392958232,0.7620575834834333,221,44200
0,densenet121,scratch,gs50,adaptive,train,gs50,1337,1,1,subject_level,0.12217194570135746,0.22171945701357465,0.9858452807184798,0.002744612650633937,0.024672387386946118,0.7935502214048927,0.14027149321266968,0.9101673810999857,0.762425324108401,221,48620
0,densenet121,scratch,gs50,adaptive,test,gs50,1337,1,1,slice_level,0.14285714285714285,0.35714285714285715,0.9817625744002206,0.004324814251491001,0.07438933910535915,0.7361904761904762,0.07142857142857142,0.9053101795060294,0.7915788159792467,70,4830
0,densenet121,scratch,gs50,adaptive,test,gs50,1337,1,1,subject_level,0.14285714285714285,0.35714285714285715,0.981762648480279,0.004324834687369211,0.07438935488462448,0.7361949127477078,0.07142857142857142,0.9053102365561894,0.7915788652733986,70,4830
0,densenet121,scratch,gs50,blind,train,raw,1337,1,1,slice_level,0.42081447963800905,0.5746606334841629,0.998073142038751,0.0006592265621029953,0.005415774989300049,0.8563086341393502,0.5067873303167421,0.9950419823508457,0.9850375824505927,221,44200
0,densenet121,scratch,gs50,blind,train,raw,1337,1,1,subject_level,0.42081447963800905,0.5746606334841629,0.9980731895067033,0.0006592101101422202,0.005415774586850702,0.8564715095923507,0.5067873303167421,0.9950420433040118,0.9850289719370058,221,48620
0,densenet121,scratch,gs50,blind,test,raw,1337,1,1,slice_level,0.4857142857142857,0.6428571428571429,0.9977283213819776,0.0009817642824990409,0.0169825782467212,0.8515734989648033,0.4857142857142857,0.9947388410568238,0.9851376709607323,70,4830
0,densenet121,scratch,gs50,blind,test,raw,1337,1,1,subject_level,0.4857142857142857,0.6428571428571429,0.9977283980165209,0.0009817702429635183,0.016982583861265863,0.8515749778172139,0.4857142857142857,0.9947388972554888,0.9851377257155582,70,4830
1,densenet121,scratch,gs50,adaptive,train,gs50,1337,1,1,slice_level,0.14027149321266968,0.27149321266968324,0.9824092029446391,0.002407171337852651,0.022231242016834372,0.8574938064331197,0.15384615384615385,0.941690307666813,0.7571123912384338,221,44200
1,densenet121,scratch,gs50,adaptive,train,gs50,1337,1,1,subject_level,0.14027149321266968,0.27149321266968324,0.9824092571551983,0.002407175653121051,0.022231242282324516,0.8576258117714066,0.15384615384615385,0.9416903564832869,0.7570680223114203,221,48620
1,densenet121,scratch,gs50,adaptive,test,gs50,1337,1,1,slice_level,0.1,0.35714285714285715,0.978633907011577,0.00566838128226144,0.0662336208990642,0.7172227151730258,0.05714285714285714,0.8765756053583963,0.7800126313114265,70,4830
1,densenet121,scratch,gs50,adaptive,test,gs50,1337,1,1,subject_level,0.1,0.35714285714285715,0.9786339793886457,0.005668410233088902,0.06623363739677839,0.7172227151730257,0.05714285714285714,0.8765756547451019,0.7800126766381057,70,4830
1,densenet121,scratch,gs50,blind,train,raw,1337,1,1,slice_level,0.4660633484162896,0.6063348416289592,0.998908797270572,0.00039133119367366464,0.005031839721073393,0.8948234065641572,0.46153846153846156,0.9976119798233066,0.9912960292702346,221,44200
1,densenet121,scratch,gs50,blind,train,raw,1337,1,1,subject_level,0.4660633484162896,0.6063348416289592,0.9989088539084697,0.00039133523923778966,0.005031839773750008,0.894670368226397,0.46153846153846156,0.9976120380794301,0.9912923727553845,221,48620
1,densenet121,scratch,gs50,blind,test,raw,1337,1,1,slice_level,0.45714285714285713,0.6428571428571429,0.9985319622925349,0.0007095975535256523,0.0158980174921453,0.8657453416149068,0.4714285714285714,0.9968518691403525,0.9908628786079138,70,4830
1,densenet121,scratch,gs50,blind,test,raw,1337,1,1,subject_level,0.45714285714285713,0.6428571428571429,0.998531996352332,0.0007095805236271449,0.01589801535010338,0.8657423839100857,0.4714285714285714,0.9968519032001495,0.990862923009055,70,4830
2,densenet121,scratch,gs50,adaptive,train,gs50,1337,1,1,slice_level,0.23873873873873874,0.4009009009009009,0.9784941061122997,0.0022718753363635087,0.016300933855073946,0.8564562535508481,0.2747747747747748,0.9526509884241465,0.8393119113395612,222,44400
2,densenet121,scratch,gs50,adaptive,train,gs50,1337,1,1,subject_level,0.23873873873873874,0.4009009009009009,0.9784941665224127,0.0022718713090226455,0.0163009343626867,0.8565723605469232,0.2747747747747748,0.9526510496397276,0.8390848017461505,222,49062
2,densenet121,scratch,gs50,adaptive,test,gs50,1337,1,1,slice_level,0.2898550724637681,0.5072463768115942,0.9750550484311753,0.0033076025437617645,0.03597906420844189,0.8074088488577535,0.14492753623188406,0.9488216837247213,0.8823261831752887,69,4692
2,densenet121,scratch,gs50,adaptive,test,gs50,1337,1,1,subject_level,0.2898550724637681,0.5072463768115942,0.9750551080358201,0.0033075999522554703,0.03597906280470931,0.8074088488577534,0.14492753623188406,0.9488217398740243,0.8823262372475755,69,4692
2,densenet121,scratch,gs50,blind,train,raw,1337,1,1,slice_level,0.5,0.6306306306306306,0.9961537804689493,0.001367055349521809,0.005985209464540219,0.8875197325704083,0.5405405405405406,0.9922849807116363,0.9749935743695981,222,44400
2,densenet121,scratch,gs50,blind,train,raw,1337,1,1,subject_level,0.5,0.6306306306306306,0.9961538269176139,0.001367057497436936,0.005985209435174191,0.88744972806976,0.5405405405405406,0.992285027965769,0.9749793939091671,222,49062
2,densenet121,scratch,gs50,blind,test,raw,1337,1,1,slice_level,0.5797101449275363,0.782608695652174,0.9955334179643271,0.0019163221552752066,0.018392760900483616,0.8991020793950851,0.5072463768115942,0.9932601857876432,0.977854863190285,69,4692
2,densenet121,scratch,gs50,blind,test,raw,1337,1,1,subject_level,0.5797101449275363,0.782608695652174,0.9955334922541743,0.0019163567086924677,0.01839276449079963,0.899102079395085,0.5072463768115942,0.9932602600774904,0.9778549253229188,69,4692
3,densenet121,scratch,gs50,adaptive,train,gs50,1337,1,1,slice_level,0.14864864864864866,0.2702702702702703,0.9789246696609635,0.002274189177934114,0.019147555008195004,0.8035318764710657,0.2072072072072072,0.9391436047919162,0.8316518263787299,222,44400
3,densenet121,scratch,gs50,adaptive,train,gs50,1337,1,1,subject_level,0.14864864864864866,0.2702702702702703,0.9789247289971188,0.002274199380530967,0.01914755518019602,0.803321665801793,0.2072072072072072,0.9391436638595821,0.8316374927641327,222,49062
3,densenet121,scratch,gs50,adaptive,test,gs50,1337,1,1,slice_level,0.17391304347826086,0.2898550724637681,0.9759664993355239,0.003212877805682196,0.038008388671754066,0.7416385583849167,0.10144927536231885,0.9377551303393599,0.8754558790814948,69,4692
3,densenet121,scratch,gs50,adaptive,test,gs50,1337,1,1,subject_level,0.17391304347826086,0.2898550724637681,0.9759665546209916,0.003212882988694785,0.03800839309891065,0.7416385583849167,0.10144927536231885,0.937755172667296,0.8754559252268214,69,4692
3,densenet121,scratch,gs50,blind,train,raw,1337,1,1,slice_level,0.4774774774774775,0.5630630630630631,0.9983566967216698,0.0007038685652586791,0.005136418997452737,0.867555494683873,0.4954954954954955,0.9963060783910321,0.9889367725277269,222,44400
3,densenet121,scratch,gs50,blind,train,raw,1337,1,1,subject_level,0.4774774774774775,0.5630630630630631,0.9983567665289114,0.0007038836006645684,0.005136419974921926,0.8673851636888201,0.4954954954954955,0.9963061379956769,0.9889359590069925,222,49062
3,densenet121,scratch,gs50,blind,test,raw,1337,1,1,slice_level,0.4927536231884058,0.6666666666666666,0.9981027634247489,0.0009844501813252766,0.01628589778598668,0.8764810902306732,0.4492753623188406,0.9965415113214133,0.9896721801667364,69,4692
3,densenet121,scratch,gs50,blind,test,raw,1337,1,1,subject_level,0.4927536231884058,0.6666666666666666,0.9981028230293937,0.0009844346322875092,0.0162858997296164,0.8764810902306732,0.4492753623188406,0.9965415501940078,0.9896722317554965,69,4692
4,densenet121,scratch,gs50,adaptive,train,gs50,1337,1,1,slice_level,0.15765765765765766,0.26576576576576577,0.9839088087146347,0.001832884711188239,0.017332274919828854,0.7649113302491681,0.14414414414414414,0.9232764660238145,0.8240658896114376,222,44400
4,densenet121,scratch,gs50,adaptive,train,gs50,1337,1,1,subject_level,0.15765765765765766,0.26576576576576577,0.9839088844286429,0.0018328973301896105,0.017332278443752108,0.7650702402292228,0.14414414414414414,0.9232765256284593,0.8238831066331066,222,49062
4,densenet121,scratch,gs50,adaptive,test,gs50,1337,1,1,slice_level,0.14492753623188406,0.4057971014492754,0.9804499287536179,0.0033345723497694817,0.05267263549393502,0.7759090403647281,0.10144927536231885,0.9266222127969714,0.8224407543840311,69,4692
4,densenet121,scratch,gs50,adaptive,test,gs50,1337,1,1,subject_level,0.14492753623188406,0.4057971014492754,0.9804499978604524,0.0033345706220986185,0.052672646831775055,0.7759090403647281,0.10144927536231885,0.9266222568525784,0.8224408033812849,69,4692
4,densenet121,scratch,gs50,blind,train,raw,1337,1,1,slice_level,0.44594594594594594,0.5675675675675675,0.9971058693555024,0.000906885475725741,0.00539882708475128,0.8534466053891729,0.5,0.9938870536851453,0.9839470098066975,222,44400
4,densenet121,scratch,gs50,blind,train,raw,1337,1,1,subject_level,0.44594594594594594,0.5675675675675675,0.9971059345984244,0.0009068865496833045,0.0053988277119257164,0.8537340232491265,0.5,0.9938871140952583,0.9839392996479212,222,49062
4,densenet121,scratch,gs50,blind,test,raw,1337,1,1,slice_level,0.4782608695652174,0.6811594202898551,0.9965923117554706,0.001205464204152425,0.017810696250070698,0.8898726787501391,0.4927536231884058,0.9942456527032714,0.9813473562297919,69,4692
4,densenet121,scratch,gs50,blind,test,raw,1337,1,1,subject_level,0.4782608695652174,0.6811594202898551,0.9965923782707988,0.001205477161683898,0.01781069708691127,0.889872678750139,0.4927536231884058,0.9942457105802454,0.9813474163171682,69,4692
0,resnet18,pretrained,raw,adaptive,train,raw,1337,1,1,slice_level,0.4841628959276018,0.6742081447963801,0.8820016537856192,0.020754125862639413,0.023221198907669854,0.9281355828095249,0.4434389140271493,0.8636293907510749,0.7587266877954362,221,44200
0,resnet18,pretrained,raw,adaptive,train,raw,1337,1,1,subject_level,0.4841628959276018,0.6742081447963801,0.8820017042203186,0.02075413799933179,0.023221203463143623,0.9281195381674487,0.4479638009049774,0.8636294392978444,0.7587762859060361,221,48620
0,resnet18,pretrained,raw,adaptive,test,raw,1337,1,1,slice_level,0.5428571428571428,0.7714285714285715,0.873960554599762,0.022542495386941093,0.05537987729268415,0.9161934338952972,0.4714285714285714,0.8587357086794717,0.7712821125243762,70,4830
0,resnet18,pretrained,raw,adaptive,test,raw,1337,1,1,subject_level,0.5428571428571428,0.7714285714285715,0.8739606337887901,0.022542491129466467,0.05537988258791821,0.9161934338952973,0.4714285714285714,0.8587357785020556,0.7712821735481792,70,4830
1,resnet18,pretrained,raw,adaptive,train,raw,1337,1,1,slice_level,0.4841628959276018,0.665158371040724,0.8792213935118455,0.02205353678621318,0.024604744530742254,0.933700732990725,0.5158371040723982,0.8572825436138999,0.7513793456298193,221,44200
1,resnet18,pretrained,raw,adaptive,train,raw,1337,1,1,subject_level,0.4841628959276018,0.665158371040724,0.8792214415192064,0.02205353624680463,0.024604745959332087,0.9337289739805045,0.5158371040723982,0.8572825918909651,0.7513354093878419,221,48620
1,resnet18,pretrained,raw,adaptive,test,raw,1337,1,1,slice_level,0.5857142857142857,0.7714285714285715,0.8698760483946119,0.03548899633543832,0.07346489764750004,0.9153652765454008,0.5285714285714286,0.8497645573956626,0.7489158284590111,70,4830
1,resnet18,pretrained,raw,adaptive,test,raw,1337,1,1,subject_level,0.5857142857142857,0.7714285714285715,0.8698760986328125,0.03548901336533683,0.07346490669463362,0.9153652765454008,0.5285714285714286,0.8497646059308733,0.7489158651349954,70,4830
2,resnet18,pretrained,raw,adaptive,train,raw,1337,1,1,slice_level,0.5765765765765766,0.7342342342342343,0.9272593748462092,0.01677977287017547,0.018868176916798762,0.9333249634769905,0.49099099099099097,0.9161760444576675,0.815182579959835,222,44400
2,resnet18,pretrained,raw,adaptive,train,raw,1337,1,1,subject_level,0.5765765765765766,0.7342342342342343,0.927259428275598,0.016779780387878418,0.018868178120805875,0.9331294728751007,0.49099099099099097,0.9161760965446094,0.815244315519135,222,49062
2,resnet18,pretrained,raw,adaptive,test,raw,1337,1,1,slice_level,0.6666666666666666,0.7971014492753623,0.9181091301683066,0.017107841761215874,0.04241820740634981,0.8818000420079815,0.34782608695652173,0.9104240217070648,0.8351978095214995,69,4692
2,resnet18,pretrained,raw,adaptive,test,raw,1337,1,1,subject_level,0.6666666666666666,0.7971014492753623,0.9181091880452805,0.017107819301494652,0.04241821005184581,0.8818000420079816,0.34782608695652173,0.9104240847670514,0.8351978596366579,69,4692
3,resnet18,pretrained,raw,adaptive,train,raw,1337,1,1,slice_level,0.42792792792792794,0.6351351351351351,0.874627109851923,0.0206686642255869,0.02546556191183291,0.9159469097475854,0.4144144144144144,0.8471815569980724,0.7387523662614393,222,44400
3,resnet18,pretrained,raw,adaptive,train,raw,1337,1,1,subject_level,0.42792792792792794,0.6351351351351351,0.8746271546896514,0.02066866342011873,0.025465561790173657,0.9159483257257501,0.4099099099099099,0.8471816050576734,0.738673415695147,222,49062
3,resnet18,pretrained,raw,adaptive,test,raw,1337,1,1,slice_level,0.5072463768115942,0.7391304347826086,0.8701987724373306,0.029522761918496395,0.06909837819419909,0.8913259695812793,0.37681159420289856,0.8476232635802117,0.7493645808479263,69,4692
3,resnet18,pretrained,raw,adaptive,test,raw,1337,1,1,subject_level,0.5072463768115942,0.7391304347826086,0.8701988519101903,0.029522790425065636,0.06909840086987917,0.8913259695812793,0.37681159420289856,0.8476233128188313,0.7493646247764988,69,4692
4,resnet18,pretrained,raw,adaptive,train,raw,1337,1,1,slice_level,0.3963963963963964,0.5945945945945946,0.9872154531715153,0.002418211183032474,0.011953001359460858,0.8521372047723399,0.25675675675675674,0.9837730521554345,0.8607736090376034,222,44400
4,resnet18,pretrained,raw,adaptive,train,raw,1337,1,1,subject_level,0.3963963963963964,0.5945945945945946,0.9872155092857979,0.002418204470797702,0.011953001090971468,0.8526669325556447,0.25675675675675674,0.9837731080012279,0.8604401562571414,222,49062
4,resnet18,pretrained,raw,adaptive,test,raw,1337,1,1,slice_level,0.4057971014492754,0.6231884057971014,0.9806494868319967,0.003499523453090502,0.031664097870605576,0.8087185094579734,0.13043478260869565,0.9705163249071094,0.9047975039263617,69,4692
4,resnet18,pretrained,raw,adaptive,test,raw,1337,1,1,subject_level,0.4057971014492754,0.6231884057971014,0.9806495352067809,0.0034995424574699955,0.03166410588807818,0.8087185094579735,0.13043478260869565,0.9705163663712101,0.9047975414015753,69,4692
0,resnet18,pretrained,gs0,adaptive,train,gs0,1337,1,1,slice_level,0.4117647058823529,0.6923076923076923,0.9332256158013149,0.009868561682118549,0.017598720650900814,0.922395323601073,0.38009049773755654,0.9188233182441056,0.8155817729160527,221,44200
0,resnet18,pretrained,gs0,adaptive,train,gs0,1337,1,1,subject_level,0.4117647058823529,0.6923076923076923,0.933225677563594,0.009868563570048474,0.017598721670720102,0.922284369875533,0.38009049773755654,0.918823369757622,0.8156524489435675,221,48620
0,resnet18,pretrained,gs0,adaptive,test,gs0,1337,1,1,slice_level,0.5571428571428572,0.7428571428571429,0.9285738212721688,0.012411470072610037,0.045511161190058505,0.9065187814256137,0.35714285714285715,0.9163924838815417,0.8292475032386819,70,4830
0,resnet18,pretrained,gs0,adaptive,test,gs0,1337,1,1,subject_level,0.5571428571428572,0.7428571428571429,0.9285738587379455,0.012411456448691231,0.04551115349999496,0.9065187814256137,0.35714285714285715,0.9163925162383488,0.8292475459368333,70,4830
0,resnet18,pretrained,gs0,blind,train,raw,1337,1,1,slice_level,0.38009049773755654,0.5294117647058824,0.9630302465879,0.008166504931126245,0.009510666062440134,0.8759455682725579,0.3393665158371041,0.9490316151493815,0.9086927221749164,221,44200
0,resnet18,pretrained,gs0,blind,train,raw,1337,1,1,subject_level,0.38009049773755654,0.5294117647058824,0.9630303029560935,0.00816650196437922,0.009510666702987787,0.8758792445244401,0.3393665158371041,0.9490316717872792,0.9087107258525124,221,48620
0,resnet18,pretrained,gs0,blind,test,raw,1337,1,1,slice_level,0.4142857142857143,0.7285714285714285,0.9608133230890546,0.008544680901936122,0.027511464884238584,0.8612363206152026,0.4,0.9497006705829075,0.9117602507766976,70,4830
0,resnet18,pretrained,gs0,blind,test,raw,1337,1,1,subject_level,0.4142857142857143,0.7285714285714285,0.9608133707727705,0.00854466302054269,0.027511459881705898,0.8612363206152026,0.4,0.9497007344450269,0.9117603033842754,70,4830
1,resnet18,pretrained,gs0,adaptive,train,gs0,1337,1,1,slice_level,0.33031674208144796,0.5294117647058824,0.9794008890967564,0.0024908692049224993,0.011706898964486376,0.8299125222661289,0.18099547511312217,0.9732928246394541,0.8748914354405791,221,44200
1,resnet18,pretrained,gs0,adaptive,train,gs0,1337,1,1,subject_level,0.33031674208144796,0.5294117647058824,0.9794009559834165,0.002490862192611349,0.01170689947861015,0.8296958032651406,0.18099547511312217,0.973292887210846,0.8748143997103135,221,48620
1,resnet18,pretrained,gs0,adaptive,test,gs0,1337,1,1,slice_level,0.44285714285714284,0.5428571428571428,0.9731681968484606,0.004354369640350342,0.029426012933254243,0.8110795622596865,0.15714285714285714,0.9597964942455292,0.9020120218797253,70,4830
1,resnet18,pretrained,gs0,adaptive,test,gs0,1337,1,1,subject_level,0.44285714285714284,0.5428571428571428,0.9731682275022779,0.00435434068952288,0.029426004950489318,0.8110795622596865,0.15714285714285714,0.9597965487412043,0.9020120700817424,70,4830
1,resnet18,pretrained,gs0,blind,train,raw,1337,1,1,slice_level,0.4298642533936652,0.5927601809954751,0.9859016775006083,0.0034515987154585203,0.006469413437943787,0.8867448967056367,0.4253393665158371,0.9806763796784759,0.9599864917265344,221,44200
1,resnet18,pretrained,gs0,blind,train,raw,1337,1,1,subject_level,0.4298642533936652,0.5927601809954751,0.9859017322505761,0.003451599524571345,0.006469413086063991,0.8869084934229998,0.4253393665158371,0.9806764355072608,0.9599701497398841,221,48620
1,resnet18,pretrained,gs0,blind,test,raw,1337,1,1,slice_level,0.4857142857142857,0.6571428571428571,0.9835352659225464,0.0058399677276611325,0.020804492330976896,0.8988050872522922,0.42857142857142855,0.9786456993647984,0.9563053862401911,70,4830
1,resnet18,pretrained,gs0,blind,test,raw,1337,1,1,subject_level,0.4857142857142857,0.6571428571428571,0.9835353263786861,0.005839977094105312,0.020804496721497603,0.8988050872522922,0.42857142857142855,0.9786457564149584,0.9563054328996449,70,4830
2,resnet18,pretrained,gs0,adaptive,train,gs0,1337,1,1,slice_level,0.42342342342342343,0.6531531531531531,0.962883309738056,0.005490722419979336,0.01254142194289949,0.9047243527311095,0.3108108108108108,0.9555466626141522,0.8685605309366643,222,44400
2,resnet18,pretrained,gs0,adaptive,train,gs0,1337,1,1,subject_level,0.42342342342342343,0.6531531531531531,0.9628833682687433,0.005490718124149082,0.012541422253340349,0.9044790173566009,0.3108108108108108,0.9555467187284349,0.8687135044596644,222,49062
2,resnet18,pretrained,gs0,adaptive,test,gs0,1337,1,1,slice_level,0.463768115942029,0.7246376811594203,0.9577088874319325,0.00579729373904242,0.03013838765521844,0.8564006573013578,0.2463768115942029,0.9520502651947133,0.8964831788292931,69,4692
2,resnet18,pretrained,gs0,adaptive,test,gs0,1337,1,1,subject_level,0.463768115942029,0.7246376811594203,0.9577089427174001,0.005797278190004653,0.03013839148848817,0.8564006573013577,0.2463768115942029,0.9520503299823706,0.8964832267340492,69,4692
2,resnet18,pretrained,gs0,blind,train,raw,1337,1,1,slice_level,0.43243243243243246,0.536036036036036,0.9788341385287207,0.004740426937739055,0.007397999718516796,0.8826867238860483,0.42342342342342343,0.9709506126137467,0.9428413782852727,222,44400
2,resnet18,pretrained,gs0,blind,train,raw,1337,1,1,subject_level,0.43243243243243246,0.536036036036036,0.9788342037716428,0.004740429085654182,0.007398000777791346,0.8827035271788849,0.42342342342342343,0.9709506762457324,0.9428292501838231,222,49062
2,resnet18,pretrained,gs0,blind,test,raw,1337,1,1,slice_level,0.37681159420289856,0.6376811594202898,0.9763388124065123,0.005934991698334183,0.022566795133162235,0.8457442208137192,0.3333333333333333,0.9689081976379174,0.9438905875497868,69,4692
2,resnet18,pretrained,gs0,blind,test,raw,1337,1,1,subject_level,0.37681159420289856,0.6376811594202898,0.9763388720111571,0.005934987379157025,0.022566795106167378,0.8457442208137194,0.3333333333333333,0.9689082684724227,0.9438906440166764,69,4692
3,resnet18,pretrained,gs0,adaptive,train,gs0,1337,1,1,slice_level,0.4009009009009009,0.6126126126126126,0.8574995272331409,0.018522634162559167,0.022645817507427553,0.910099778832887,0.4099099099099099,0.830794290379361,0.7345093349803675,222,44400
3,resnet18,pretrained,gs0,adaptive,train,gs0,1337,1,1,subject_level,0.4009009009009009,0.6126126126126126,0.8574995728763374,0.018522633088601602,0.022645818048601482,0.9104578468648421,0.4099099099099099,0.8307943376334938,0.7343868736432353,222,49062
3,resnet18,pretrained,gs0,adaptive,test,gs0,1337,1,1,slice_level,0.4492753623188406,0.6666666666666666,0.8487493940021681,0.02505109793897988,0.05809565288001212,0.8822139441788057,0.37681159420289856,0.8252643605937129,0.7420139957952987,69,4692
3,resnet18,pretrained,gs0,adaptive,test,gs0,1337,1,1,subject_level,0.4492753623188406,0.6666666666666666,0.8487494475599648,0.02505110830500506,0.058095657604112144,0.8822139441788057,0.37681159420289856,0.8252644098323324,0.7420140398382022,69,4692
3,resnet18,pretrained,gs0,blind,train,raw,1337,1,1,slice_level,0.34684684684684686,0.47297297297297297,0.948084411588875,0.009568418468440976,0.011348005111522234,0.8427310080350621,0.3063063063063063,0.9265965314598771,0.8791603375675979,222,44400
3,resnet18,pretrained,gs0,blind,train,raw,1337,1,1,subject_level,0.34684684684684686,0.47297297297297297,0.9480844714620091,0.009568419273909147,0.011348006281968172,0.8426734181901114,0.3063063063063063,0.9265965899905643,0.8791720891758386,222,49062
3,resnet18,pretrained,gs0,blind,test,raw,1337,1,1,slice_level,0.36231884057971014,0.6086956521739131,0.9484579986420231,0.01418091767076133,0.03464358561820742,0.8270568466832228,0.34782608695652173,0.9273220568463423,0.8834215062023327,69,4692
3,resnet18,pretrained,gs0,blind,test,raw,1337,1,1,subject_level,0.36231884057971014,0.6086956521739131,0.9484580591105033,0.014180933219799097,0.034643592987803444,0.8270568466832227,0.34782608695652173,0.9273221060849618,0.8834215538530196,69,4692
4,resnet18,pretrained,gs0,adaptive,train,gs0,1337,1,1,slice_level,0.3783783783783784,0.6126126126126126,0.8489898147883715,0.018092106322984438,0.023426227065994665,0.9064416950734517,0.4594594594594595,0.8218131876206612,0.7243884013083067,222,44400
4,resnet18,pretrained,gs0,adaptive,train,gs0,1337,1,1,subject_level,0.3783783783783784,0.6126126126126126,0.8489898526453757,0.0180920985367921,0.02342622731350832,0.906340607453485,0.4594594594594595,0.821813220376367,0.7244394914346602,222,49062
4,resnet18,pretrained,gs0,adaptive,test,gs0,1337,1,1,slice_level,0.391304347826087,0.7101449275362319,0.8354279087937396,0.02099564801091733,0.06395263475892336,0.9163824950269963,0.3333333333333333,0.812161708223647,0.7204954159610412,69,4692
4,resnet18,pretrained,gs0,adaptive,test,gs0,1337,1,1,subject_level,0.391304347826087,0.7101449275362319,0.8354279493940049,0.02099563505338586,0.06395262728134792,0.9163824950269963,0.3333333333333333,0.8121617548707603,0.7204954590384816,69,4692
4,resnet18,pretrained,gs0,blind,train,raw,1337,1,1,slice_level,0.3108108108108108,0.4594594594594595,0.9462872193203317,0.009771055466419942,0.012109502331932654,0.8179759658306955,0.3108108108108108,0.9199657203914883,0.8731744529092097,222,44400
4,resnet18,pretrained,gs0,blind,train,raw,1337,1,1,subject_level,0.3108108108108108,0.4594594594594595,0.9462872751661249,0.009771056003398724,0.012109503636623288,0.8182533609799111,0.3108108108108108,0.9199657759687923,0.873134460024884,222,49062
4,resnet18,pretrained,gs0,blind,test,raw,1337,1,1,slice_level,0.2753623188405797,0.5652173913043478,0.9399384864862415,0.00968759992848272,0.034113279827263046,0.8087092429914624,0.17391304347826086,0.9163829831109531,0.8752812228950799,69,4692
4,resnet18,pretrained,gs0,blind,test,raw,1337,1,1,subject_level,0.2753623188405797,0.5652173913043478,0.9399385564569114,0.009687599064647287,0.034113281446954476,0.8087092429914625,0.17391304347826086,0.9163830660391545,0.8752812873016335,69,4692
0,resnet18,pretrained,gs10,adaptive,train,gs10,1337,1,1,slice_level,0.2895927601809955,0.5475113122171946,0.9509392542536982,0.00478362281937405,0.015551947280596015,0.8978091152924796,0.23529411764705882,0.9371751846231486,0.8338084677104497,221,44200
0,resnet18,pretrained,gs10,adaptive,train,gs10,1337,1,1,subject_level,0.2895927601809955,0.5475113122171946,0.9509393081945532,0.00478362929227665,0.015551948877751019,0.8973874408795889,0.23076923076923078,0.9371752382942994,0.8340063666032205,221,48620
0,resnet18,pretrained,gs10,adaptive,test,gs10,1337,1,1,slice_level,0.2857142857142857,0.5714285714285714,0.9439866040434156,0.006525851147515433,0.04088712829564299,0.8432800946465544,0.14285714285714285,0.9229949499879565,0.8517395655437533,70,4830
0,resnet18,pretrained,gs10,adaptive,test,gs10,1337,1,1,subject_level,0.2857142857142857,0.5714285714285714,0.9439866874899183,0.006525874137878418,0.04088713976421526,0.8432800946465543,0.14285714285714285,0.9229950181075505,0.8517396211500741,70,4830
0,resnet18,pretrained,gs10,blind,train,raw,1337,1,1,slice_level,0.49321266968325794,0.6334841628959276,0.9944005851292502,0.0019075665538667015,0.005480250956836194,0.9149423639974611,0.49321266968325794,0.992084932543034,0.9807670981865123,221,44200
0,resnet18,pretrained,gs10,blind,train,raw,1337,1,1,subject_level,0.49321266968325794,0.6334841628959276,0.9944006444641907,0.0019075676326838014,0.005480251475174098,0.9150297998514662,0.4841628959276018,0.9920849905294531,0.9807633071034497,221,48620
0,resnet18,pretrained,gs10,blind,test,raw,1337,1,1,slice_level,0.5,0.7142857142857143,0.9939106251512255,0.002124049833842686,0.017171778636319298,0.8891200828157351,0.45714285714285713,0.9917393096855709,0.9805860407357384,70,4830
0,resnet18,pretrained,gs10,blind,test,raw,1337,1,1,subject_level,0.5,0.7142857142857143,0.9939106830528804,0.0021240617547716415,0.017171777226030825,0.8891156462585034,0.45714285714285713,0.9917393641812461,0.980586106066378,70,4830
1,resnet18,pretrained,gs10,adaptive,train,gs10,1337,1,1,slice_level,0.2895927601809955,0.4796380090497738,0.8342000496872949,0.013033880906946519,0.01886504725447742,0.8726590364652649,0.25339366515837103,0.8015400834752424,0.7231403856377256,221,44200
1,resnet18,pretrained,gs10,adaptive,train,gs10,1337,1,1,subject_level,0.2895927601809955,0.4796380090497738,0.8342000933793875,0.01303387874931232,0.01886504805516199,0.8726492831097568,0.25339366515837103,0.8015401242005878,0.7231191671701284,221,48620
1,resnet18,pretrained,gs10,adaptive,test,gs10,1337,1,1,slice_level,0.37142857142857144,0.5857142857142857,0.8218706003257207,0.01565249136516026,0.04752716411437307,0.8680597456373854,0.3142857142857143,0.7981678749833788,0.729666684095904,70,4830
1,resnet18,pretrained,gs10,adaptive,test,gs10,1337,1,1,subject_level,0.37142857142857144,0.5857142857142857,0.8218706403459821,0.01565247688974653,0.04752716475299427,0.868061224489796,0.3142857142857143,0.798167907340186,0.72966672422723,70,4830
1,resnet18,pretrained,gs10,blind,train,raw,1337,1,1,slice_level,0.4796380090497738,0.6063348416289592,0.9904701189218064,0.002558732734006994,0.006008244205974211,0.8655451362584714,0.4117647058823529,0.9857453884582175,0.9699848994073286,221,44200
1,resnet18,pretrained,gs10,blind,train,raw,1337,1,1,subject_level,0.4796380090497738,0.6063348416289592,0.9904701876963965,0.002558724373174469,0.006008244064800879,0.8657186305842148,0.4117647058823529,0.9857454591207375,0.9699831976475219,221,48620
1,resnet18,pretrained,gs10,blind,test,raw,1337,1,1,slice_level,0.5285714285714286,0.6571428571428571,0.9884604803153447,0.004002915109906878,0.018867274852735656,0.8534117125110914,0.37142857142857144,0.9834227868488856,0.9683537142247147,70,4830
1,resnet18,pretrained,gs10,blind,test,raw,1337,1,1,subject_level,0.5285714285714286,0.6571428571428571,0.9884605339595249,0.0040028955255235945,0.0188672771943467,0.8534131913635019,0.37142857142857144,0.9834228345326015,0.968353762895671,70,4830
2,resnet18,pretrained,gs10,adaptive,train,gs10,1337,1,1,slice_level,0.27927927927927926,0.45045045045045046,0.846128305604866,0.011190584114005973,0.018527300503977516,0.867204569434299,0.2747747747747748,0.8131768222864684,0.7359691414183325,222,44400
2,resnet18,pretrained,gs10,adaptive,train,gs10,1337,1,1,subject_level,0.27927927927927926,0.45045045045045046,0.8461283558123821,0.011190580892133282,0.018527300688563973,0.8669669118794716,0.2747747747747748,0.8131768754473677,0.736010298519837,222,49062
2,resnet18,pretrained,gs10,adaptive,test,gs10,1337,1,1,slice_level,0.3188405797101449,0.5072463768115942,0.8350526776866637,0.013491669426793638,0.04697416436629019,0.8100065483030011,0.2028985507246377,0.8038020332654318,0.7410401578830637,69,4692
2,resnet18,pretrained,gs10,adaptive,test,gs10,1337,1,1,subject_level,0.3188405797101449,0.5072463768115942,0.8350527148315872,0.013491656469262165,0.04697415748260159,0.810006548303001,0.2028985507246377,0.8038020764572033,0.7410402029295406,69,4692
2,resnet18,pretrained,gs10,blind,train,raw,1337,1,1,slice_level,0.4144144144144144,0.5495495495495496,0.9911904453157304,0.0023409259748888443,0.005889260753368338,0.8467025809593377,0.3918918918918919,0.9859518926959854,0.971899291917279,222,44400
2,resnet18,pretrained,gs10,blind,train,raw,1337,1,1,subject_level,0.4144144144144144,0.5495495495495496,0.9911905076052692,0.0023409232899949356,0.005889260514244974,0.8464846006578916,0.3918918918918919,0.9859519611607801,0.9719190805619532,222,49062
2,resnet18,pretrained,gs10,blind,test,raw,1337,1,1,slice_level,0.37681159420289856,0.5942028985507246,0.9902773914129838,0.00268676833830018,0.018338734284043312,0.8140868823900069,0.3188405797101449,0.9853946350622869,0.9730196384568551,69,4692
2,resnet18,pretrained,gs10,blind,test,raw,1337,1,1,subject_level,0.37681159420289856,0.5942028985507246,0.9902774726135143,0.002686787342679673,0.018338740492860477,0.8140807047456663,0.3188405797101449,0.9853947033052859,0.9730196976676926,69,4692
3,resnet18,pretrained,gs10,adaptive,train,gs10,1337,1,1,slice_level,0.28378378378378377,0.509009009009009,0.8973134463434821,0.01012286167960983,0.019616873779644568,0.9038416626085546,0.26576576576576577,0.873090099912506,0.7682622651017464,222,44400
3,resnet18,pretrained,gs10,adaptive,train,gs10,1337,1,1,subject_level,0.28378378378378377,0.509009009009009,0.8973134938661043,0.010122860068673486,0.019616872202269396,0.9042549489687804,0.2702702702702703,0.8730901487775751,0.7682261662740334,222,49062
3,resnet18,pretrained,gs10,adaptive,test,gs10,1337,1,1,slice_level,0.3333333333333333,0.6666666666666666,0.8856113475301991,0.01274836754453355,0.04628424821556478,0.8526384718978959,0.3333333333333333,0.8619087865387184,0.7905110499971663,69,4692
3,resnet18,pretrained,gs10,adaptive,test,gs10,1337,1,1,subject_level,0.3333333333333333,0.6666666666666666,0.8856113959049833,0.012748348540154057,0.04628424708178078,0.8526384718978959,0.3333333333333333,0.8619088305943254,0.7905110955644853,69,4692
3,resnet18,pretrained,gs10,blind,train,raw,1337,1,1,slice_level,0.38738738738738737,0.545045045045045,0.9891179942332946,0.002778318551209596,0.006104455560210858,0.8510721025079132,0.3918918918918919,0.9831757392432239,0.9671250483165453,222,44400
3,resnet18,pretrained,gs10,blind,train,raw,1337,1,1,subject_level,0.38738738738738737,0.545045045045045,0.9891180581337696,0.0027783172087626415,0.006104455868554142,0.8510679720934093,0.3918918918918919,0.9831757985793792,0.9671147234161107,222,49062
3,resnet18,pretrained,gs10,blind,test,raw,1337,1,1,slice_level,0.42028985507246375,0.6376811594202898,0.9887358658555625,0.0038367587587107782,0.019228262664831203,0.8186181845138811,0.391304347826087,0.9824903719667075,0.968151844853737,69,4692
3,resnet18,pretrained,gs10,blind,test,raw,1337,1,1,subject_level,0.42028985507246375,0.6376811594202898,0.9887359513752703,0.0038367751715839772,0.0192282701154118,0.8186181845138811,0.391304347826087,0.9824904358905294,0.9681519020320205,69,4692
4,resnet18,pretrained,gs10,adaptive,train,gs10,1337,1,1,slice_level,0.2927927927927928,0.5405405405405406,0.9293480099321486,0.00626755217174152,0.013950108693123938,0.887627881259638,0.26126126126126126,0.9142380837384645,0.8371609816331047,222,44400
4,resnet18,pretrained,gs10,adaptive,train,gs10,1337,1,1,subject_level,0.2927927927927928,0.5405405405405406,0.9293480663149206,0.006267563985274719,0.013950111650702384,0.8875705074035758,0.26126126126126126,0.9142381350199381,0.8371518393967466,222,49062
4,resnet18,pretrained,gs10,adaptive,test,gs10,1337,1,1,slice_level,0.391304347826087,0.6376811594202898,0.9178909944451373,0.010152262190113897,0.03825483857181625,0.8979267825592745,0.15942028985507245,0.9051428117613861,0.8376443509174429,69,4692
4,resnet18,pretrained,gs10,adaptive,test,gs10,1337,1,1,subject_level,0.391304347826087,0.6376811594202898,0.9178910203602003,0.010152245777240698,0.03825483017641565,0.8979267825592745,0.15942028985507245,0.9051428575446641,0.8376443928134614,69,4692
4,resnet18,pretrained,gs10,blind,train,raw,1337,1,1,slice_level,0.4189189189189189,0.545045045045045,0.9915927788158795,0.0022985215659614084,0.005813157475377257,0.8519886271406543,0.4369369369369369,0.9867625115691004,0.9732986252989855,222,44400
4,resnet18,pretrained,gs10,blind,train,raw,1337,1,1,subject_level,0.4189189189189189,0.545045045045045,0.9915928346616728,0.002298528815174962,0.005813157834062302,0.8523710667987298,0.4369369369369369,0.9867625663409362,0.9732708879531045,222,49062
4,resnet18,pretrained,gs10,blind,test,raw,1337,1,1,slice_level,0.5362318840579711,0.6521739130434783,0.9900171264358189,0.0027632825616477194,0.018511817021214443,0.8742015394689697,0.36231884057971014,0.9868463735649551,0.9723022452476994,69,4692
4,resnet18,pretrained,gs10,blind,test,raw,1337,1,1,subject_level,0.5362318840579711,0.6521739130434783,0.990017180857451,0.0027633015660272126,0.01851181853292645,0.8741999950578845,0.36231884057971014,0.9868464124375496,0.9723022907387977,69,4692
0,resnet18,pretrained,gs20,adaptive,train,gs20,1337,1,1,slice_level,0.23076923076923078,0.4434389140271493,0.8578509362035207,0.011945380614354061,0.01815229490803917,0.8802374541880796,0.22171945701357465,0.8262651338836187,0.7474413590989502,221,44200
0,resnet18,pretrained,gs20,adaptive,train,gs20,1337,1,1,subject_level,0.23076923076923078,0.4434389140271493,0.8578509774682749,0.01194537737790276,0.018152295021820662,0.880478258765456,0.22171945701357465,0.8262651767665984,0.7473966799820465,221,48620
0,resnet18,pretrained,gs20,adaptive,test,gs20,1337,1,1,slice_level,0.3,0.6714285714285714,0.8480676429612296,0.008696142264774867,0.04427771938166448,0.8497012718130731,0.3,0.8230839107717787,0.7571341589987896,70,4830
0,resnet18,pretrained,gs20,adaptive,test,gs20,1337,1,1,subject_level,0.3,0.6714285714285714,0.8480676940509251,0.008696124383381435,0.04427771594907556,0.8497012718130731,0.3,0.8230839729309082,0.7571342139510635,70,4830
0,resnet18,pretrained,gs20,blind,train,raw,1337,1,1,slice_level,0.4343891402714932,0.5565610859728507,0.993038397838627,0.002322531124045946,0.005759913817772903,0.863897084416781,0.4253393665158371,0.9885966591705564,0.9756985982578265,221,44200
0,resnet18,pretrained,gs20,blind,train,raw,1337,1,1,subject_level,0.4343891402714932,0.5565610859728507,0.9930384641858787,0.002322532202863046,0.005759914047442949,0.8641433426834012,0.4253393665158371,0.9885967222813568,0.9756882199359401,221,48620
0,resnet18,pretrained,gs20,blind,test,raw,1337,1,1,slice_level,0.4714285714285714,0.6857142857142857,0.9921443794454847,0.0024138833795275005,0.01775810183691127,0.8584235433303756,0.4142857142857143,0.9886077276297978,0.9763906798624351,70,4830
0,resnet18,pretrained,gs20,blind,test,raw,1337,1,1,subject_level,0.4714285714285714,0.6857142857142857,0.9921444467135838,0.0024138637951442174,0.017758100692714964,0.8584235433303756,0.4142857142857143,0.9886078025613513,0.9763907496109759,70,4830
1,resnet18,pretrained,gs20,adaptive,train,gs20,1337,1,1,slice_level,0.19457013574660634,0.4072398190045249,0.8958790183606731,0.008192844250622918,0.01934738266302854,0.8497795909174669,0.21266968325791855,0.8591494363357578,0.7685231162722295,221,44200
1,resnet18,pretrained,gs20,adaptive,train,gs20,1337,1,1,subject_level,0.19457013574660634,0.4072398190045249,0.8958790607042442,0.008192844790031467,0.01934738316450993,0.8495207547310288,0.21266968325791855,0.8591494840734145,0.768615605754771,221,48620
1,resnet18,pretrained,gs20,adaptive,test,gs20,1337,1,1,slice_level,0.18571428571428572,0.5714285714285714,0.8799374835831778,0.010514827285494124,0.050931764952838424,0.792108843537415,0.22857142857142856,0.8377454204218728,0.7693487642344481,70,4830
1,resnet18,pretrained,gs20,adaptive,test,gs20,1337,1,1,subject_level,0.18571428571428572,0.5714285714285714,0.8799375380788531,0.010514840057918003,0.05093177296221256,0.792108843537415,0.22857142857142856,0.8377454664025988,0.769348803094702,70,4830
1,resnet18,pretrained,gs20,blind,train,raw,1337,1,1,slice_level,0.39819004524886875,0.5384615384615384,0.9919685076804182,0.0022101693563331844,0.00593425530931866,0.8666989824123175,0.43891402714932126,0.9873427870047039,0.9723378570249717,221,44200
1,resnet18,pretrained,gs20,blind,train,raw,1337,1,1,subject_level,0.39819004524886875,0.5384615384615384,0.9919685718700357,0.0022101787959828098,0.0059342559245815375,0.8669810293512715,0.43891402714932126,0.9873428484972786,0.9723276698640814,221,48620
1,resnet18,pretrained,gs20,blind,test,raw,1337,1,1,slice_level,0.34285714285714286,0.6142857142857143,0.9908348551818302,0.0032056587082999093,0.018959673919848034,0.8347973972197574,0.3,0.9844842042241778,0.9701012092470876,70,4830
1,resnet18,pretrained,gs20,blind,test,raw,1337,1,1,subject_level,0.34285714285714286,0.6142857142857143,0.9908349275588989,0.003205676589693342,0.018959679561001915,0.8347973972197574,0.3,0.9844842570168632,0.9701012583623021,70,4830
2,resnet18,pretrained,gs20,adaptive,train,gs20,1337,1,1,slice_level,0.22072072072072071,0.46396396396396394,0.9550019424777847,0.0038540430434115297,0.012890485899841733,0.8652699659118577,0.18018018018018017,0.941958364065703,0.8558842612722436,222,44400
2,resnet18,pretrained,gs20,adaptive,train,gs20,1337,1,1,subject_level,0.22072072072072071,0.46396396396396394,0.9550019951017054,0.003854041969453966,0.01289048681438372,0.8653086405471144,0.18018018018018017,0.9419584177635811,0.8558691997372765,222,49062
2,resnet18,pretrained,gs20,adaptive,test,gs20,1337,1,1,slice_level,0.3333333333333333,0.6086956521739131,0.95034508774246,0.004918960557467695,0.0300463467458452,0.817595784375502,0.14492753623188406,0.9381578374600065,0.8896355348855943,69,4692
2,resnet18,pretrained,gs20,adaptive,test,gs20,1337,1,1,subject_level,0.3333333333333333,0.6086956521739131,0.9503451317980669,0.004918946736100791,0.030046341400863468,0.8175973287865872,0.14492753623188406,0.9381578892901323,0.8896355885196118,69,4692
2,resnet18,pretrained,gs20,blind,train,raw,1337,1,1,slice_level,0.5,0.6351351351351351,0.9927812871095296,0.0026038957608712685,0.005890896705373585,0.9156688276113952,0.5135135135135135,0.9894368951922065,0.9735541592538357,222,44400
2,resnet18,pretrained,gs20,blind,train,raw,1337,1,1,subject_level,0.5,0.6351351351351351,0.9927813483251108,0.0026038911965516236,0.005890896583714329,0.9155481150711675,0.5135135135135135,0.9894369529174255,0.9735538153549047,222,49062
2,resnet18,pretrained,gs20,blind,test,raw,1337,1,1,slice_level,0.5362318840579711,0.6956521739130435,0.9921056369076604,0.0028458799141040745,0.018115328489870266,0.9138373055586443,0.4782608695652174,0.9899257602898971,0.9758768015352967,69,4692
2,resnet18,pretrained,gs20,blind,test,raw,1337,1,1,subject_level,0.5362318840579711,0.6956521739130435,0.9921056878739509,0.0028458730034206224,0.018115327113132546,0.9138357611475593,0.4782608695652174,0.9899258207583773,0.9758768570240196,69,4692
3,resnet18,pretrained,gs20,adaptive,train,gs20,1337,1,1,slice_level,0.18468468468468469,0.34234234234234234,0.9780273496567666,0.002005980626956837,0.013183902957485066,0.8311296262478695,0.08108108108108109,0.9661045600702097,0.8536804985362398,222,44400
3,resnet18,pretrained,gs20,adaptive,train,gs20,1337,1,1,subject_level,0.18468468468468469,0.34234234234234234,0.9780274084559432,0.002005984385808309,0.013183901382207468,0.8309900489948183,0.07657657657657657,0.9661046218227696,0.8539322575240735,222,49062
3,resnet18,pretrained,gs20,adaptive,test,gs20,1337,1,1,slice_level,0.2753623188405797,0.4492753623188406,0.9727422802344613,0.0029378645661948385,0.029383148377140362,0.7543428839714841,0.08695652173913043,0.9519819539526234,0.9086977497619741,69,4692
3,resnet18,pretrained,gs20,adaptive,test,gs20,1337,1,1,subject_level,0.2753623188405797,0.4492753623188406,0.9727423622988273,0.0029378904812577844,0.029383160011923832,0.7543428839714839,0.08695652173913043,0.9519820334254832,0.90869781604864,69,4692
3,resnet18,pretrained,gs20,blind,train,raw,1337,1,1,slice_level,0.45495495495495497,0.5630630630630631,0.9938997298747569,0.0020107272508982066,0.005642737522050067,0.8753855206557908,0.481981981981982,0.9901778724816468,0.9777050747984164,222,44400
3,resnet18,pretrained,gs20,blind,train,raw,1337,1,1,subject_level,0.45495495495495497,0.5630630630630631,0.993899806125744,0.002010742017814705,0.005642738642154244,0.8754155433408215,0.481981981981982,0.9901779396039946,0.9776985789403744,222,49062
3,resnet18,pretrained,gs20,blind,test,raw,1337,1,1,slice_level,0.4927536231884058,0.6811594202898551,0.9935484545818274,0.0026889598887899647,0.017884013148537582,0.8613211510186936,0.463768115942029,0.9901698257612146,0.978314124028701,69,4692
3,resnet18,pretrained,gs20,blind,test,raw,1337,1,1,subject_level,0.4927536231884058,0.6811594202898551,0.993548515914143,0.0026889823485111847,0.017884014957193016,0.8613211510186936,0.463768115942029,0.9901698724083279,0.9783141772816146,69,4692
4,resnet18,pretrained,gs20,adaptive,train,gs20,1337,1,1,slice_level,0.1891891891891892,0.45495495495495497,0.920017088855709,0.005537139939832258,0.01503420209612798,0.8784724251278306,0.1891891891891892,0.8996234012616647,0.8171643045074768,222,44400
4,resnet18,pretrained,gs20,adaptive,train,gs20,1337,1,1,subject_level,0.1891891891891892,0.45495495495495497,0.920017138257757,0.005537132959108095,0.01503420160949096,0.878674152322801,0.1891891891891892,0.8996234514691808,0.8170876793761088,222,49062
4,resnet18,pretrained,gs20,adaptive,test,gs20,1337,1,1,slice_level,0.3188405797101449,0.6811594202898551,0.9099512333455293,0.008879814458929974,0.04119955100443052,0.8856796026539161,0.14492753623188406,0.8941962503004766,0.8221761412785181,69,4692
4,resnet18,pretrained,gs20,adaptive,test,gs20,1337,1,1,subject_level,0.3188405797101449,0.6811594202898551,0.9099512583967568,0.008879802365233933,0.04119954954670823,0.8856796026539161,0.14492753623188406,0.8941962917645773,0.8221761684893342,69,4692
4,resnet18,pretrained,gs20,blind,train,raw,1337,1,1,slice_level,0.43243243243243246,0.5765765765765766,0.9921356624848133,0.0024241378178467624,0.005848390899749624,0.8871062616670725,0.49099099099099097,0.9881207180452777,0.9733686332780499,222,44400
4,resnet18,pretrained,gs20,blind,train,raw,1337,1,1,subject_level,0.43243243243243246,0.5765765765765766,0.9921357191360749,0.0024241480204436157,0.005848391140970561,0.886901837021074,0.49099099099099097,0.9881207709376877,0.9733876016726433,222,49062
4,resnet18,pretrained,gs20,blind,test,raw,1337,1,1,slice_level,0.5217391304347826,0.7391304347826086,0.9906955214514248,0.0029399550479391346,0.01859606065503929,0.8977476308733952,0.4782608695652174,0.9877762250278307,0.9726576138564083,69,4692
4,resnet18,pretrained,gs20,blind,test,raw,1337,1,1,subject_level,0.5217391304347826,0.7391304347826086,0.9906955966051074,0.002939976643824923,0.018596065136185592,0.8977491752844804,0.4782608695652174,0.9877762889516526,0.9726576735245703,69,4692
0,resnet18,pretrained,gs30,adaptive,train,gs30,1337,1,1,slice_level,0.22624434389140272,0.43891402714932126,0.8626243215880243,0.009396673057953157,0.016410355489886456,0.8724903769374092,0.15384615384615385,0.8347078745181744,0.7600582742138147,221,44200
0,resnet18,pretrained,gs30,adaptive,train,gs30,1337,1,1,subject_level,0.22624434389140272,0.43891402714932126,0.8626243652801169,0.009396672248840332,0.016410355860729833,0.8728650109539116,0.1583710407239819,0.8347079182102669,0.7599572274933525,221,48620
0,resnet18,pretrained,gs30,adaptive,test,gs30,1337,1,1,slice_level,0.22857142857142856,0.5142857142857142,0.8506448788302285,0.008954034532819476,0.03887114240122693,0.8176604554865425,0.14285714285714285,0.8260689829077039,0.7709650582655123,70,4830
0,resnet18,pretrained,gs30,adaptive,test,gs30,1337,1,1,subject_level,0.22857142857142856,0.5142857142857142,0.8506449401378632,0.008954041344778878,0.03887114966554301,0.8176604554865424,0.14285714285714285,0.8260690305914198,0.7709651054926294,70,4830
0,resnet18,pretrained,gs30,blind,train,raw,1337,1,1,slice_level,0.4343891402714932,0.5429864253393665,0.9920212033107809,0.0023645545562467965,0.005907686168066651,0.8938435945209966,0.43891402714932126,0.9878641019040103,0.9728504364239684,221,44200
0,resnet18,pretrained,gs30,blind,train,raw,1337,1,1,subject_level,0.4343891402714932,0.5429864253393665,0.9920212664215813,0.0023645480833441963,0.005907686081677001,0.8933498495116807,0.43891402714932126,0.987864168251262,0.9728880157298092,221,48620
0,resnet18,pretrained,gs30,blind,test,raw,1337,1,1,slice_level,0.6142857142857143,0.7428571428571429,0.9915298666272845,0.0029232110295976913,0.018494047011647904,0.8868988464951196,0.5428571428571428,0.9880633439336505,0.9727175147020052,70,4830
0,resnet18,pretrained,gs30,blind,test,raw,1337,1,1,subject_level,0.6142857142857143,0.7428571428571429,0.9915299126080104,0.0029231931482042585,0.018494046106934548,0.8869003253475304,0.5428571428571428,0.9880633992808205,0.9727175625584881,70,4830
1,resnet18,pretrained,gs30,adaptive,train,gs30,1337,1,1,slice_level,0.15384615384615385,0.3393665158371041,0.8454907787331628,0.010207077227027168,0.01850714312436489,0.8373953236010728,0.17647058823529413,0.8032617113169502,0.7344115758077052,221,44200
1,resnet18,pretrained,gs30,adaptive,train,gs30,1337,1,1,subject_level,0.15384615384615385,0.3393665158371041,0.8454908202676212,0.010207068057081818,0.018507143975619006,0.8378106322743001,0.17647058823529413,0.803261752312,0.7342790614205199,221,48620
1,resnet18,pretrained,gs30,adaptive,test,gs30,1337,1,1,slice_level,0.3,0.4714285714285714,0.8282861667019981,0.013797032833099365,0.046212721775685035,0.7748624667258206,0.2714285714285714,0.7858222697462355,0.7352965075900589,70,4830
1,resnet18,pretrained,gs30,adaptive,test,gs30,1337,1,1,subject_level,0.3,0.4714285714285714,0.8282862152372088,0.01379703027861459,0.04621272731040205,0.7748624667258208,0.2714285714285714,0.7858223472322736,0.7352965555699469,70,4830
1,resnet18,pretrained,gs30,blind,train,raw,1337,1,1,slice_level,0.4479638009049774,0.6018099547511312,0.9918361438345585,0.0025856540753291203,0.006105179036651397,0.8779885239859955,0.46153846153846156,0.9870202765205867,0.9701745145002642,221,44200
1,resnet18,pretrained,gs30,blind,train,raw,1337,1,1,subject_level,0.4479638009049774,0.6018099547511312,0.9918361999330477,0.0025856502994692702,0.006105178920762841,0.8779887333853263,0.46153846153846156,0.9870203307311459,0.9701903571922168,221,48620
1,resnet18,pretrained,gs30,blind,test,raw,1337,1,1,slice_level,0.4142857142857143,0.6285714285714286,0.9908554749829429,0.003800044740949358,0.01921169651406152,0.8358104111209702,0.38571428571428573,0.9846185096672603,0.9689620075635534,70,4830
1,resnet18,pretrained,gs30,blind,test,raw,1337,1,1,subject_level,0.4142857142857143,0.6285714285714286,0.9908555252211434,0.003800032820020403,0.01921169332095555,0.8358104111209702,0.38571428571428573,0.9846185854503087,0.9689620724252539,70,4830
2,resnet18,pretrained,gs30,adaptive,train,gs30,1337,1,1,slice_level,0.18468468468468469,0.3918918918918919,0.8259748682245478,0.00970378759745005,0.017566621269997175,0.8588404959013066,0.19369369369369369,0.7883452786518647,0.7197536283181057,222,44400
2,resnet18,pretrained,gs30,adaptive,train,gs30,1337,1,1,subject_level,0.18468468468468469,0.3918918918918919,0.8259749060815519,0.009703792161769696,0.017566622515955754,0.8588958592933156,0.19369369369369369,0.7883453140924642,0.719705957835684,222,49062
2,resnet18,pretrained,gs30,adaptive,test,gs30,1337,1,1,slice_level,0.2028985507246377,0.5072463768115942,0.817469426687213,0.010886215645333996,0.044295215007403625,0.8271958436808877,0.13043478260869565,0.7860036285027213,0.7285899176799834,69,4692
2,resnet18,pretrained,gs30,adaptive,test,gs30,1337,1,1,subject_level,0.2028985507246377,0.5072463768115942,0.8174694586491239,0.010886216509169426,0.04429521789585335,0.8271958436808877,0.13043478260869565,0.7860036613284678,0.7285899512552341,69,4692
2,resnet18,pretrained,gs30,blind,train,raw,1337,1,1,slice_level,0.42342342342342343,0.5540540540540541,0.9907267703129364,0.0030383011242290873,0.006548320411008086,0.8739847617888159,0.46846846846846846,0.9841107801274136,0.9634202955273895,222,44400
2,resnet18,pretrained,gs30,blind,train,raw,1337,1,1,subject_level,0.42342342342342343,0.5540540540540541,0.9907268350188797,0.0030383008557396964,0.00654832089974268,0.8739411265245923,0.47297297297297297,0.984110845638825,0.9634047658676417,222,49062
2,resnet18,pretrained,gs30,blind,test,raw,1337,1,1,slice_level,0.4782608695652174,0.6521739130434783,0.9895636534345322,0.0036915151969246244,0.020062215221316917,0.8611018446446002,0.37681159420289856,0.9847397121830263,0.9654997859947314,69,4692
2,resnet18,pretrained,gs30,blind,test,raw,1337,1,1,subject_level,0.4782608695652174,0.6521739130434783,0.9895637182221897,0.003691506558570309,0.020062216220126636,0.8611018446446002,0.37681159420289856,0.9847397709238357,0.9654998489276833,69,4692
3,resnet18,pretrained,gs30,adaptive,train,gs30,1337,1,1,slice_level,0.19369369369369369,0.4369369369369369,0.8981328206556337,0.007050763110856752,0.014729898003441794,0.8830125902929957,0.22522522522522523,0.8751664564416215,0.8020439049171972,222,44400
3,resnet18,pretrained,gs30,adaptive,train,gs30,1337,1,1,subject_level,0.19369369369369369,0.4369369369369369,0.8981328797232997,0.007050767675176397,0.01472989967730534,0.8828185223256766,0.22522522522522523,0.8751665012793498,0.8021000442272208,222,49062
3,resnet18,pretrained,gs30,adaptive,test,gs30,1337,1,1,slice_level,0.2318840579710145,0.5362318840579711,0.8870719066564587,0.0077649942342785825,0.03521607392400071,0.8479697171874422,0.15942028985507245,0.8673266025557034,0.8179475821726158,69,4692
3,resnet18,pretrained,gs30,adaptive,test,gs30,1337,1,1,subject_level,0.2318840579710145,0.5362318840579711,0.8870719800824705,0.0077650046003037605,0.03521608145556588,0.8479666283652717,0.15942028985507245,0.8673266794370569,0.8179476381567738,69,4692
3,resnet18,pretrained,gs30,blind,train,raw,1337,1,1,slice_level,0.4369369369369369,0.581081081081081,0.9924567427721109,0.0021117077217445717,0.005809543150905016,0.8784298656764873,0.4594594594594595,0.9882305616194064,0.9741882599339828,222,44400
3,resnet18,pretrained,gs30,blind,train,raw,1337,1,1,subject_level,0.4369369369369369,0.581081081081081,0.9924568050616497,0.002111708795702135,0.005809543635444464,0.878330589976059,0.4594594594594595,0.9882306249829026,0.974195601089153,222,49062
3,resnet18,pretrained,gs30,blind,test,raw,1337,1,1,slice_level,0.37681159420289856,0.6956521739130435,0.9920540253321329,0.003052291662796684,0.018391609542827675,0.8541396394726763,0.4057971014492754,0.9877893250921498,0.9747708696945041,69,4692
3,resnet18,pretrained,gs30,blind,test,raw,1337,1,1,subject_level,0.37681159420289856,0.6956521739130435,0.9920541082603344,0.0030522830244423685,0.018391613133143688,0.8541396394726761,0.4057971014492754,0.987789397654326,0.9747709423329011,69,4692
4,resnet18,pretrained,gs30,adaptive,train,gs30,1337,1,1,slice_level,0.16216216216216217,0.35585585585585583,0.8293123846655494,0.010128548016419282,0.016261202883109584,0.8241725509293076,0.1891891891891892,0.7899157109561267,0.7294017880054208,222,44400
4,resnet18,pretrained,gs30,adaptive,train,gs30,1337,1,1,subject_level,0.16216216216216217,0.35585585585585583,0.8293124354100442,0.010128554460164663,0.016261205710638483,0.8243772083199746,0.1891891891891892,0.7899157501555778,0.7293571343708551,222,49062
4,resnet18,pretrained,gs30,adaptive,test,gs30,1337,1,1,slice_level,0.21739130434782608,0.4492753623188406,0.8180116535960764,0.012735092985457268,0.047438092097855995,0.8219247686472194,0.14492753623188406,0.7850065836008044,0.7254101043060511,69,4692
4,resnet18,pretrained,gs30,adaptive,test,gs30,1337,1,1,subject_level,0.21739130434782608,0.4492753623188406,0.8180116898771645,0.012735102487647015,0.04743808726577655,0.8219247686472195,0.14492753623188406,0.7850066190180571,0.7254101411842019,69,4692
4,resnet18,pretrained,gs30,blind,train,raw,1337,1,1,slice_level,0.33783783783783783,0.5,0.990514204040304,0.002347676603643744,0.0061437194172695685,0.8442658875091308,0.4009009009009009,0.983953023010546,0.9680741189084612,222,44400
4,resnet18,pretrained,gs30,blind,train,raw,1337,1,1,subject_level,0.33783783783783783,0.5,0.9905142523683943,0.0023476774091119165,0.006143719188634072,0.8440344006719207,0.40540540540540543,0.9839530734865515,0.9680959543744077,222,49062
4,resnet18,pretrained,gs30,blind,test,raw,1337,1,1,slice_level,0.463768115942029,0.6376811594202898,0.9887681707091953,0.0032734741335329804,0.019840670344622238,0.8780285901380085,0.34782608695652173,0.9841439456179522,0.9657383904127819,69,4692
4,resnet18,pretrained,gs30,blind,test,raw,1337,1,1,subject_level,0.463768115942029,0.6376811594202898,0.9887682657310928,0.00327350782311481,0.01984067803815655,0.8780285901380085,0.34782608695652173,0.9841440000395844,0.9657384537014306,69,4692
0,resnet18,pretrained,gs40,adaptive,train,gs40,1337,1,1,slice_level,0.19004524886877827,0.42081447963800905,0.8586488997235018,0.007734299784871787,0.014976866526436481,0.8730695522204706,0.167420814479638,0.8308477763137126,0.7644616715036906,221,44200
0,resnet18,pretrained,gs40,adaptive,train,gs40,1337,1,1,subject_level,0.19004524886877827,0.42081447963800905,0.8586489577099209,0.007734308145704313,0.014976870007307281,0.8732488631942983,0.167420814479638,0.8308478173087624,0.7644334281388255,221,48620
0,resnet18,pretrained,gs40,adaptive,test,gs40,1337,1,1,slice_level,0.15714285714285714,0.5285714285714286,0.8497280308178493,0.012025260925292968,0.039971515323434556,0.8396716947648625,0.12857142857142856,0.8228427716663905,0.7690985636187884,70,4830
0,resnet18,pretrained,gs40,adaptive,test,gs40,1337,1,1,subject_level,0.15714285714285714,0.5285714285714286,0.8497280665806362,0.012025259222303119,0.03997150968228068,0.8396716947648625,0.12857142857142856,0.822842812538147,0.7690986107595219,70,4830
0,resnet18,pretrained,gs40,blind,train,raw,1337,1,1,slice_level,0.34841628959276016,0.4796380090497738,0.9922252607561345,0.0022435956950640785,0.005917427399747782,0.8688451813025941,0.3891402714932127,0.9870287902754357,0.9729475276340727,221,44200
0,resnet18,pretrained,gs40,blind,train,raw,1337,1,1,subject_level,0.34841628959276016,0.4796380090497738,0.9922253184728493,0.002243609449982104,0.005917427374463006,0.868625000232666,0.3891402714932127,0.9870288541953488,0.9729542483743058,221,48620
0,resnet18,pretrained,gs40,blind,test,raw,1337,1,1,slice_level,0.5,0.6714285714285714,0.9913754318441663,0.0030561166150229317,0.01834695945893015,0.8845696539485359,0.44285714285714284,0.9873045316764286,0.9732447493890798,70,4830
0,resnet18,pretrained,gs40,blind,test,raw,1337,1,1,subject_level,0.5,0.6714285714285714,0.991375493151801,0.003056138753890991,0.018346962412553174,0.884569653948536,0.44285714285714284,0.9873045878750938,0.9732448012068652,70,4830
1,resnet18,pretrained,gs40,adaptive,train,gs40,1337,1,1,slice_level,0.13574660633484162,0.3076923076923077,0.8262016179874472,0.00877093297863438,0.014897381048228136,0.829232509571876,0.17194570135746606,0.7887517785594474,0.7346425004957489,221,44200
1,resnet18,pretrained,gs40,adaptive,train,gs40,1337,1,1,subject_level,0.13574660633484162,0.3076923076923077,0.8262016732768236,0.008770937563607056,0.014897383875908894,0.8290853809485697,0.17194570135746606,0.7887518287244426,0.7346942622246736,221,48620
1,resnet18,pretrained,gs40,adaptive,test,gs40,1337,1,1,slice_level,0.14285714285714285,0.5,0.8115486451557704,0.008002531528472901,0.03773653267749718,0.8140017746228928,0.15714285714285714,0.7831494748592377,0.7360660557914718,70,4830
1,resnet18,pretrained,gs40,adaptive,test,gs40,1337,1,1,subject_level,0.14285714285714285,0.5,0.811548696245466,0.008002517904554094,0.03773653706801789,0.8140017746228927,0.15714285714285714,0.7831495182854789,0.7360661050917939,70,4830
1,resnet18,pretrained,gs40,blind,train,raw,1337,1,1,slice_level,0.416289592760181,0.5746606334841629,0.9918383637704461,0.0025614149430218864,0.005947875442632318,0.884131467414672,0.4479638009049774,0.9873447383151335,0.9721466666864593,221,44200
1,resnet18,pretrained,gs40,blind,train,raw,1337,1,1,subject_level,0.416289592760181,0.5746606334841629,0.9918384155536669,0.0025614157521347113,0.005947875550092615,0.8841837427943363,0.4479638009049774,0.9873447887498329,0.9721544043437192,221,48620
1,resnet18,pretrained,gs40,blind,test,raw,1337,1,1,slice_level,0.38571428571428573,0.5857142857142857,0.9908668850149427,0.003284435612814767,0.018750569224357604,0.838039041703638,0.35714285714285715,0.9852902020726885,0.970949886884255,70,4830
1,resnet18,pretrained,gs40,blind,test,raw,1337,1,1,subject_level,0.38571428571428573,0.5857142857142857,0.9908669378076281,0.003284439870289394,0.018750568559127195,0.8380405205560486,0.35714285714285715,0.9852902701922825,0.9709499408492884,70,4830
2,resnet18,pretrained,gs40,adaptive,train,gs40,1337,1,1,slice_level,0.12612612612612611,0.38738738738738737,0.8805180345032666,0.007063445475724366,0.014498866435878718,0.8579535954873793,0.18018018018018017,0.8537836469508506,0.788037706034946,222,44400
2,resnet18,pretrained,gs40,adaptive,train,gs40,1337,1,1,subject_level,0.12612612612612611,0.38738738738738737,0.8805180806834418,0.007063450845512184,0.014498868055205356,0.8581006253899737,0.18018018018018017,0.8537836861503016,0.7879956577564393,222,49062
2,resnet18,pretrained,gs40,adaptive,test,gs40,1337,1,1,slice_level,0.2028985507246377,0.42028985507246375,0.8735902879549109,0.009009049422499062,0.03531954326815363,0.7860558211942623,0.11594202898550725,0.8492384639339171,0.8025473899574028,69,4692
2,resnet18,pretrained,gs40,adaptive,test,gs40,1337,1,1,subject_level,0.2028985507246377,0.42028985507246375,0.873590338057366,0.009009043375651041,0.03531953722130561,0.7860558211942623,0.11594202898550725,0.8492385261300681,0.8025474498161168,69,4692
2,resnet18,pretrained,gs40,blind,train,raw,1337,1,1,slice_level,0.42792792792792794,0.5990990990990991,0.9938936848361213,0.0019167548901325947,0.005627312397517197,0.892378053729405,0.46396396396396394,0.990530376767253,0.9779336125651995,222,44400
2,resnet18,pretrained,gs40,blind,train,raw,1337,1,1,subject_level,0.42792792792792794,0.5990990990990991,0.9938937543748735,0.001916767509133966,0.00562731304147222,0.8924541515956461,0.46396396396396394,0.9905304463060053,0.977938417647336,222,49062
2,resnet18,pretrained,gs40,blind,test,raw,1337,1,1,slice_level,0.5507246376811594,0.7681159420289855,0.9933897187744362,0.0022550112959267435,0.017460507624175236,0.9111531190926275,0.463768115942029,0.9917136240696561,0.9799723302134061,69,4692
2,resnet18,pretrained,gs40,blind,test,raw,1337,1,1,subject_level,0.5507246376811594,0.7681159420289855,0.9933897887451061,0.002255000066066134,0.017460507273242092,0.9111531190926276,0.463768115942029,0.9917136966318324,0.9799723983420741,69,4692
3,resnet18,pretrained,gs40,adaptive,train,gs40,1337,1,1,slice_level,0.14414414414414414,0.34234234234234234,0.9675336136474265,0.0023050305542645154,0.016709252785018704,0.8684612145929713,0.12612612612612611,0.947254796285887,0.8186836755564353,222,44400
3,resnet18,pretrained,gs40,adaptive,train,gs40,1337,1,1,subject_level,0.14414414414414414,0.34234234234234234,0.9675336818437319,0.0023050453211810136,0.016709255868451553,0.8683426761725649,0.12612612612612611,0.9472548478358501,0.8188476527183318,222,49062
3,resnet18,pretrained,gs40,adaptive,test,gs40,1337,1,1,slice_level,0.15942028985507245,0.42028985507246375,0.9600440738857656,0.0035630706427753835,0.04208329077000204,0.7868249379146743,0.13043478260869565,0.926894894544629,0.8446458466573343,69,4692
3,resnet18,pretrained,gs40,adaptive,test,gs40,1337,1,1,subject_level,0.15942028985507245,0.42028985507246375,0.9600441352180813,0.0035630818726359935,0.042083302863698074,0.7868249379146743,0.13043478260869565,0.9268949455109196,0.8446458946637181,69,4692
3,resnet18,pretrained,gs40,blind,train,raw,1337,1,1,slice_level,0.46846846846846846,0.6621621621621622,0.9962288329193184,0.0011478600738284825,0.005291379434434143,0.9051892602061521,0.47297297297297297,0.9944130891078228,0.9846570651595657,222,44400
3,resnet18,pretrained,gs40,blind,train,raw,1337,1,1,subject_level,0.46846846846846846,0.6621621621621622,0.996228899236198,0.0011478592683603099,0.005291379545605532,0.90486747601215,0.47297297297297297,0.9944131538137659,0.9846777739699202,222,49062
3,resnet18,pretrained,gs40,blind,test,raw,1337,1,1,slice_level,0.5652173913043478,0.7101449275362319,0.9961356918017069,0.0017408383065375729,0.016668728066851265,0.8833954186589569,0.4927536231884058,0.9942445806835009,0.9860618058449168,69,4692
3,resnet18,pretrained,gs40,blind,test,raw,1337,1,1,subject_level,0.5652173913043478,0.7101449275362319,0.9961357427679974,0.0017408313958541207,0.0166687222359621,0.8833861521924459,0.4927536231884058,0.9942446446073228,0.9860618754090759,69,4692
4,resnet18,pretrained,gs40,adaptive,train,gs40,1337,1,1,slice_level,0.15315315315315314,0.3153153153153153,0.8304896459386155,0.008066100043219488,0.017470204439182003,0.8305545917539161,0.13513513513513514,0.7888219727052225,0.7223379452929304,222,44400
4,resnet18,pretrained,gs40,adaptive,train,gs40,1337,1,1,subject_level,0.15315315315315314,0.3153153153153153,0.8304896958776422,0.008066100848687661,0.017470207535200292,0.8302622972734259,0.13513513513513514,0.7888220156635251,0.7224044758863093,222,49062
4,resnet18,pretrained,gs40,adaptive,test,gs40,1337,1,1,slice_level,0.14492753623188406,0.5217391304347826,0.8196495685024537,0.010613257470338242,0.04837157507089601,0.8430229684816586,0.057971014492753624,0.7894649609275486,0.7210764354706217,69,4692
4,resnet18,pretrained,gs40,adaptive,test,gs40,1337,1,1,subject_level,0.14492753623188406,0.5217391304347826,0.8196496073750482,0.010613251423490221,0.0483715761506903,0.8430229684816586,0.057971014492753624,0.7894650118938391,0.7210764724122899,69,4692
4,resnet18,pretrained,gs40,blind,train,raw,1337,1,1,slice_level,0.3783783783783784,0.5180180180180181,0.9923874394850688,0.001993173951501245,0.0058434296856625925,0.8663888381624868,0.4099099099099099,0.9875465698607333,0.9735702256281097,222,44400
4,resnet18,pretrained,gs40,blind,train,raw,1337,1,1,subject_level,0.3783783783783784,0.5180180180180181,0.9923874918405,0.0019931769048845446,0.005843429222098879,0.8659271813087394,0.4099099099099099,0.9875466281229311,0.9736009050251915,222,49062
4,resnet18,pretrained,gs40,blind,test,raw,1337,1,1,slice_level,0.4057971014492754,0.6231884057971014,0.9915417018144027,0.0027751101963761926,0.018613182116245876,0.8808641288903715,0.37681159420289856,0.9873248243677444,0.9733829978227818,69,4692
4,resnet18,pretrained,gs40,blind,test,raw,1337,1,1,subject_level,0.4057971014492754,0.6231884057971014,0.9915417691935664,0.002775111060211624,0.0186131844378036,0.8808641288903714,0.37681159420289856,0.9873248787893765,0.9733830543912991,69,4692
0,resnet18,pretrained,gs50,adaptive,train,gs50,1337,1,1,slice_level,0.14479638009049775,0.2986425339366516,0.8332658248249761,0.010000026333925412,0.01654873032763398,0.8429304273049283,0.1493212669683258,0.7954224760715778,0.7325367258698152,221,44200
0,resnet18,pretrained,gs50,adaptive,train,gs50,1337,1,1,subject_level,0.14479638009049775,0.2986425339366516,0.8332658720232243,0.010000028761263886,0.016548731444378243,0.8425425918239333,0.1493212669683258,0.7954225130210635,0.7326632789332697,221,48620
0,resnet18,pretrained,gs50,adaptive,test,gs50,1337,1,1,slice_level,0.2,0.5,0.8205242472035544,0.010366557325635637,0.037413805909454825,0.7760248447204969,0.18571428571428572,0.7882822411400932,0.7457418615773598,70,4830
0,resnet18,pretrained,gs50,adaptive,test,gs50,1337,1,1,subject_level,0.2,0.5,0.8205243102141789,0.010366582018988473,0.03741381514285292,0.7760263235729074,0.18571428571428572,0.78828227690288,0.7457419059291389,70,4830
0,resnet18,pretrained,gs50,blind,train,raw,1337,1,1,slice_level,0.37104072398190047,0.5656108597285068,0.9927324552881233,0.002153782822967115,0.005845546893084346,0.8882960013103745,0.4117647058823529,0.9883041522082161,0.9743877179806049,221,44200
0,resnet18,pretrained,gs50,blind,train,raw,1337,1,1,subject_level,0.37104072398190047,0.5656108597285068,0.9927325157018808,0.002153787138235515,0.0058455468235512125,0.8883029999013499,0.4117647058823529,0.9883042126219737,0.9743857974711391,221,48620
0,resnet18,pretrained,gs50,blind,test,raw,1337,1,1,slice_level,0.4857142857142857,0.7285714285714285,0.9913986069815499,0.002291912691933768,0.018122645973094872,0.8861594202898552,0.4142857142857143,0.9875965978418078,0.9741750347935142,70,4830
0,resnet18,pretrained,gs50,blind,test,raw,1337,1,1,subject_level,0.4857142857142857,0.7285714285714285,0.9913986938340323,0.002291926315852574,0.01812265172068562,0.8861594202898551,0.4142857142857143,0.987596675327846,0.9741750994577665,70,4830
1,resnet18,pretrained,gs50,adaptive,train,gs50,1337,1,1,slice_level,0.11764705882352941,0.2986425339366516,0.8194210817910966,0.008651376040273122,0.014291114253898013,0.8300653139780103,0.12669683257918551,0.7814332894070656,0.7318048784325565,221,44200
1,resnet18,pretrained,gs50,adaptive,train,gs50,1337,1,1,subject_level,0.11764705882352941,0.2986425339366516,0.8194211300681619,0.008651375500864573,0.014291115202077103,0.8300732804592268,0.12669683257918551,0.7814333387629478,0.7318358484865559,221,48620
1,resnet18,pretrained,gs50,adaptive,test,gs50,1337,1,1,slice_level,0.17142857142857143,0.44285714285714284,0.8104558399745396,0.01113652331488473,0.037337259176586354,0.8174622892635314,0.15714285714285714,0.7803697696753911,0.7366844485388533,70,4830
1,resnet18,pretrained,gs50,adaptive,test,gs50,1337,1,1,subject_level,0.17142857142857143,0.44285714285714284,0.8104558825492859,0.011136519057410104,0.03733726351388863,0.8174622892635315,0.15714285714285714,0.7803698173591069,0.7366844872880426,70,4830
1,resnet18,pretrained,gs50,blind,train,raw,1337,1,1,slice_level,0.3891402714932127,0.5429864253393665,0.9923592325788817,0.002331652252922231,0.00591297609503992,0.8727005999058168,0.416289592760181,0.9876519465877999,0.973105971252217,221,44200
1,resnet18,pretrained,gs50,blind,train,raw,1337,1,1,subject_level,0.3891402714932127,0.5429864253393665,0.9923592908350052,0.002331648477062381,0.005912976175108377,0.8725060074341415,0.42081447963800905,0.9876520056530361,0.9731148090040375,221,48620
1,resnet18,pretrained,gs50,blind,test,raw,1337,1,1,slice_level,0.4714285714285714,0.6428571428571429,0.9912453523703983,0.0030067699296133857,0.018681438054357256,0.8719372966577936,0.4,0.9869069031306675,0.9716366883760653,70,4830
1,resnet18,pretrained,gs50,blind,test,raw,1337,1,1,subject_level,0.4714285714285714,0.6428571428571429,0.9912454051630838,0.0030067673751286096,0.018681436431195055,0.8719372966577935,0.4,0.9869069618838174,0.9716367455619709,70,4830
2,resnet18,pretrained,gs50,adaptive,train,gs50,1337,1,1,slice_level,0.11261261261261261,0.31981981981981983,0.8890454710066855,0.005742313088597478,0.014512205295063354,0.8251365047479913,0.14414414414414414,0.8575800281387191,0.7946464899893817,222,44400
2,resnet18,pretrained,gs50,adaptive,train,gs50,1337,1,1,subject_level,0.11261261261261261,0.31981981981981983,0.8890455177238396,0.005742312283129306,0.014512205760724642,0.8250769572311702,0.14414414414414414,0.857580075392852,0.7945882197630293,222,49062
2,resnet18,pretrained,gs50,adaptive,test,gs50,1337,1,1,slice_level,0.2318840579710145,0.5072463768115942,0.8836058058600494,0.008170723915100098,0.03438356883175995,0.7792017247982999,0.14492753623188406,0.8599832368933636,0.8146319108215643,69,4692
2,resnet18,pretrained,gs50,adaptive,test,gs50,1337,1,1,subject_level,0.2318840579710145,0.5072463768115942,0.8836058646008589,0.00817073082578355,0.03438357485161311,0.7792001803872147,0.14492753623188406,0.8599832783574644,0.8146319604412877,69,4692
2,resnet18,pretrained,gs50,blind,train,raw,1337,1,1,slice_level,0.3918918918918919,0.5405405405405406,0.9959329554626534,0.0014689516376804662,0.00543288760902444,0.8789783195357519,0.44144144144144143,0.992819748751752,0.9824439456414532,222,44400
2,resnet18,pretrained,gs50,blind,train,raw,1337,1,1,subject_level,0.3918918918918919,0.5405405405405406,0.9959330180206815,0.0014689468048714302,0.005432887841855084,0.8789966437025261,0.44594594594594594,0.9928198070139498,0.9824442354282122,222,49062
2,resnet18,pretrained,gs50,blind,test,raw,1337,1,1,slice_level,0.4927536231884058,0.6811594202898551,0.9954791034477345,0.0015144607295160708,0.01704747213617615,0.8718648454971151,0.391304347826087,0.9931440595267476,0.9835943916188482,69,4692
2,resnet18,pretrained,gs50,blind,test,raw,1337,1,1,subject_level,0.4927536231884058,0.6811594202898551,0.9954791751460753,0.0015144762785538383,0.017047474700687588,0.8718679343192854,0.391304347826087,0.9931441381357718,0.9835944514775622,69,4692
3,resnet18,pretrained,gs50,adaptive,train,gs50,1337,1,1,slice_level,0.06756756756756757,0.21171171171171171,0.8286109115626361,0.008894420153385884,0.014086361978672914,0.81398095730866,0.1036036036036036,0.7877740902943654,0.7411460308623207,222,44400
3,resnet18,pretrained,gs50,adaptive,train,gs50,1337,1,1,subject_level,0.06756756756756757,0.21171171171171171,0.8286109703618127,0.008894433577855429,0.014086364114002601,0.8137672189738963,0.1036036036036036,0.7877741375484982,0.7412067425415745,222,49062
3,resnet18,pretrained,gs50,adaptive,test,gs50,1337,1,1,slice_level,0.13043478260869565,0.37681159420289856,0.8226933444755665,0.011898448501808056,0.039657161638572594,0.7517050298380221,0.08695652173913043,0.782148559888204,0.7440703811293876,69,4692
3,resnet18,pretrained,gs50,adaptive,test,gs50,1337,1,1,subject_level,0.13043478260869565,0.37681159420289856,0.8226933902588444,0.011898447637972624,0.03965716012686059,0.7517050298380221,0.08695652173913043,0.7821486177651779,0.7440704272937694,69,4692
3,resnet18,pretrained,gs50,blind,train,raw,1337,1,1,slice_level,0.3738738738738739,0.527027027027027,0.9920885103779871,0.002132558876329714,0.005937502513899728,0.8600179571463354,0.3738738738738739,0.9865771848876197,0.9721172121234305,222,44400
3,resnet18,pretrained,gs50,blind,train,raw,1337,1,1,subject_level,0.3738738738738739,0.527027027027027,0.9920885686401848,0.002132557265393369,0.0059375027026813305,0.8598565852142959,0.3738738738738739,0.9865772410019024,0.9721350977955453,222,49062
3,resnet18,pretrained,gs50,blind,test,raw,1337,1,1,slice_level,0.4057971014492754,0.6376811594202898,0.9913306409034176,0.0029046198596125064,0.018818782804452854,0.852236925015753,0.391304347826087,0.9867843069891998,0.9722348083595079,69,4692
3,resnet18,pretrained,gs50,blind,test,raw,1337,1,1,subject_level,0.4057971014492754,0.6376811594202898,0.991330705691075,0.002904611221258191,0.018818781346730564,0.852236925015753,0.391304347826087,0.9867843683215155,0.97223487492565,69,4692
4,resnet18,pretrained,gs50,adaptive,train,gs50,1337,1,1,slice_level,0.12162162162162163,0.28378378378378377,0.8551391226214331,0.007084976445447217,0.013942218062610508,0.835970091713335,0.11711711711711711,0.821697644553743,0.7671028468120206,222,44400
4,resnet18,pretrained,gs50,adaptive,train,gs50,1337,1,1,subject_level,0.12162162162162163,0.28378378378378377,0.8551391739029068,0.007084979935809299,0.013942218452759154,0.8356185003641283,0.11711711711711711,0.8216976971776636,0.7671122561703931,222,49062
4,resnet18,pretrained,gs50,adaptive,test,gs50,1337,1,1,slice_level,0.17391304347826086,0.37681159420289856,0.8408968120381453,0.008553714855857517,0.03782570621241694,0.7933763297379443,0.057971014492753624,0.810303504916205,0.7654640791844021,69,4692
4,resnet18,pretrained,gs50,adaptive,test,gs50,1337,1,1,subject_level,0.17391304347826086,0.37681159420289856,0.8408968172211578,0.00855366043422533,0.037825685885289444,0.7933763297379444,0.057971014492753624,0.8103035602016725,0.7654641195433016,69,4692
4,resnet18,pretrained,gs50,blind,train,raw,1337,1,1,slice_level,0.33783783783783783,0.44144144144144143,0.9949073949912647,0.0012511863364829674,0.0057408188108925345,0.8262796749452155,0.31981981981981983,0.9898480241363113,0.9768935626651253,222,44400
4,resnet18,pretrained,gs50,blind,train,raw,1337,1,1,subject_level,0.33783783783783783,0.44144144144144143,0.9949074661409533,0.001251191437781394,0.0057408193143101425,0.8259802085318779,0.31981981981981983,0.9898480909901697,0.9769250827285917,222,49062
4,resnet18,pretrained,gs50,blind,test,raw,1337,1,1,slice_level,0.37681159420289856,0.6086956521739131,0.9941450858461685,0.0017495561337125473,0.01771344058215618,0.8453612068645984,0.2753623188405797,0.9903556609499282,0.9793071537219045,69,4692
4,resnet18,pretrained,gs50,blind,test,raw,1337,1,1,subject_level,0.37681159420289856,0.6086956521739131,0.9941451368124589,0.0017495535422062528,0.01771344058215618,0.845358118042428,0.2753623188405797,0.990355708460877,0.9793072034559591,69,4692
0,resnet18,scratch,raw,adaptive,train,raw,1337,1,1,slice_level,0.38009049773755654,0.5475113122171946,0.9929863276524781,0.0013470857391530032,0.010732570585133128,0.9065475215495178,0.19004524886877827,0.989352676124055,0.8378624164876085,221,44200
0,resnet18,scratch,raw,adaptive,train,raw,1337,1,1,subject_level,0.38009049773755654,0.5475113122171946,0.9929863875268271,0.0013470870876743782,0.010732571390031824,0.9061120407407338,0.19004524886877827,0.9893527314134313,0.8384257350216575,221,48620
0,resnet18,scratch,raw,adaptive,test,raw,1337,1,1,slice_level,0.37142857142857144,0.4714285714285714,0.9908332058361599,0.00202349168913705,0.031667639927140306,0.8242650103519669,0.32857142857142857,0.9738296006407057,0.8986667366008088,70,4830
0,resnet18,scratch,raw,adaptive,test,raw,1337,1,1,subject_level,0.37142857142857144,0.4714285714285714,0.9908332739557538,0.00202349168913705,0.031667645914214,0.824265010351967,0.32857142857142857,0.9738296730177743,0.8986667955452364,70,4830
1,resnet18,scratch,raw,adaptive,train,raw,1337,1,1,slice_level,0.38461538461538464,0.5113122171945701,0.9928697112998272,0.0013561753126291127,0.010469319730811664,0.8783715525890133,0.19004524886877827,0.9889005570929514,0.7986281232583037,221,44200
1,resnet18,scratch,raw,adaptive,train,raw,1337,1,1,subject_level,0.38461538461538464,0.5113122171945701,0.992869766049795,0.0013561772005590378,0.010469320013158328,0.878416885217524,0.19004524886877827,0.9889006104943979,0.7985110059294717,221,48620
1,resnet18,scratch,raw,adaptive,test,raw,1337,1,1,slice_level,0.4142857142857143,0.5142857142857142,0.9891789180891855,0.002477900471006121,0.037886030892176285,0.7981928423543331,0.37142857142857144,0.9626123360225133,0.8909288564392251,70,4830
1,resnet18,scratch,raw,adaptive,test,raw,1337,1,1,subject_level,0.4142857142857143,0.5142857142857142,0.9891789862087794,0.002477900471006121,0.03788605204650334,0.7981928423543331,0.37142857142857144,0.9626124024391174,0.8909289074918991,70,4830
2,resnet18,scratch,raw,adaptive,train,raw,1337,1,1,slice_level,0.5045045045045045,0.6711711711711712,0.9834109810558526,0.002965794490264343,0.00776451929505948,0.9334005965424883,0.545045045045045,0.9795617012827246,0.9402950106883371,222,44400
2,resnet18,scratch,raw,adaptive,train,raw,1337,1,1,subject_level,0.5045045045045045,0.6711711711711712,0.9834110299209217,0.00296580281343546,0.0077645196852081265,0.9331296565000857,0.545045045045045,0.9795617490738362,0.9403502080531978,222,49062
2,resnet18,scratch,raw,adaptive,test,raw,1337,1,1,slice_level,0.5942028985507246,0.7536231884057971,0.9821441277213718,0.003403519374736841,0.021358954598722252,0.9196041365506505,0.5507246376811594,0.9789757745853369,0.9517555633545531,69,4692
2,resnet18,scratch,raw,adaptive,test,raw,1337,1,1,subject_level,0.5942028985507246,0.7536231884057971,0.9821441847345104,0.003403510736382526,0.021358956110434257,0.9196041365506505,0.5507246376811594,0.9789758238239564,0.9517556150703479,69,4692
3,resnet18,scratch,raw,adaptive,train,raw,1337,1,1,slice_level,0.4369369369369369,0.5675675675675675,0.9908798551774239,0.001475282349028029,0.010586190043722053,0.9067136900413928,0.2972972972972973,0.9877023549230249,0.8314320385597043,222,44400
3,resnet18,scratch,raw,adaptive,train,raw,1337,1,1,subject_level,0.4369369369369369,0.5675675675675675,0.9908799231052399,0.0014752917461567097,0.010586191067337856,0.9070544954885178,0.2972972972972973,0.987702417481053,0.8313961162987634,222,49062
3,resnet18,scratch,raw,adaptive,test,raw,1337,1,1,slice_level,0.43478260869565216,0.5652173913043478,0.9876794210378674,0.0027413091797759566,0.026738439079212105,0.7965763495064063,0.34782608695652173,0.9688014172125554,0.9255486175811708,69,4692
3,resnet18,scratch,raw,adaptive,test,raw,1337,1,1,subject_level,0.43478260869565216,0.5652173913043478,0.9876794676849807,0.002741297949915347,0.026738431061739506,0.7965763495064061,0.34782608695652173,0.9688014638596687,0.9255486787546932,69,4692
4,resnet18,scratch,raw,adaptive,train,raw,1337,1,1,slice_level,0.38288288288288286,0.5405405405405406,0.9851263911874445,0.002077751331501179,0.009558981855039124,0.8885786462137812,0.18018018018018017,0.9799032713378872,0.9041383425582636,222,44400
4,resnet18,scratch,raw,adaptive,train,raw,1337,1,1,subject_level,0.38288288288288286,0.5405405405405406,0.985126447838706,0.0020777502575436155,0.009558982723434497,0.8888519343606784,0.18468468468468469,0.9799033293315956,0.9040111074080834,222,49062
4,resnet18,scratch,raw,adaptive,test,raw,1337,1,1,slice_level,0.37681159420289856,0.5507246376811594,0.9830138769702635,0.0028060605560523877,0.025250972667034122,0.8604779025661934,0.3188405797101449,0.9734609109767969,0.9332212468979202,69,4692
4,resnet18,scratch,raw,adaptive,test,raw,1337,1,1,subject_level,0.37681159420289856,0.5507246376811594,0.9830139486686044,0.0028060830157736073,0.025250981737306152,0.8604779025661934,0.3188405797101449,0.973460973172948,0.933221294383462,69,4692
0,resnet18,scratch,gs0,adaptive,train,gs0,1337,1,1,slice_level,0.37104072398190047,0.4796380090497738,0.9918370093155771,0.0017584033681256738,0.010975969472807321,0.8689330173419874,0.11312217194570136,0.9858376871946171,0.7971442793302946,221,44200
0,resnet18,scratch,gs0,adaptive,train,gs0,1337,1,1,subject_level,0.37104072398190047,0.4796380090497738,0.9918370637958406,0.0017583987831529988,0.010975969156747626,0.8689724635226365,0.11312217194570136,0.9858377462598533,0.7974915644573067,221,48620
0,resnet18,scratch,gs0,adaptive,test,gs0,1337,1,1,slice_level,0.35714285714285715,0.5,0.9891867518424988,0.0022473956857408796,0.03917419348976442,0.8066489204377402,0.2714285714285714,0.9592487599168505,0.8710036201383263,70,4830
0,resnet18,scratch,gs0,adaptive,test,gs0,1337,1,1,subject_level,0.35714285714285715,0.5,0.9891867901597704,0.0022473786558423726,0.03917418265981334,0.8066489204377403,0.2714285714285714,0.959248811006546,0.8710036549138727,70,4830
0,resnet18,scratch,gs0,blind,train,raw,1337,1,1,slice_level,0.3212669683257919,0.4660633484162896,0.9996966320465054,6.38743331529436e-05,0.004597717386194214,0.8370158780532749,0.35294117647058826,0.9994046914631425,0.9985698168040401,221,44200
0,resnet18,scratch,gs0,blind,train,raw,1337,1,1,subject_level,0.3212669683257919,0.4660633484162896,0.9996966711536253,6.386462379904354e-05,0.004597716520190643,0.8368255247547236,0.34841628959276016,0.9994047378522778,0.9985710894274447,221,48620
0,resnet18,scratch,gs0,blind,test,raw,1337,1,1,slice_level,0.34285714285714286,0.5428571428571428,0.9996716669627599,9.158509118216379e-05,0.014549883335296597,0.8334043182490387,0.3,0.9993526986667088,0.998369580519619,70,4830
0,resnet18,scratch,gs0,blind,test,raw,1337,1,1,subject_level,0.34285714285714286,0.5428571428571428,0.9996717299733843,9.156465530395508e-05,0.014549883109118257,0.8334131913635019,0.3,0.9993527574198586,0.9983696432957738,70,4830
1,resnet18,scratch,gs0,adaptive,train,gs0,1337,1,1,slice_level,0.4434389140271493,0.5520361990950227,0.9899323946750003,0.001593331136315117,0.010543575295462059,0.8876481337400954,0.16289592760180996,0.9859720341760109,0.8430255702758267,221,44200
1,resnet18,scratch,gs0,adaptive,train,gs0,1337,1,1,subject_level,0.4434389140271493,0.5520361990950227,0.9899324478067424,0.001593323045186867,0.010543574627522565,0.8876637270102801,0.16289592760180996,0.9859720897350915,0.8429861057790303,221,48620
1,resnet18,scratch,gs0,adaptive,test,gs0,1337,1,1,slice_level,0.34285714285714286,0.44285714285714284,0.9882575264998845,0.0025692164897918703,0.03395761629300458,0.8185714285714285,0.2857142857142857,0.9680760962622507,0.8842192914360059,70,4830
1,resnet18,scratch,gs0,adaptive,test,gs0,1337,1,1,subject_level,0.34285714285714286,0.44285714285714284,0.9882576048374176,0.0025691773210253033,0.03395761679857969,0.8185714285714285,0.2857142857142857,0.9680761924811772,0.8842193678175687,70,4830
1,resnet18,scratch,gs0,blind,train,raw,1337,1,1,slice_level,0.29411764705882354,0.3936651583710407,0.9988119648053095,0.00025084924913639395,0.004882266576406103,0.7862063635060706,0.31221719457013575,0.9969767733936397,0.9933747301557485,221,44200
1,resnet18,scratch,gs0,blind,train,raw,1337,1,1,subject_level,0.29411764705882354,0.3936651583710407,0.9988120173976432,0.000250855182630444,0.004882266513194164,0.7864946272784974,0.31221719457013575,0.9969768313800588,0.9933671577287672,221,48620
1,resnet18,scratch,gs0,blind,test,raw,1337,1,1,slice_level,0.34285714285714286,0.45714285714285713,0.9987015562398093,0.0003305094582693917,0.015406649027551924,0.759673173617273,0.34285714285714286,0.9968084956918444,0.9932346670400529,70,4830
1,resnet18,scratch,gs0,blind,test,raw,1337,1,1,subject_level,0.34285714285714286,0.45714285714285713,0.9987016328743525,0.000330535854612078,0.015406654562268939,0.7596628216503993,0.34285714285714286,0.9968085757323674,0.993234718216132,70,4830
2,resnet18,scratch,gs0,adaptive,train,gs0,1337,1,1,slice_level,0.3963963963963964,0.509009009009009,0.9938851213669991,0.001235370431934391,0.010457615623972169,0.8725784230176122,0.16216216216216217,0.9892524931881879,0.8029710405836771,222,44400
2,resnet18,scratch,gs0,adaptive,train,gs0,1337,1,1,subject_level,0.3963963963963964,0.509009009009009,0.9938851747963879,0.0012353806345312445,0.010457615772899878,0.8725302898593839,0.16216216216216217,0.9892525511818964,0.8031734939394138,222,49062
2,resnet18,scratch,gs0,adaptive,test,gs0,1337,1,1,slice_level,0.3333333333333333,0.4782608695652174,0.991756040117015,0.0021984032962633214,0.03652685761883639,0.8112389883489628,0.2463768115942029,0.9720128290895103,0.8745534822459111,69,4692
2,resnet18,scratch,gs0,adaptive,test,gs0,1337,1,1,subject_level,0.3333333333333333,0.4782608695652174,0.9917561040408369,0.0021984119346176367,0.03652686623019585,0.8112389883489628,0.2463768115942029,0.9720128740089528,0.8745535279021543,69,4692
2,resnet18,scratch,gs0,blind,train,raw,1337,1,1,slice_level,0.3333333333333333,0.46846846846846846,0.9998384499335075,3.7934866037454694e-05,0.004535880296382013,0.8308843133674215,0.3333333333333333,0.9997117989235096,0.9993506116117981,222,44400
2,resnet18,scratch,gs0,blind,train,raw,1337,1,1,subject_level,0.3333333333333333,0.46846846846846846,0.9998384998725341,3.793244963293677e-05,0.004535880082429529,0.8310908591115269,0.3333333333333333,0.9997118547693029,0.999350320225723,222,49062
2,resnet18,scratch,gs0,blind,test,raw,1337,1,1,slice_level,0.3188405797101449,0.5362318840579711,0.9998186843982642,4.318918007007544e-05,0.014595193491465803,0.7934365617702657,0.2608695652173913,0.9996671460676885,0.9993197021200834,69,4692
2,resnet18,scratch,gs0,blind,test,raw,1337,1,1,subject_level,0.3188405797101449,0.5362318840579711,0.9998187465944152,4.316067350083503e-05,0.014595193005558373,0.7934334729480954,0.2608695652173913,0.999667221221371,0.999319766640968,69,4692
3,resnet18,scratch,gs0,adaptive,train,gs0,1337,1,1,slice_level,0.42342342342342343,0.5630630630630631,0.9906672172181241,0.0014715959896912446,0.010308799044405287,0.8712917985553121,0.15315315315315314,0.986268172392974,0.8397148678304107,222,44400
3,resnet18,scratch,gs0,adaptive,train,gs0,1337,1,1,subject_level,0.42342342342342343,0.5630630630630631,0.9906672674256403,0.0014715825652217005,0.010308798543085251,0.8716359443704436,0.15315315315315314,0.9862682244799159,0.8394440584451763,222,49062
3,resnet18,scratch,gs0,adaptive,test,gs0,1337,1,1,slice_level,0.34782608695652173,0.4782608695652174,0.987115482489268,0.0025371675905974016,0.026957270459852356,0.7709900910584775,0.30434782608695654,0.9661993116572283,0.9236103500488062,69,4692
3,resnet18,scratch,gs0,adaptive,test,gs0,1337,1,1,subject_level,0.34782608695652173,0.4782608695652174,0.9871155127235081,0.002537153769230497,0.026957267841351204,0.7709900910584776,0.30434782608695654,0.9661993678065314,0.9236103936026265,69,4692
3,resnet18,scratch,gs0,blind,train,raw,1337,1,1,slice_level,0.32882882882882886,0.42792792792792794,0.9985690057814658,0.00027419962324537673,0.0048216778201864915,0.791014426588751,0.36036036036036034,0.9969043857879467,0.9937015386999727,222,44400
3,resnet18,scratch,gs0,blind,train,raw,1337,1,1,subject_level,0.32882882882882886,0.42792792792792794,0.9985690559889819,0.00027421036282101194,0.00482167793135788,0.791242722482786,0.36036036036036034,0.9969044394858249,0.9937000449905238,222,49062
3,resnet18,scratch,gs0,blind,test,raw,1337,1,1,slice_level,0.391304347826087,0.5217391304347826,0.9985880964044211,0.00044459622839222783,0.015490696104108423,0.7880589223717213,0.4057971014492754,0.9973497079766315,0.9937717056335391,69,4692
3,resnet18,scratch,gs0,blind,test,raw,1337,1,1,subject_level,0.391304347826087,0.5217391304347826,0.9985881387323573,0.00044459709222765935,0.015490693350632986,0.7880573779606361,0.4057971014492754,0.9973497641259346,0.9937717575271823,69,4692
4,resnet18,scratch,gs0,adaptive,train,gs0,1337,1,1,slice_level,0.40540540540540543,0.536036036036036,0.9922564921078382,0.001309792200724284,0.01048634228556677,0.8576408164921678,0.16666666666666666,0.9860847726598516,0.8203105970062651,222,44400
4,resnet18,scratch,gs0,adaptive,train,gs0,1337,1,1,subject_level,0.40540540540540543,0.536036036036036,0.9922565568137813,0.0013097970335333197,0.010486342744935338,0.8574835536282277,0.16666666666666666,0.9860848346809009,0.8203881592862027,222,49062
4,resnet18,scratch,gs0,adaptive,test,gs0,1337,1,1,slice_level,0.30434782608695654,0.5217391304347826,0.990270866000134,0.0020517214484836745,0.0371836935426446,0.8248143617875632,0.13043478260869565,0.9683175397955853,0.8571342635083584,69,4692
4,resnet18,scratch,gs0,adaptive,test,gs0,1337,1,1,subject_level,0.30434782608695654,0.5217391304347826,0.9902709109195764,0.002051731814508853,0.037183692408860596,0.8248143617875632,0.13043478260869565,0.9683175605276356,0.8571343005897647,69,4692
4,resnet18,scratch,gs0,blind,train,raw,1337,1,1,slice_level,0.4009009009009009,0.527027027027027,0.9993466968471939,0.0001648468477231962,0.004610829382530741,0.8502440954467981,0.4369369369369369,0.9989294656762132,0.9977014386210893,222,44400
4,resnet18,scratch,gs0,blind,train,raw,1337,1,1,subject_level,0.4009009009009009,0.527027027027027,0.9993467757830748,0.00016485705032004967,0.004610830099900832,0.8502637405658073,0.4369369369369369,0.9989295408532426,0.9977013256089053,222,49062
4,resnet18,scratch,gs0,blind,test,raw,1337,1,1,slice_level,0.4492753623188406,0.5797101449275363,0.9992515038752902,0.0001880802970001663,0.014898802909622158,0.8811915440404264,0.42028985507246375,0.9989320592603822,0.9972804663964855,69,4692
4,resnet18,scratch,gs0,blind,test,raw,1337,1,1,subject_level,0.4492753623188406,0.5797101449275363,0.9992515522500743,0.00018805351810178894,0.014898800952495008,0.8811884552182562,0.42028985507246375,0.9989321093628372,0.9972805283004569,69,4692
0,resnet18,scratch,gs10,adaptive,train,gs10,1337,1,1,slice_level,0.3393665158371041,0.4796380090497738,0.9892517535934621,0.0012512762622056504,0.010127790455550494,0.8513690853995619,0.16289592760180996,0.9792789965193736,0.8934394919278934,221,44200
0,resnet18,scratch,gs10,adaptive,train,gs10,1337,1,1,subject_level,0.3393665158371041,0.4796380090497738,0.9892518175133752,0.0012512808471783253,0.010127791502761625,0.8507643075582919,0.16289592760180996,0.9792790561240183,0.8935692072687008,221,48620
0,resnet18,scratch,gs10,adaptive,test,gs10,1337,1,1,slice_level,0.37142857142857144,0.5142857142857142,0.9899739120687757,0.0019675041948046,0.029363890258329254,0.7884531203785862,0.14285714285714285,0.9733639478683471,0.9083860352419425,70,4830
0,resnet18,scratch,gs10,adaptive,test,gs10,1337,1,1,subject_level,0.37142857142857144,0.5142857142857142,0.9899739665644509,0.001967482055936541,0.029363886000854628,0.7884531203785862,0.14285714285714285,0.9733639998095376,0.9083860932053,70,4830
0,resnet18,scratch,gs10,blind,train,raw,1337,1,1,slice_level,0.27601809954751133,0.38461538461538464,0.9985413235776565,0.00025797429667339067,0.005320891527231463,0.7882465039618353,0.3167420814479638,0.9952640692572788,0.9863599571275495,221,44200
0,resnet18,scratch,gs10,blind,train,raw,1337,1,1,subject_level,0.27601809954751133,0.38461538461538464,0.9985413872278653,0.0002579783422375157,0.005320891870683,0.7885444605966299,0.3167420814479638,0.9952641280528107,0.9863390486802353,221,48620
0,resnet18,scratch,gs10,blind,test,raw,1337,1,1,slice_level,0.3,0.42857142857142855,0.9983749142714909,0.00038464835711887903,0.01636017918852823,0.7802617568766638,0.2714285714285714,0.995364304951259,0.9883580855577876,70,4830
0,resnet18,scratch,gs10,blind,test,raw,1337,1,1,subject_level,0.3,0.42857142857142855,0.9983749534402575,0.0003846423966544015,0.01636017934818353,0.7802602780242531,0.2714285714285714,0.9953643373080663,0.9883581316125566,70,4830
1,resnet18,scratch,gs10,adaptive,train,gs10,1337,1,1,slice_level,0.3167420814479638,0.43891402714932126,0.9894181557370527,0.0013808349139010744,0.010822102231525592,0.8507440981961876,0.1493212669683258,0.9805751251419206,0.8348438151733638,221,44200
1,resnet18,scratch,gs10,adaptive,train,gs10,1337,1,1,subject_level,0.3167420814479638,0.43891402714932126,0.9894182129143589,0.0013808389594651995,0.010822102507551062,0.8507038609513989,0.15384615384615385,0.9805751828586354,0.8350163391352632,221,48620
1,resnet18,scratch,gs10,adaptive,test,gs10,1337,1,1,slice_level,0.3142857142857143,0.4857142857142857,0.9882976199899401,0.0019059062004089355,0.03504520361976964,0.8060899142265601,0.15714285714285714,0.9625296992915017,0.8720081502174492,70,4830
1,resnet18,scratch,gs10,adaptive,test,gs10,1337,1,1,subject_level,0.3142857142857143,0.4857142857142857,0.9882976830005645,0.0019059368542262485,0.035045210218855316,0.8060899142265601,0.15714285714285714,0.9625297614506313,0.8720081946494417,70,4830
1,resnet18,scratch,gs10,blind,train,raw,1337,1,1,slice_level,0.3936651583710407,0.5113122171945701,0.9988254678195418,0.0002767788878393389,0.004745595058114415,0.8499895067668557,0.42081447963800905,0.9980487745272089,0.9954463290844567,221,44200
1,resnet18,scratch,gs10,blind,train,raw,1337,1,1,subject_level,0.3936651583710407,0.5113122171945701,0.9988255249968482,0.00027678347281201394,0.004745595340461079,0.8498860867639149,0.42081447963800905,0.998048821725457,0.9954500747874458,221,48620
1,resnet18,scratch,gs10,blind,test,raw,1337,1,1,slice_level,0.5,0.6714285714285714,0.9987653068133763,0.00040945751326424735,0.014936929675085205,0.8536749482401657,0.4714285714285714,0.9978951130594526,0.995589394302842,70,4830
1,resnet18,scratch,gs10,blind,test,raw,1337,1,1,subject_level,0.5,0.6714285714285714,0.9987653800419398,0.0004094728401729039,0.014936932256179196,0.8536719905353446,0.4714285714285714,0.9978951948029654,0.9955894543394045,70,4830
2,resnet18,scratch,gs10,adaptive,train,gs10,1337,1,1,slice_level,0.3153153153153153,0.43243243243243246,0.9961559587233776,0.0007025051761317898,0.010080168543903678,0.8732572944566188,0.15315315315315314,0.9926512633358036,0.7714627621786014,222,44400
2,resnet18,scratch,gs10,adaptive,train,gs10,1337,1,1,subject_level,0.3153153153153153,0.43243243243243246,0.9961560014131907,0.0007024971214500634,0.010080167683898597,0.8731328552473228,0.15315315315315314,0.9926513183761287,0.77149150166637,222,49062
2,resnet18,scratch,gs10,adaptive,test,gs10,1337,1,1,slice_level,0.2753623188405797,0.4782608695652174,0.9941724435142849,0.0013495165368785028,0.033583013205856514,0.7741144346837664,0.2898550724637681,0.9691726876341779,0.9018925019466054,69,4692
2,resnet18,scratch,gs10,adaptive,test,gs10,1337,1,1,subject_level,0.2753623188405797,0.4782608695652174,0.9941724996635879,0.0013495027155115984,0.03358300227293934,0.7741128902726812,0.2898550724637681,0.9691727481026581,0.9018925681824574,69,4692
2,resnet18,scratch,gs10,blind,train,raw,1337,1,1,slice_level,0.23873873873873874,0.3108108108108108,0.999642960391603,8.549185486527176e-05,0.00489073289717707,0.7499466358250142,0.2747747747747748,0.9976496156808492,0.9936677194661923,222,44400
2,resnet18,scratch,gs10,blind,train,raw,1337,1,1,subject_level,0.23873873873873874,0.3108108108108108,0.9996430100621404,8.548192075780921e-05,0.004890732163026392,0.7500604126200311,0.2747747747747748,0.9976496736745577,0.9936746889605738,222,49062
2,resnet18,scratch,gs10,blind,test,raw,1337,1,1,slice_level,0.2898550724637681,0.391304347826087,0.9995755838311237,0.00012034350547237673,0.015772673503860184,0.7655692081495483,0.2753623188405797,0.9980368415514628,0.9932167337221258,69,4692
2,resnet18,scratch,gs10,blind,test,raw,1337,1,1,subject_level,0.2898550724637681,0.391304347826087,0.9995756460272748,0.0001203365947889245,0.01577267400326504,0.7655800190271447,0.2753623188405797,0.9980369175689808,0.9932167956642076,69,4692
3,resnet18,scratch,gs10,adaptive,train,gs10,1337,1,1,slice_level,0.35585585585585583,0.5225225225225225,0.9893463202961931,0.0012173523774018158,0.010824603848746634,0.878965840840841,0.12612612612612611,0.9835477154534142,0.8278067289091445,222,44400
3,resnet18,scratch,gs10,adaptive,train,gs10,1337,1,1,subject_level,0.35585585585585583,0.5225225225225225,0.989346362180538,0.001217343517251917,0.010824602074199566,0.878966758736234,0.12612612612612611,0.9835477680773348,0.8276595861177692,222,49062
3,resnet18,scratch,gs10,adaptive,test,gs10,1337,1,1,slice_level,0.2753623188405797,0.34782608695652173,0.9852546246155448,0.002174516518910726,0.031923557996102005,0.7520540667432696,0.21739130434782608,0.9609072467555171,0.8977067098275576,69,4692
3,resnet18,scratch,gs10,adaptive,test,gs10,1337,1,1,subject_level,0.2753623188405797,0.34782608695652173,0.9852546824925188,0.0021745156550752945,0.031923556970297425,0.7520540667432695,0.21739130434782608,0.9609073149985161,0.8977067673678898,69,4692
3,resnet18,scratch,gs10,blind,train,raw,1337,1,1,slice_level,0.32882882882882886,0.44144144144144143,0.9978937471772099,0.0003890405904065381,0.005199821596663143,0.7867467129291454,0.32882882882882886,0.9943162565295761,0.9873042840584442,222,44400
3,resnet18,scratch,gs10,blind,train,raw,1337,1,1,subject_level,0.32882882882882886,0.44144144144144143,0.9978938113461744,0.00038904032191714724,0.005199821959543336,0.7865683648672521,0.32882882882882886,0.9943163188191148,0.9873023408553432,222,49062
3,resnet18,scratch,gs10,blind,test,raw,1337,1,1,slice_level,0.30434782608695654,0.4927536231884058,0.9977529748626377,0.0004965688871300739,0.016138882470735604,0.7765268047987942,0.2898550724637681,0.9950960053913835,0.9899440162703205,69,4692
3,resnet18,scratch,gs10,blind,test,raw,1337,1,1,subject_level,0.30434782608695654,0.4927536231884058,0.9977530120075613,0.0004965369252191074,0.016138879352829594,0.776525260387709,0.2898550724637681,0.9950960356256237,0.9899440713144223,69,4692
4,resnet18,scratch,gs10,adaptive,train,gs10,1337,1,1,slice_level,0.3153153153153153,0.4144144144144144,0.9885109692543477,0.0014056439872260566,0.010814930220042263,0.8305685415144874,0.14864864864864866,0.9767155373418653,0.8514096952827127,222,44400
4,resnet18,scratch,gs10,adaptive,train,gs10,1337,1,1,subject_level,0.3153153153153153,0.4144144144144144,0.9885110208043107,0.0014056506994608287,0.010814930538873415,0.8305571530929241,0.14864864864864866,0.9767155864754239,0.851479908923952,222,49062
4,resnet18,scratch,gs10,adaptive,test,gs10,1337,1,1,slice_level,0.2753623188405797,0.463768115942029,0.9867967755898185,0.0015220503876174705,0.034476893373589584,0.8008203911684396,0.13043478260869565,0.9629606665044591,0.8693895512732907,69,4692
4,resnet18,scratch,gs10,adaptive,test,gs10,1337,1,1,subject_level,0.2753623188405797,0.463768115942029,0.9867968343306279,0.0015220728473386903,0.03447689631602902,0.8008203911684397,0.13043478260869565,0.9629607278367748,0.869389598180825,69,4692
4,resnet18,scratch,gs10,blind,train,raw,1337,1,1,slice_level,0.4099099099099099,0.5405405405405406,0.9991623171277948,0.0002223975486583538,0.004630857633913422,0.8417280456131807,0.43243243243243246,0.9986290953180812,0.9972118898514691,222,44400
4,resnet18,scratch,gs10,blind,train,raw,1337,1,1,subject_level,0.4099099099099099,0.5405405405405406,0.9991623764639502,0.00022240130750982612,0.004630857858353773,0.8420862313946574,0.4369369369369369,0.9986291492844487,0.9972096012946926,222,49062
4,resnet18,scratch,gs10,blind,test,raw,1337,1,1,slice_level,0.43478260869565216,0.6086956521739131,0.9990090520485587,0.0002106652743574502,0.014970828900518625,0.8798092961192038,0.391304347826087,0.9986061367435731,0.9966925552205357,69,4692
4,resnet18,scratch,gs10,blind,test,raw,1337,1,1,subject_level,0.43478260869565216,0.6086956521739131,0.9990090917849886,0.00021063590395277825,0.014970824689320896,0.8798046628859484,0.391304347826087,0.9986061807991802,0.9966926145838146,69,4692
0,resnet18,scratch,gs20,adaptive,train,gs20,1337,1,1,slice_level,0.3257918552036199,0.5294117647058824,0.9815359787164231,0.0012230940533978906,0.005951826905250145,0.9004377469748777,0.4072398190045249,0.9780016541481018,0.9610652364985975,221,44200
0,resnet18,scratch,gs20,adaptive,train,gs20,1337,1,1,subject_level,0.3257918552036199,0.5294117647058824,0.9815360388604764,0.0012230962110320906,0.00595182714334845,0.9007032560199981,0.4117647058823529,0.9780017080889568,0.961034911501952,221,48620
0,resnet18,scratch,gs20,adaptive,test,gs20,1337,1,1,slice_level,0.35714285714285715,0.6142857142857143,0.9810417090143476,0.0014593047755105154,0.01803146842867136,0.8720748299319728,0.35714285714285715,0.9776544962610517,0.963893643397969,70,4830
0,resnet18,scratch,gs20,adaptive,test,gs20,1337,1,1,subject_level,0.35714285714285715,0.6142857142857143,0.9810417337077004,0.0014592979635511126,0.0180314659007958,0.8720777876367938,0.35714285714285715,0.9776545362813133,0.9638936798148027,70,4830
0,resnet18,scratch,gs20,blind,train,raw,1337,1,1,slice_level,0.4117647058823529,0.5429864253393665,0.9979108919924741,0.00039245100582347195,0.0047741276233107255,0.8539170983395099,0.43891402714932126,0.9970009200173805,0.9941127535943531,221,44200
0,resnet18,scratch,gs20,blind,train,raw,1337,1,1,subject_level,0.4117647058823529,0.5429864253393665,0.9979109413483563,0.000392459906064547,0.004774127498993912,0.8541140919235144,0.43891402714932126,0.9970009709914885,0.9941090072405186,221,48620
0,resnet18,scratch,gs20,blind,test,raw,1337,1,1,slice_level,0.4857142857142857,0.6571428571428571,0.9978375673294068,0.0005051357405526297,0.015027387174112457,0.8493049393670511,0.4,0.9970297285488674,0.9942246156696454,70,4830
0,resnet18,scratch,gs20,blind,test,raw,1337,1,1,subject_level,0.4857142857142857,0.6571428571428571,0.9978376286370414,0.0005051476614815848,0.015027389196412904,0.8493034605146406,0.4,0.9970297966684614,0.9942246697827649,70,4830
1,resnet18,scratch,gs20,adaptive,train,gs20,1337,1,1,slice_level,0.2171945701357466,0.38461538461538464,0.992924935407768,0.000669393873862012,0.010403466973521186,0.8198163940132266,0.12217194570135746,0.9849280688018281,0.7939632340942033,221,44200
1,resnet18,scratch,gs20,adaptive,train,gs20,1337,1,1,subject_level,0.2171945701357466,0.38461538461538464,0.9929250066096966,0.000669412213752712,0.010403468315721367,0.8196414711187135,0.12217194570135746,0.984928132452037,0.7944862511969799,221,48620
1,resnet18,scratch,gs20,adaptive,test,gs20,1337,1,1,slice_level,0.17142857142857143,0.3142857142857143,0.9897572423730577,0.001893814972468785,0.037008682931108136,0.7333348121857439,0.11428571428571428,0.955440275158201,0.8727334155059009,70,4830
1,resnet18,scratch,gs20,adaptive,test,gs20,1337,1,1,subject_level,0.17142857142857143,0.3142857142857143,0.9897572755813598,0.001893794536590576,0.03700867063765015,0.7333333333333334,0.11428571428571428,0.9554403330598559,0.8727334628934446,70,4830
1,resnet18,scratch,gs20,blind,train,raw,1337,1,1,slice_level,0.3574660633484163,0.46153846153846156,0.998623203907617,0.00030930387488317706,0.004835359840674907,0.8101701439364468,0.3936651583710407,0.9970988615066217,0.9938840412635069,221,44200
1,resnet18,scratch,gs20,blind,train,raw,1337,1,1,subject_level,0.3574660633484163,0.46153846153846156,0.9986232591969935,0.000309295783754927,0.004835359537257598,0.8100884875039785,0.3936651583710407,0.997098923538605,0.9938800490647861,221,48620
1,resnet18,scratch,gs20,blind,test,raw,1337,1,1,slice_level,0.42857142857142855,0.5571428571428572,0.9984555244445801,0.000502835852759225,0.01533328868182642,0.7952262644188111,0.38571428571428573,0.9968434589249747,0.9933723801781672,70,4830
1,resnet18,scratch,gs20,blind,test,raw,1337,1,1,subject_level,0.42857142857142855,0.5571428571428572,0.9984555780887604,0.0005028350012642996,0.01533328928053379,0.7952247855664005,0.38571428571428573,0.9968434938362667,0.9933724303793463,70,4830
2,resnet18,scratch,gs20,adaptive,train,gs20,1337,1,1,slice_level,0.27927927927927926,0.5,0.9798771760485194,0.0010678856759457976,0.00596648597510884,0.8868194545897249,0.36486486486486486,0.9760040675734615,0.9586262790026429,222,44400
2,resnet18,scratch,gs20,adaptive,train,gs20,1337,1,1,subject_level,0.27927927927927926,0.5,0.9798772356531642,0.0010678837965200612,0.005966486837211493,0.8866722598837067,0.36486486486486486,0.9760041188549351,0.9586151391759804,222,49062
2,resnet18,scratch,gs20,adaptive,test,gs20,1337,1,1,slice_level,0.2608695652173913,0.6521739130434783,0.9793660804845284,0.0011470810226772142,0.01815821314095587,0.8846170478273225,0.2753623188405797,0.9764068748639978,0.9623528223386303,69,4692
2,resnet18,scratch,gs20,adaptive,test,gs20,1337,1,1,subject_level,0.2608695652173913,0.6521739130434783,0.9793661297231481,0.0011470801588417828,0.018158215408523876,0.8846170478273225,0.2753623188405797,0.9764069128727567,0.962352861960729,69,4692
2,resnet18,scratch,gs20,blind,train,raw,1337,1,1,slice_level,0.4864864864864865,0.6351351351351351,0.9966527486706639,0.0007399116550479923,0.004766532687705245,0.8778439757324892,0.545045045045045,0.9958371230073877,0.9926608667274316,222,44400
2,resnet18,scratch,gs20,blind,train,raw,1337,1,1,subject_level,0.4864864864864865,0.6351351351351351,0.9966528133766072,0.0007399065537495657,0.004766532949901916,0.877717603870227,0.545045045045045,0.9958371807326067,0.9926629343922521,222,49062
2,resnet18,scratch,gs20,blind,test,raw,1337,1,1,slice_level,0.5072463768115942,0.6956521739130435,0.9963136617688165,0.0008177541304325712,0.01523665512871483,0.8881877262562239,0.4492753623188406,0.9957982396733933,0.9927437072977081,69,4692
2,resnet18,scratch,gs20,blind,test,raw,1337,1,1,subject_level,0.5072463768115942,0.6956521739130435,0.9963137127351069,0.0008177446282428244,0.015236655209699402,0.8881892706673091,0.4492753623188406,0.9957982845928358,0.9927437595851586,69,4692
3,resnet18,scratch,gs20,adaptive,train,gs20,1337,1,1,slice_level,0.36486486486486486,0.5495495495495496,0.9898562439390131,0.0014011819620390197,0.010616560273610794,0.8880472871520169,0.13063063063063063,0.9855816681105811,0.814880343641381,222,44400
3,resnet18,scratch,gs20,adaptive,train,gs20,1337,1,1,subject_level,0.36486486486486486,0.5495495495495496,0.9898562949519973,0.0014011822305284105,0.010616560628100692,0.8876392749604195,0.13063063063063063,0.985581717512629,0.8156387297291037,222,49062
3,resnet18,scratch,gs20,adaptive,test,gs20,1337,1,1,slice_level,0.2898550724637681,0.4492753623188406,0.9857830362043519,0.0025749673014101777,0.03469089847867903,0.7920604914933838,0.2318840579710145,0.958885996238045,0.8800302129953413,69,4692
3,resnet18,scratch,gs20,adaptive,test,gs20,1337,1,1,subject_level,0.2898550724637681,0.4492753623188406,0.9857831087665282,0.002574960390726725,0.034690899639457894,0.7920604914933838,0.2318840579710145,0.9588860532511836,0.8800302758330173,69,4692
3,resnet18,scratch,gs20,blind,train,raw,1337,1,1,slice_level,0.22522522522522523,0.32432432432432434,0.9995436593218967,9.35669417853828e-05,0.005003404333717651,0.7717434157130103,0.22522522522522523,0.9976861525226284,0.9918516553817569,222,44400
3,resnet18,scratch,gs20,blind,train,raw,1337,1,1,subject_level,0.22522522522522523,0.32432432432432434,0.9995437229538823,9.35736540201548e-05,0.0050034042665953035,0.7715801591000319,0.22522522522522523,0.9976862134697201,0.9918516053817066,222,49062
3,resnet18,scratch,gs20,blind,test,raw,1337,1,1,slice_level,0.2898550724637681,0.4057971014492754,0.9995473891064741,0.00019464371860891148,0.015801148016707622,0.7638811668334631,0.2898550724637681,0.9981744721315909,0.9932182851324505,69,4692
3,resnet18,scratch,gs20,blind,test,raw,1337,1,1,subject_level,0.2898550724637681,0.4057971014492754,0.9995474262513976,0.0001946402632671854,0.01580114344107932,0.7638904332999741,0.2898550724637681,0.9981745179148688,0.993218338080481,69,4692
4,resnet18,scratch,gs20,adaptive,train,gs20,1337,1,1,slice_level,0.18468468468468469,0.30180180180180183,0.9926222782951217,0.0005851973284472217,0.010395343874807696,0.8040199151854558,0.08108108108108109,0.9852731088260273,0.8281939447013376,222,44400
4,resnet18,scratch,gs20,adaptive,train,gs20,1337,1,1,subject_level,0.18468468468468469,0.30180180180180183,0.9926223370942984,0.0005851933011063584,0.01039534350982993,0.8042624225056657,0.07657657657657657,0.9852731630608842,0.8281385727327873,222,49062
4,resnet18,scratch,gs20,adaptive,test,gs20,1337,1,1,slice_level,0.2028985507246377,0.4057971014492754,0.9895819010941879,0.0013036874757296798,0.03434721188808697,0.7377064877620866,0.15942028985507245,0.9683502454688584,0.909114788401513,69,4692
4,resnet18,scratch,gs20,adaptive,test,gs20,1337,1,1,subject_level,0.2028985507246377,0.4057971014492754,0.9895819710648578,0.001303696114083995,0.03434722519655158,0.7377064877620865,0.15942028985507245,0.9683503119841866,0.9091148455543896,69,4692
4,resnet18,scratch,gs20,blind,train,raw,1337,1,1,slice_level,0.22072072072072071,0.3063063063063063,0.9981342086920867,0.00033398684080656585,0.0051316309086810626,0.7208175574222871,0.25675675675675674,0.9939120970330797,0.9886674800703118,222,44400
4,resnet18,scratch,gs20,blind,train,raw,1337,1,1,subject_level,0.22072072072072071,0.3063063063063063,0.9981342602420498,0.0003339793231036212,0.005131630635996525,0.7204729647098486,0.25675675675675674,0.9939121552952775,0.9886822068517768,222,49062
4,resnet18,scratch,gs20,blind,test,raw,1337,1,1,slice_level,0.2608695652173913,0.36231884057971014,0.9979191482930944,0.0005558331807454427,0.016968076832700466,0.7238963638385411,0.2608695652173913,0.9938151819118555,0.9857359991582764,69,4692
4,resnet18,scratch,gs20,blind,test,raw,1337,1,1,subject_level,0.2608695652173913,0.36231884057971014,0.997919191484866,0.0005558357722517372,0.01696807367430217,0.723894819427456,0.2608695652173913,0.9938152337419814,0.9857360510011056,69,4692
0,resnet18,scratch,gs30,adaptive,train,gs30,1337,1,1,slice_level,0.07692307692307693,0.2579185520361991,0.9800194121593804,0.0006405390225923979,0.00546915956026963,0.8334603611719661,0.13574660633484162,0.9759496879253992,0.9660915179854065,221,44200
0,resnet18,scratch,gs30,adaptive,train,gs30,1337,1,1,subject_level,0.07692307692307693,0.2579185520361991,0.9800194714943208,0.0006405471137206479,0.005469160076500469,0.8338591272980413,0.13122171945701358,0.9759497472603397,0.9660579626303256,221,48620
0,resnet18,scratch,gs30,adaptive,test,gs30,1337,1,1,slice_level,0.2,0.5142857142857142,0.9793523388249533,0.0008567469460623605,0.016652047793780055,0.8147264123040521,0.2,0.9761435185159956,0.9680987371791223,70,4830
0,resnet18,scratch,gs30,adaptive,test,gs30,1337,1,1,subject_level,0.2,0.5142857142857142,0.9793523873601641,0.000856740985597883,0.016652045066335372,0.8147264123040521,0.2,0.9761435602392469,0.9680987963024874,70,4830
0,resnet18,scratch,gs30,blind,train,raw,1337,1,1,slice_level,0.4298642533936652,0.579185520361991,0.9962584144389468,0.000736388415772451,0.00482551813993721,0.86853550295858,0.47058823529411764,0.9951977551792541,0.9917015577535824,221,44200
0,resnet18,scratch,gs30,blind,train,raw,1337,1,1,subject_level,0.4298642533936652,0.579185520361991,0.9962584699980274,0.000736390843110926,0.004825518441247454,0.8683788862189181,0.47058823529411764,0.9951978112777434,0.9917116685763939,221,48620
0,resnet18,scratch,gs30,blind,test,raw,1337,1,1,slice_level,0.5,0.7,0.9961106334413801,0.000933645452771868,0.015219674764999322,0.8590712806861875,0.4714285714285714,0.9950882571084159,0.9916079418752998,70,4830
0,resnet18,scratch,gs30,blind,test,raw,1337,1,1,subject_level,0.5,0.7,0.9961106998579843,0.0009336488587515695,0.015219676454684564,0.859069801833777,0.4714285714285714,0.9950883320399693,0.9916079995301446,70,4830
1,resnet18,scratch,gs30,adaptive,train,gs30,1337,1,1,slice_level,0.2850678733031674,0.47058823529411764,0.9818351611292739,0.0009320874559393835,0.007165444321610134,0.8864123891812207,0.19457013574660634,0.9778155266429505,0.9440538754654686,221,44200
1,resnet18,scratch,gs30,adaptive,train,gs30,1337,1,1,subject_level,0.2850678733031674,0.47058823529411764,0.9818352218127359,0.0009320909620949585,0.007165444764093711,0.8865665210488207,0.19457013574660634,0.9778155789655798,0.9440220702447208,221,48620
1,resnet18,scratch,gs30,adaptive,test,gs30,1337,1,1,slice_level,0.32857142857142857,0.5285714285714286,0.9804915811334337,0.0013661112104143415,0.01924985966512135,0.7813753327417923,0.21428571428571427,0.9723954720156534,0.9572600648886915,70,4830
1,resnet18,scratch,gs30,adaptive,test,gs30,1337,1,1,subject_level,0.32857142857142857,0.5285714285714286,0.9804916492530278,0.0013661376067570278,0.01924986336380243,0.7813753327417923,0.21428571428571427,0.9723955265113285,0.9572601172371187,70,4830
1,resnet18,scratch,gs30,blind,train,raw,1337,1,1,slice_level,0.43891402714932126,0.5610859728506787,0.9968025039763472,0.0007132410463704243,0.004821381348341164,0.8766309555496408,0.47058823529411764,0.9958649488056407,0.9923125395016972,221,44200
1,resnet18,scratch,gs30,blind,train,raw,1337,1,1,subject_level,0.43891402714932126,0.5610859728506787,0.9968025622324707,0.0007132334946507242,0.004821380889001071,0.8765413186760006,0.47058823529411764,0.9958650132649625,0.9923151764958937,221,48620
1,resnet18,scratch,gs30,blind,test,raw,1337,1,1,slice_level,0.5285714285714286,0.6285714285714286,0.9966109803744725,0.0008938704218183245,0.015148315206170082,0.8368012422360248,0.4857142857142857,0.9953740911824362,0.9924402581238598,70,4830
1,resnet18,scratch,gs30,blind,test,raw,1337,1,1,subject_level,0.5285714285714286,0.6285714285714286,0.9966110501970563,0.0008938823427472796,0.015148318758500473,0.8368086364980775,0.4857142857142857,0.9953741686684745,0.9924403113484629,70,4830
2,resnet18,scratch,gs30,adaptive,train,gs30,1337,1,1,slice_level,0.27927927927927926,0.45495495495495497,0.9902835450730882,0.0010843472974794404,0.01040065187440665,0.8434399602305008,0.16666666666666666,0.9840556372393359,0.8107716474776064,222,44400
2,resnet18,scratch,gs30,adaptive,train,gs30,1337,1,1,subject_level,0.27927927927927926,0.45495495495495497,0.9902835960860725,0.0010843403167552776,0.010400651895382383,0.8434636942188611,0.16666666666666666,0.9840556890577883,0.8107187454639775,222,49062
2,resnet18,scratch,gs30,adaptive,test,gs30,1337,1,1,slice_level,0.34782608695652173,0.4782608695652174,0.9869142416594685,0.0018173395723536394,0.03425186734808528,0.8012250268727529,0.18840579710144928,0.9672921731852103,0.8833047552931441,69,4692
2,resnet18,scratch,gs30,adaptive,test,gs30,1337,1,1,subject_level,0.34782608695652173,0.4782608695652174,0.9869142788043921,0.0018173171126324198,0.03425185031433036,0.8012265712838381,0.18840579710144928,0.9672922414282094,0.8833048157870312,69,4692
2,resnet18,scratch,gs30,blind,train,raw,1337,1,1,slice_level,0.32432432432432434,0.38738738738738737,0.9997462949774287,6.471372939444877e-05,0.004576698929356696,0.7328200835971106,0.35135135135135137,0.999229782336467,0.9986233933162582,222,44400
2,resnet18,scratch,gs30,blind,train,raw,1337,1,1,subject_level,0.32432432432432434,0.38738738738738737,0.9997463459904129,6.47105075217582e-05,0.00457669893774699,0.732616268586062,0.35135135135135137,0.999229831738515,0.998625584446326,222,49062
2,resnet18,scratch,gs30,blind,test,raw,1337,1,1,slice_level,0.3188405797101449,0.5507246376811594,0.9997037502302639,6.691355636154395e-05,0.014745420965271584,0.7953253765274226,0.3188405797101449,0.9993582747984624,0.9984742668278687,69,4692
2,resnet18,scratch,gs30,blind,test,raw,1337,1,1,subject_level,0.3188405797101449,0.5507246376811594,0.9997038020603899,6.690319033636563e-05,0.01474542012843101,0.7953315541717634,0.3188405797101449,0.9993583283562592,0.9984743211986871,69,4692
3,resnet18,scratch,gs30,adaptive,train,gs30,1337,1,1,slice_level,0.23423423423423423,0.33783783783783783,0.9904580489472226,0.0008755452461070843,0.010705666035531206,0.793774196493791,0.09009009009009009,0.9781197465217866,0.8197340267795968,222,44400
3,resnet18,scratch,gs30,adaptive,train,gs30,1337,1,1,subject_level,0.23423423423423423,0.33783783783783783,0.9904580986177599,0.0008755452461070843,0.010705666713047403,0.7930864550498891,0.08558558558558559,0.9781197916280042,0.8202677013940289,222,49062
3,resnet18,scratch,gs30,adaptive,test,gs30,1337,1,1,slice_level,0.18840579710144928,0.34782608695652173,0.9877698533776877,0.001075600368389185,0.033498938991755677,0.7617900342241497,0.17391304347826086,0.9533611320067144,0.8841280924364328,69,4692
3,resnet18,scratch,gs30,adaptive,test,gs30,1337,1,1,subject_level,0.18840579710144928,0.34782608695652173,0.9877699276675349,0.0010756012322246165,0.03349894884487857,0.7617900342241497,0.17391304347826086,0.9533611717431442,0.8841281415226108,69,4692
3,resnet18,scratch,gs30,blind,train,raw,1337,1,1,slice_level,0.36936936936936937,0.5,0.9984611015062075,0.0003320504953195383,0.004766849786261315,0.8095632964045125,0.38288288288288286,0.9971792244159423,0.9944425694053775,222,44400
3,resnet18,scratch,gs30,blind,train,raw,1337,1,1,subject_level,0.36936936936936937,0.5,0.998461160305384,0.0003320561335967468,0.004766850260312896,0.8095267212914272,0.38738738738738737,0.997179279187778,0.994443299350637,222,49062
3,resnet18,scratch,gs30,blind,test,raw,1337,1,1,slice_level,0.4927536231884058,0.5507246376811594,0.9984511681224989,0.0005545918492303379,0.015195626792484436,0.7840866970606769,0.4492753623188406,0.9973710239797399,0.995087003565607,69,4692
3,resnet18,scratch,gs30,blind,test,raw,1337,1,1,subject_level,0.4927536231884058,0.5507246376811594,0.9984511974929036,0.0005545737086862757,0.015195623512609282,0.7840758861830807,0.4492753623188406,0.9973710671715115,0.9950870524358262,69,4692
4,resnet18,scratch,gs30,adaptive,train,gs30,1337,1,1,slice_level,0.16216216216216217,0.2747747747747748,0.9913896641752742,0.0006094378931028349,0.010366154006086625,0.8021109284960636,0.06756756756756757,0.9833059224996481,0.8056401148720368,222,44400
4,resnet18,scratch,gs30,adaptive,train,gs30,1337,1,1,subject_level,0.16216216216216217,0.2747747747747748,0.9913897138458114,0.0006094298384211085,0.01036615258183431,0.8019846004742667,0.06756756756756757,0.9833059743181005,0.805643864998023,222,49062
4,resnet18,scratch,gs30,adaptive,test,gs30,1337,1,1,slice_level,0.18840579710144928,0.4492753623188406,0.9874078139014866,0.0014293504797894022,0.03343994931682297,0.7564649048025007,0.14492753623188406,0.9634261692779652,0.9015882511552541,69,4692
4,resnet18,scratch,gs30,adaptive,test,gs30,1337,1,1,subject_level,0.18840579710144928,0.4492753623188406,0.9874079063318778,0.0014293660288271697,0.03343995269118012,0.7564633603914155,0.14492753623188406,0.9634262323379517,0.9015883185344178,69,4692
4,resnet18,scratch,gs30,blind,train,raw,1337,1,1,slice_level,0.33783783783783783,0.4774774774774775,0.9990712259266827,0.00018390341921969576,0.004613573734254182,0.8112875375375375,0.36936936936936937,0.9984915318252804,0.9973819304318041,222,44400
4,resnet18,scratch,gs30,blind,train,raw,1337,1,1,subject_level,0.33783783783783783,0.4774774774774775,0.9990712876792427,0.00018391362181654922,0.00461357403840232,0.8109676265479128,0.36936936936936937,0.9984915895504994,0.9973843402246068,222,49062
4,resnet18,scratch,gs30,blind,test,raw,1337,1,1,slice_level,0.37681159420289856,0.5797101449275363,0.9989335856575897,0.0001967817113019418,0.01490443880143373,0.8423604161261228,0.3188405797101449,0.9984565299490223,0.9969394848144472,69,4692
4,resnet18,scratch,gs30,blind,test,raw,1337,1,1,subject_level,0.37681159420289856,0.5797101449275363,0.9989336297131967,0.00019678084746651027,0.014904436223424864,0.842361960537208,0.3188405797101449,0.9984565869621609,0.9969395375338154,69,4692
0,resnet18,scratch,gs40,adaptive,train,gs40,1337,1,1,slice_level,0.08597285067873303,0.25339366515837103,0.979419162909909,0.0007690544581521151,0.00593596922730968,0.8364771401076965,0.14027149321266968,0.9748043428718774,0.9588599752867384,221,44200
0,resnet18,scratch,gs40,adaptive,train,gs40,1337,1,1,subject_level,0.08597285067873303,0.25339366515837103,0.9794192219751453,0.0007690582340119651,0.005935969764611165,0.8364490712907002,0.13122171945701358,0.9748043987006624,0.9588770536165677,221,48620
0,resnet18,scratch,gs40,adaptive,test,gs40,1337,1,1,slice_level,0.15714285714285714,0.35714285714285715,0.9789277979305813,0.0010402636868613107,0.016891183291694947,0.7625317953268264,0.07142857142857142,0.9739556968212127,0.9666395466643585,70,4830
0,resnet18,scratch,gs40,adaptive,test,gs40,1337,1,1,subject_level,0.15714285714285714,0.35714285714285715,0.9789278515747615,0.0010402585778917586,0.016891181615314315,0.7625258799171843,0.07142857142857142,0.9739557462079185,0.9666396079349715,70,4830
0,resnet18,scratch,gs40,blind,train,raw,1337,1,1,slice_level,0.43891402714932126,0.579185520361991,0.9959973385431108,0.0007721900400532856,0.004923896499534403,0.8651432198357937,0.4479638009049774,0.9945859232099887,0.9899915869689095,221,44200
0,resnet18,scratch,gs40,blind,train,raw,1337,1,1,subject_level,0.43891402714932126,0.579185520361991,0.995997402463024,0.0007721919279832107,0.004923896832450618,0.8650123033740281,0.4479638009049774,0.9945859822752249,0.9899927371166607,221,48620
0,resnet18,scratch,gs40,blind,test,raw,1337,1,1,slice_level,0.4714285714285714,0.6285714285714286,0.9956461029393332,0.0008313289710453578,0.015502592269331216,0.8271472937000889,0.4,0.9941070130893163,0.9897919811447214,70,4830
0,resnet18,scratch,gs40,blind,test,raw,1337,1,1,subject_level,0.4714285714285714,0.6285714285714286,0.9956461642469678,0.0008313647338322231,0.015502593639705861,0.8271502514049098,0.4,0.9941070709909712,0.9897920373187056,70,4830
1,resnet18,scratch,gs40,adaptive,train,gs40,1337,1,1,slice_level,0.13122171945701358,0.2398190045248869,0.9879743111619043,0.0005984950928666473,0.010561779095070663,0.7850807211154563,0.1085972850678733,0.9724822149557226,0.8657744005666329,221,44200
1,resnet18,scratch,gs40,adaptive,train,gs40,1337,1,1,subject_level,0.13122171945701358,0.2398190045248869,0.9879743718453662,0.0005984975202051223,0.010561779476449366,0.7851794133468343,0.1085972850678733,0.9724822691662819,0.8659961978694579,221,48620
1,resnet18,scratch,gs40,adaptive,test,gs40,1337,1,1,slice_level,0.08571428571428572,0.22857142857142856,0.9868072756699153,0.0010416950498308454,0.02879941090941429,0.6823336291038155,0.08571428571428572,0.9536060878208705,0.9095630932730424,70,4830
1,resnet18,scratch,gs40,adaptive,test,gs40,1337,1,1,subject_level,0.08571428571428572,0.22857142857142856,0.9868073310170855,0.0010416805744171143,0.028799410244183882,0.6823336291038155,0.08571428571428572,0.9536061414650508,0.9095631418884664,70,4830
1,resnet18,scratch,gs40,blind,train,raw,1337,1,1,slice_level,0.3031674208144796,0.3891402714932127,0.9995775158049295,7.726676863243137e-05,0.004692469363214608,0.7633683278393153,0.2986425339366516,0.9988105100204502,0.9969686170805633,221,44200
1,resnet18,scratch,gs40,blind,train,raw,1337,1,1,subject_level,0.3031674208144796,0.3891402714932127,0.9995775705548973,7.726380188540635e-05,0.004692469253647247,0.7634134696817689,0.2986425339366516,0.9988105658492351,0.9969706454464851,221,48620
1,resnet18,scratch,gs40,blind,test,raw,1337,1,1,slice_level,0.32857142857142857,0.4714285714285714,0.9995278196675437,0.0001254396779196603,0.01472324464204056,0.7367568766637089,0.3,0.9984092695372445,0.9973492390250567,70,4830
1,resnet18,scratch,gs40,blind,test,raw,1337,1,1,subject_level,0.32857142857142857,0.4714285714285714,0.999527872460229,0.00012544734137398856,0.014723244681954384,0.7367627920733512,0.3,0.998409331696374,0.9973492887449561,70,4830
2,resnet18,scratch,gs40,adaptive,train,gs40,1337,1,1,slice_level,0.14864864864864866,0.27927927927927926,0.9891251473276464,0.0006304479934073783,0.009021781573726519,0.7847166930443956,0.11261261261261261,0.9730232712384816,0.9140583890052261,222,44400
2,resnet18,scratch,gs40,adaptive,train,gs40,1337,1,1,subject_level,0.14864864864864866,0.27927927927927926,0.9891251988776095,0.0006304479934073783,0.009021781745727535,0.7851349882351472,0.11261261261261261,0.9730233201035509,0.9139019932170692,222,49062
2,resnet18,scratch,gs40,adaptive,test,gs40,1337,1,1,slice_level,0.15942028985507245,0.30434782608695654,0.9891399050104446,0.001064759233723516,0.02556643146427645,0.7413343094011391,0.028985507246376812,0.9745204595551975,0.9352855581253487,69,4692
2,resnet18,scratch,gs40,adaptive,test,gs40,1337,1,1,subject_level,0.15942028985507245,0.30434782608695654,0.9891399749811145,0.001064772191254989,0.025566439616723335,0.7413343094011391,0.028985507246376812,0.9745205252066903,0.935285608647018,69,4692
2,resnet18,scratch,gs40,blind,train,raw,1337,1,1,slice_level,0.3153153153153153,0.4099099099099099,0.9996382100088103,7.501727825886494e-05,0.004595948624433027,0.7626410701241781,0.35585585585585583,0.9990898521096857,0.9982224485586892,222,44400
2,resnet18,scratch,gs40,blind,train,raw,1337,1,1,subject_level,0.3153153153153153,0.4099099099099099,0.9996382650491353,7.500653868322974e-05,0.004595948785946176,0.7628613234734062,0.34684684684684686,0.9990899060760532,0.9982180302647322,222,49062
2,resnet18,scratch,gs40,blind,test,raw,1337,1,1,slice_level,0.391304347826087,0.5072463768115942,0.9995852587879568,8.156852445740631e-05,0.014762210713672464,0.7607985223074738,0.2318840579710145,0.9991223596144414,0.9982749858501114,69,4692
2,resnet18,scratch,gs40,blind,test,raw,1337,1,1,subject_level,0.391304347826087,0.5072463768115942,0.9995853494906771,8.157716281172158e-05,0.014762215626736483,0.7607938890742183,0.2318840579710145,0.999122445134149,0.9982750572816795,69,4692
3,resnet18,scratch,gs40,adaptive,train,gs40,1337,1,1,slice_level,0.17567567567567569,0.3738738738738739,0.9811079996126192,0.0008333658312892054,0.006093744400402045,0.8575950612774937,0.21621621621621623,0.9768813528993108,0.9581185608471299,222,44400
3,resnet18,scratch,gs40,adaptive,train,gs40,1337,1,1,subject_level,0.17567567567567569,0.3738738738738739,0.9811080562638806,0.0008333575081180881,0.006093744473817112,0.8576519377393781,0.21621621621621623,0.9768814114299981,0.9581456719738044,222,49062
3,resnet18,scratch,gs40,adaptive,test,gs40,1337,1,1,slice_level,0.2318840579710145,0.4057971014492754,0.9798847324606301,0.0010365766027699347,0.01717801567544972,0.7380030146904383,0.18840579710144928,0.974285224209661,0.9675593479057712,69,4692
3,resnet18,scratch,gs40,adaptive,test,gs40,1337,1,1,subject_level,0.2318840579710145,0.4057971014492754,0.9798847635587057,0.00103658524112425,0.01717801367783028,0.7380030146904382,0.18840579710144928,0.974285269992939,0.967559385444502,69,4692
3,resnet18,scratch,gs40,blind,train,raw,1337,1,1,slice_level,0.4369369369369369,0.545045045045045,0.9971525105270179,0.0006524157953691912,0.004951787072124782,0.8462503550848146,0.46846846846846846,0.9955106141330959,0.9903488114086895,222,44400
3,resnet18,scratch,gs40,blind,train,raw,1337,1,1,subject_level,0.4369369369369369,0.545045045045045,0.9971525601975553,0.0006524098886025919,0.004951786587585334,0.8459218818916753,0.46846846846846846,0.9955106745432089,0.9903589474635393,222,49062
3,resnet18,scratch,gs40,blind,test,raw,1337,1,1,slice_level,0.4782608695652174,0.6231884057971014,0.9971710547156956,0.000957300697547802,0.015743769084413845,0.844196720906384,0.4782608695652174,0.995865183463995,0.9912255797392268,69,4692
3,resnet18,scratch,gs40,blind,test,raw,1337,1,1,subject_level,0.4782608695652174,0.6231884057971014,0.9971711030904797,0.0009573084720666858,0.015743769246382988,0.8441905432620433,0.4782608695652174,0.9958652162897415,0.9912256285967425,69,4692
4,resnet18,scratch,gs40,adaptive,train,gs40,1337,1,1,slice_level,0.1891891891891892,0.34684684684684686,0.9819524457325807,0.0010779169765678612,0.008089603256299958,0.8315165165165166,0.21621621621621623,0.9727754335145693,0.9337735816836357,222,44400
4,resnet18,scratch,gs40,adaptive,train,gs40,1337,1,1,subject_level,0.1891891891891892,0.34684684684684686,0.9819524996989483,0.0010779164395890795,0.008089603438788841,0.8310008369626812,0.21621621621621623,0.9727754901658308,0.9338273315410541,222,49062
4,resnet18,scratch,gs40,adaptive,test,gs40,1337,1,1,slice_level,0.17391304347826086,0.5217391304347826,0.9802718793136486,0.0011813450550687485,0.021658618893960247,0.8342136476518774,0.15942028985507245,0.9727772396543751,0.9491789136447158,69,4692
4,resnet18,scratch,gs40,adaptive,test,gs40,1337,1,1,subject_level,0.17391304347826086,0.5217391304347826,0.98027193200761,0.0011813511019167693,0.0216586215124614,0.8342121032407922,0.15942028985507245,0.9727772828461467,0.9491789586149721,69,4692
4,resnet18,scratch,gs40,blind,train,raw,1337,1,1,slice_level,0.35135135135135137,0.481981981981982,0.9985473110332145,0.0002810665079065271,0.004700427971411127,0.7927618496875254,0.3738738738738739,0.9975217153897157,0.9955276449669052,222,44400
4,resnet18,scratch,gs40,blind,train,raw,1337,1,1,subject_level,0.35135135135135137,0.481981981981982,0.9985473743967108,0.0002810694612898268,0.00470042792316694,0.7926406135865596,0.3738738738738739,0.9975217782162331,0.9955298335743876,222,49062
4,resnet18,scratch,gs40,blind,test,raw,1337,1,1,slice_level,0.2898550724637681,0.5217391304347826,0.9982793702595476,0.0002669070077979046,0.01520401119268027,0.8142042576324796,0.3188405797101449,0.9974311002786609,0.9948456604970589,69,4692
4,resnet18,scratch,gs40,blind,test,raw,1337,1,1,subject_level,0.2898550724637681,0.5217391304347826,0.9982794419578884,0.0002668785012286642,0.015204009937419407,0.8142058020435647,0.3188405797101449,0.997431180615356,0.9948457360699556,69,4692
0,resnet18,scratch,gs50,adaptive,train,gs50,1337,1,1,slice_level,0.07692307692307693,0.17647058823529413,0.9918686289053696,0.0004904933644635645,0.010687745671415895,0.7390873958354662,0.1085972850678733,0.9785814536103296,0.8544859134018151,221,44200
0,resnet18,scratch,gs50,adaptive,train,gs50,1337,1,1,subject_level,0.07692307692307693,0.17647058823529413,0.991868686082676,0.0004905025344089146,0.010687747961795169,0.7387010912962471,0.1085972850678733,0.9785815064723675,0.8545711217618979,221,48620
0,resnet18,scratch,gs50,adaptive,test,gs50,1337,1,1,slice_level,0.12857142857142856,0.2571428571428571,0.9892269398484911,0.0008760035037994385,0.023920071231467385,0.6524903874593316,0.07142857142857142,0.9665293097496033,0.9471650292907936,70,4830
0,resnet18,scratch,gs50,adaptive,test,gs50,1337,1,1,subject_level,0.12857142857142856,0.2571428571428571,0.9892270198890141,0.0008759992463248117,0.02392007801681757,0.6524903874593315,0.07142857142857142,0.9665293770177024,0.9471650930665294,70,4830
0,resnet18,scratch,gs50,blind,train,raw,1337,1,1,slice_level,0.33031674208144796,0.43891402714932126,0.9973927439607646,0.000542156297157253,0.0055109833480950395,0.7881809852378125,0.37104072398190047,0.9927007502020754,0.9826957397816947,221,44200
0,resnet18,scratch,gs50,blind,train,raw,1337,1,1,subject_level,0.33031674208144796,0.43891402714932126,0.9973927952045769,0.0005421495545503781,0.005510983303846682,0.7880636797325645,0.37104072398190047,0.992700800906479,0.98270543834914,221,48620
0,resnet18,scratch,gs50,blind,test,raw,1337,1,1,slice_level,0.3142857142857143,0.4142857142857143,0.9970727171216692,0.0007486070905412946,0.017015001004827873,0.7648121857438628,0.2571428571428571,0.9921835916382926,0.9836322366574289,70,4830
0,resnet18,scratch,gs50,blind,test,raw,1337,1,1,subject_level,0.3142857142857143,0.4142857142857143,0.9970727809837886,0.0007486002785818917,0.017015000925000225,0.7648136645962733,0.2571428571428571,0.9921836376190185,0.9836322947441914,70,4830
1,resnet18,scratch,gs50,adaptive,train,gs50,1337,1,1,slice_level,0.08597285067873303,0.18552036199095023,0.9819334243757153,0.0006258061568661513,0.006603840477258911,0.8100944902848016,0.11764705882352941,0.9762453458427843,0.9524659631020344,221,44200
1,resnet18,scratch,gs50,adaptive,train,gs50,1337,1,1,subject_level,0.08597285067873303,0.18552036199095023,0.9819334766983446,0.0006257924019481262,0.0066038399652422015,0.8099178503157742,0.11312217194570136,0.976245407335359,0.9524804911744393,221,48620
1,resnet18,scratch,gs50,adaptive,test,gs50,1337,1,1,slice_level,0.14285714285714285,0.37142857142857144,0.9813900266374861,0.0011106882776532854,0.017071461783988134,0.7566711032238982,0.1,0.9763873066220965,0.9682243684927623,70,4830
1,resnet18,scratch,gs50,adaptive,test,gs50,1337,1,1,subject_level,0.14285714285714285,0.37142857142857144,0.981390083687646,0.0011106814656938826,0.01707146117197616,0.7566696243714878,0.1,0.9763873611177717,0.9682244245433412,70,4830
1,resnet18,scratch,gs50,blind,train,raw,1337,1,1,slice_level,0.3936651583710407,0.5475113122171946,0.9970121642583096,0.0005866397020503946,0.004789254786151702,0.869603714092668,0.4253393665158371,0.9960564755206733,0.993000482634991,221,44200
1,resnet18,scratch,gs50,blind,train,raw,1337,1,1,subject_level,0.3936651583710407,0.5475113122171946,0.9970122254811801,0.0005866343079648945,0.00478925479457996,0.8695886094209224,0.4253393665158371,0.9960565318888669,0.993002282949153,221,48620
1,resnet18,scratch,gs50,blind,test,raw,1337,1,1,slice_level,0.4714285714285714,0.6285714285714286,0.9969342223235539,0.0007526789392743792,0.01502588028088212,0.8329429162969536,0.42857142857142855,0.99598046370915,0.9933390944394019,70,4830
1,resnet18,scratch,gs50,blind,test,raw,1337,1,1,subject_level,0.4714285714285714,0.6285714285714286,0.9969342785222189,0.0007526721273149763,0.015025881292032344,0.8329370008873114,0.42857142857142855,0.9959804926599775,0.9933391454550544,70,4830
2,resnet18,scratch,gs50,adaptive,train,gs50,1337,1,1,slice_level,0.0990990990990991,0.22972972972972974,0.9849255812597705,0.0006706121268573108,0.007735493152427512,0.8118102731109488,0.08108108108108109,0.976470386122798,0.9369157137983554,222,44400
2,resnet18,scratch,gs50,adaptive,train,gs50,1337,1,1,subject_level,0.0990990990990991,0.22972972972972974,0.9849256271714563,0.0006706134693042652,0.00773549325101346,0.811782554230885,0.08108108108108109,0.9764704298865687,0.9368507888381157,222,49062
2,resnet18,scratch,gs50,adaptive,test,gs50,1337,1,1,slice_level,0.10144927536231885,0.37681159420289856,0.9842167971790701,0.0007540618163951929,0.0210381006633026,0.7754457170391786,0.07246376811594203,0.975838657738506,0.9529191601484734,69,4692
2,resnet18,scratch,gs50,adaptive,test,gs50,1337,1,1,subject_level,0.10144927536231885,0.37681159420289856,0.9842168706050818,0.000754081684610118,0.021038106656160908,0.7754457170391786,0.07246376811594203,0.9758387026579484,0.9529192166788804,69,4692
2,resnet18,scratch,gs50,blind,train,raw,1337,1,1,slice_level,0.35135135135135137,0.5,0.9989414958803503,0.00019052678400331789,0.004652978518877078,0.8307488231474718,0.3783783783783784,0.9983433409854099,0.9966490647545806,222,44400
2,resnet18,scratch,gs50,blind,train,raw,1337,1,1,subject_level,0.35135135135135137,0.5,0.9989415442084407,0.00019052221968367294,0.004652977885409921,0.8307118112364535,0.3783783783783784,0.9983433941463092,0.9966488981063744,222,49062
2,resnet18,scratch,gs50,blind,test,raw,1337,1,1,slice_level,0.4057971014492754,0.5362318840579711,0.9988405479901079,0.00023357419000155684,0.014935537052435287,0.8140359168241965,0.36231884057971014,0.9983957556710727,0.9966916561584034,69,4692
2,resnet18,scratch,gs50,blind,test,raw,1337,1,1,subject_level,0.4057971014492754,0.5362318840579711,0.998840584271196,0.00023355864096378934,0.014935536080620426,0.8140420944685373,0.36231884057971014,0.998395796271338,0.9966916964410821,69,4692
3,resnet18,scratch,gs50,adaptive,train,gs50,1337,1,1,slice_level,0.04504504504504504,0.17117117117117117,0.9807766697428248,0.0007071057418445209,0.006761648889362543,0.7950714227741253,0.0990990990990991,0.9747529207049189,0.9492698439391883,222,44400
3,resnet18,scratch,gs50,adaptive,train,gs50,1337,1,1,subject_level,0.04504504504504504,0.17117117117117117,0.9807767298844483,0.0007071124540792929,0.006761649776636077,0.7953827772985165,0.0990990990990991,0.9747529746712865,0.9491728443776462,222,49062
3,resnet18,scratch,gs50,adaptive,test,gs50,1337,1,1,slice_level,0.08695652173913043,0.34782608695652173,0.9803718889968983,0.0009502924006918203,0.017821877627916958,0.7290407971632257,0.11594202898550725,0.97310553599095,0.9649013117629041,69,4692
3,resnet18,scratch,gs50,adaptive,test,gs50,1337,1,1,subject_level,0.08695652173913043,0.34782608695652173,0.9803719442823658,0.000950287217679231,0.01782188148818154,0.7290407971632257,0.11594202898550725,0.973105573999709,0.9649013513850028,69,4692
3,resnet18,scratch,gs50,blind,train,raw,1337,1,1,slice_level,0.38738738738738737,0.5495495495495496,0.9984176816704037,0.00034150642317694584,0.004688971159929359,0.8430844188783378,0.4009009009009009,0.9976881208183529,0.9955801881769218,222,44400
3,resnet18,scratch,gs50,blind,train,raw,1337,1,1,subject_level,0.38738738738738737,0.5495495495495496,0.9984177490612408,0.00034150910807085466,0.004688971906665478,0.8428620010496004,0.4009009009009009,0.9976881774696144,0.9955823819352821,222,49062
3,resnet18,scratch,gs50,blind,test,raw,1337,1,1,slice_level,0.43478260869565216,0.5652173913043478,0.9984870915827544,0.0005076207976410354,0.01501117757373098,0.8156189381864907,0.42028985507246375,0.9978595445121544,0.9959894388101087,69,4692
3,resnet18,scratch,gs50,blind,test,raw,1337,1,1,subject_level,0.43478260869565216,0.5652173913043478,0.9984871598257534,0.00050762338914733,0.015011177006838978,0.8156266602419164,0.42028985507246375,0.9978595963422803,0.9959895066338935,69,4692
4,resnet18,scratch,gs50,adaptive,train,gs50,1337,1,1,slice_level,0.09009009009009009,0.1891891891891892,0.9912946900805911,0.0005815190237921637,0.011190878254621549,0.7421713436409383,0.06306306306306306,0.9762031371529037,0.7954474105524856,222,44400
4,resnet18,scratch,gs50,adaptive,train,gs50,1337,1,1,subject_level,0.09009009009009009,0.1891891891891892,0.991294747000342,0.0005815209032178999,0.01119087749529999,0.7424319880599689,0.06306306306306306,0.9762031972945273,0.7951173532243476,222,49062
4,resnet18,scratch,gs50,adaptive,test,gs50,1337,1,1,slice_level,0.17391304347826086,0.2898550724637681,0.9872816395068514,0.0016810297966003418,0.039355360484425575,0.6916799486019991,0.07246376811594203,0.9443162480990092,0.8728558994442199,69,4692
4,resnet18,scratch,gs50,adaptive,test,gs50,1337,1,1,subject_level,0.17391304347826086,0.2898550724637681,0.9872816757879396,0.001681007336879122,0.03935535146814326,0.6916799486019991,0.07246376811594203,0.9443163025206414,0.8728559470377412,69,4692
4,resnet18,scratch,gs50,blind,train,raw,1337,1,1,slice_level,0.3333333333333333,0.4864864864864865,0.998978028963278,0.0002201494869885144,0.004651754461061042,0.8232016983199416,0.3918918918918919,0.9982770096074354,0.9967072904015983,222,44400
4,resnet18,scratch,gs50,blind,train,raw,1337,1,1,subject_level,0.3333333333333333,0.4864864864864865,0.9989780874939652,0.00022014384871130592,0.004651754339401786,0.8232118323533267,0.3918918918918919,0.9982770651847392,0.9967071470085035,222,49062
4,resnet18,scratch,gs50,blind,test,raw,1337,1,1,slice_level,0.30434782608695654,0.5652173913043478,0.9988250913827316,0.00023042896519536558,0.0150313180182939,0.8581489306497646,0.30434782608695654,0.9982609722925269,0.9962231081363389,69,4692
4,resnet18,scratch,gs50,blind,test,raw,1337,1,1,subject_level,0.30434782608695654,0.5652173913043478,0.9988251293914906,0.00023041255232216656,0.015031316169146179,0.858152019471935,0.30434782608695654,0.9982610180758048,0.9962231565873438,69,4692
0,densenet121,pretrained,raw,adaptive,train,raw,1337,3,1,slice_level,0.7420814479638009,0.8778280542986425,0.9101657705609075,0.01573560976874235,0.011296270227658129,0.9305700982098374,0.4253393665158371,0.8781762991555676,0.691840559803118,663,44200
0,densenet121,pretrained,raw,adaptive,train,raw,1337,3,1,subject_level,0.7104072398190046,0.8733031674208145,0.9213293464475087,0.017209102934841656,0.02469717421699568,0.9631647498096793,0.5927601809954751,0.9159878505840561,0.7219600419879745,221,48620
0,densenet121,pretrained,raw,adaptive,test,raw,1337,3,1,slice_level,0.7285714285714285,0.8714285714285714,0.8966782101563044,0.014931596176964896,0.030579194320099694,0.9167431972789117,0.38095238095238093,0.8612265110015869,0.7162718961451735,210,14000
0,densenet121,pretrained,raw,adaptive,test,raw,1337,3,1,subject_level,0.7142857142857143,0.9,0.9107642386640821,0.020639257771628245,0.06767020608697619,0.9588967761017451,0.5285714285714286,0.9049011639186314,0.7530696569083887,70,4830
1,densenet121,pretrained,raw,adaptive,train,raw,1337,3,1,slice_level,0.7647058823529411,0.8642533936651584,0.9135945541826309,0.016512666352733768,0.010848555317763828,0.9287994035066166,0.3695324283559578,0.8812243012461367,0.6879515244336419,663,44200
1,densenet121,pretrained,raw,adaptive,train,raw,1337,3,1,subject_level,0.669683257918552,0.8733031674208145,0.9237809445523568,0.015232194602759175,0.023693767873511327,0.9638280338240411,0.5067873303167421,0.918739602037145,0.718055599279999,221,48620
1,densenet121,pretrained,raw,adaptive,test,raw,1337,3,1,slice_level,0.7857142857142857,0.9,0.8911041813237327,0.023466428688594273,0.03555694882358824,0.8988312925170069,0.44761904761904764,0.8471326595260984,0.7159980402269533,210,14000
1,densenet121,pretrained,raw,adaptive,test,raw,1337,3,1,subject_level,0.7428571428571429,0.8428571428571429,0.9036382070609501,0.02760525941848755,0.07350892935480391,0.948793256433008,0.5428571428571428,0.8945736425263541,0.7565834650094958,70,4830
2,densenet121,pretrained,raw,adaptive,train,raw,1337,3,1,slice_level,0.6576576576576577,0.8018018018018018,0.8646927918936755,0.0216369717507749,0.011497157898538553,0.9105406250845441,0.43543543543543545,0.8169671073332205,0.7134794495523245,666,44400
2,densenet121,pretrained,raw,adaptive,train,raw,1337,3,1,subject_level,0.6216216216216216,0.7612612612612613,0.8828937379089562,0.02193461264575924,0.02257994831296372,0.9563874134621353,0.6441441441441441,0.8718277481762139,0.7614376354640795,222,49062
2,densenet121,pretrained,raw,adaptive,test,raw,1337,3,1,slice_level,0.7246376811594203,0.8405797101449275,0.8603716285332389,0.020642913769984592,0.03023888529750748,0.8969495204088777,0.3961352657004831,0.8180972438503579,0.7215288921715557,207,13800
2,densenet121,pretrained,raw,adaptive,test,raw,1337,3,1,subject_level,0.7246376811594203,0.8840579710144928,0.8803091627964075,0.024848473244819088,0.05976156952480475,0.9471656967765052,0.6086956521739131,0.8731502294540405,0.7702766728269068,69,4692
3,densenet121,pretrained,raw,adaptive,train,raw,1337,3,1,slice_level,0.7432432432432432,0.8558558558558559,0.849310548724355,0.0234104357324205,0.01155099823970247,0.9105224312149988,0.45645645645645644,0.8023180170460148,0.698343462286903,666,44400
3,densenet121,pretrained,raw,adaptive,train,raw,1337,3,1,subject_level,0.6756756756756757,0.8288288288288288,0.8700913298237432,0.022364794402509124,0.022142850437310634,0.9635639828406124,0.6486486486486487,0.8615152664012737,0.7500886040210899,222,49062
3,densenet121,pretrained,raw,adaptive,test,raw,1337,3,1,slice_level,0.8260869565217391,0.9565217391304348,0.850979499194933,0.02860246361165807,0.03331672201823929,0.9221569348176153,0.5072463768115942,0.8066270624957799,0.7047145564659782,207,13800
3,densenet121,pretrained,raw,adaptive,test,raw,1337,3,1,subject_level,0.8260869565217391,0.9420289855072463,0.8717028982397439,0.03463444847991501,0.06355423839303895,0.9779334544151623,0.7391304347826086,0.8678720697112705,0.7583569479313856,69,4692
4,densenet121,pretrained,raw,adaptive,train,raw,1337,3,1,slice_level,0.7432432432432432,0.8693693693693694,0.9321947374322392,0.012869543320423848,0.008788818811267815,0.9295940366041717,0.35735735735735735,0.9054431619049909,0.7105243114979417,666,44400
4,densenet121,pretrained,raw,adaptive,train,raw,1337,3,1,subject_level,0.7162162162162162,0.8603603603603603,0.9407336080933476,0.014194599679998449,0.020663055276649224,0.9641696698532948,0.4774774774774775,0.9361230757859376,0.735629003380627,222,49062
4,densenet121,pretrained,raw,adaptive,test,raw,1337,3,1,slice_level,0.6956521739130435,0.8840579710144928,0.9153826236724854,0.01656139588010484,0.026755495253356472,0.8546107260379473,0.3188405797101449,0.8723853449314689,0.740002776429705,207,13800
4,densenet121,pretrained,raw,adaptive,test,raw,1337,3,1,subject_level,0.6521739130434783,0.8115942028985508,0.9232508738835653,0.016089543052341625,0.05941170713175898,0.8967870071784227,0.43478260869565216,0.908577655536541,0.7711299045070155,69,4692
0,densenet121,pretrained,gs0,adaptive,train,gs0,1337,3,1,slice_level,0.5882352941176471,0.8054298642533937,0.850113017526687,0.017795088334320898,0.012579573979980536,0.9209083727469408,0.3891402714932127,0.8029524526624838,0.6733576223672245,663,44200
0,densenet121,pretrained,gs0,adaptive,train,gs0,1337,3,1,subject_level,0.5656108597285068,0.7918552036199095,0.8727273320720207,0.016672383066755614,0.025239059132654472,0.9603889988106118,0.5339366515837104,0.8615746368649858,0.7229365594528772,221,48620
0,densenet121,pretrained,gs0,adaptive,test,gs0,1337,3,1,slice_level,0.7142857142857143,0.9142857142857143,0.8438492970807212,0.022930255106517246,0.032338983578873534,0.9114709183673468,0.3904761904761905,0.7986333844207582,0.6865700656069177,210,14000
0,densenet121,pretrained,gs0,adaptive,test,gs0,1337,3,1,subject_level,0.5714285714285714,0.8857142857142857,0.8667038670607976,0.021776444571358817,0.06355573210333075,0.9664063886424135,0.4,0.8586886831692286,0.7382815133464016,70,4830
0,densenet121,pretrained,gs0,blind,train,raw,1337,3,1,slice_level,0.6832579185520362,0.7963800904977375,0.9882037186514738,0.00432057051637054,0.002418558921336251,0.8684558226353543,0.33031674208144796,0.977050485114706,0.9542042601459166,663,44200
0,densenet121,pretrained,gs0,blind,train,raw,1337,3,1,subject_level,0.583710407239819,0.746606334841629,0.9874359523009391,0.00394665466714229,0.006464604499046079,0.9312740227565887,0.47058823529411764,0.9847824195930861,0.9617120294009938,221,48620
0,densenet121,pretrained,gs0,blind,test,raw,1337,3,1,slice_level,0.8,0.8857142857142857,0.9877820891993386,0.005454571757997785,0.007672751149428742,0.8524887755102041,0.4,0.9765777048610506,0.9529039580609118,210,14000
0,densenet121,pretrained,gs0,blind,test,raw,1337,3,1,subject_level,0.6857142857142857,0.9,0.9860853782721928,0.004880869388580322,0.020254713536373207,0.9255516119491275,0.5142857142857142,0.9845098069735936,0.960647613032264,70,4830
1,densenet121,pretrained,gs0,adaptive,train,gs0,1337,3,1,slice_level,0.579185520361991,0.7737556561085973,0.8297320197070885,0.01918224457701946,0.011241769904852318,0.8897942131951981,0.4057315233785822,0.7754863310004072,0.679883212792388,663,44200
1,densenet121,pretrained,gs0,adaptive,train,gs0,1337,3,1,subject_level,0.5294117647058824,0.755656108597285,0.8549626588282002,0.018644730160139265,0.021350807004620855,0.948215964232733,0.5565610859728507,0.8405919274593371,0.7370968547231717,221,48620
1,densenet121,pretrained,gs0,adaptive,test,gs0,1337,3,1,slice_level,0.7428571428571429,0.8428571428571429,0.8196418430124011,0.023799855368477958,0.031866436930639404,0.8893585034013606,0.4666666666666667,0.7694764923481714,0.6755059224580016,210,14000
1,densenet121,pretrained,gs0,adaptive,test,gs0,1337,3,1,subject_level,0.6714285714285714,0.8285714285714286,0.8473955009664808,0.02726725595338004,0.06226905142622335,0.9516237799467613,0.6857142857142857,0.8370998076030186,0.7351536743882774,70,4830
1,densenet121,pretrained,gs0,blind,train,raw,1337,3,1,slice_level,0.6289592760180995,0.7737556561085973,0.9798593666758473,0.006301576735207398,0.0030305715661276787,0.8531478505081116,0.3167420814479638,0.9610927193952362,0.9289354031023936,663,44200
1,densenet121,pretrained,gs0,blind,train,raw,1337,3,1,subject_level,0.5339366515837104,0.6923076923076923,0.9790231760810403,0.005034399248356193,0.0076267728961296214,0.9122702424006656,0.45248868778280543,0.9735357119486883,0.9408746146165211,221,48620
1,densenet121,pretrained,gs0,blind,test,raw,1337,3,1,slice_level,0.6857142857142857,0.8285714285714286,0.9767382255622319,0.007972936970846993,0.00965164541932089,0.8690149659863946,0.32857142857142857,0.9594229312170119,0.9249005709929126,210,14000
1,densenet121,pretrained,gs0,blind,test,raw,1337,3,1,subject_level,0.6,0.8142857142857143,0.9767259418964386,0.008398371934890746,0.024345761404505797,0.9161845607808341,0.5571428571428572,0.9725243202277593,0.9375940852530501,70,4830
2,densenet121,pretrained,gs0,adaptive,train,gs0,1337,3,1,slice_level,0.5990990990990991,0.7792792792792793,0.8350044121076395,0.018358773744858062,0.011062371391417072,0.8962870640911181,0.4024024024024024,0.7828521703456616,0.6836219143954751,666,44400
2,densenet121,pretrained,gs0,adaptive,train,gs0,1337,3,1,subject_level,0.5855855855855856,0.7657657657657657,0.8590005346246667,0.018148406400336877,0.021113728173077106,0.9523720859173959,0.5990990990990991,0.8464608050144471,0.7394943391400589,222,49062
2,densenet121,pretrained,gs0,adaptive,test,gs0,1337,3,1,slice_level,0.6521739130434783,0.8405797101449275,0.8297808861386948,0.020631965519725414,0.03194954288124606,0.8765387173562976,0.357487922705314,0.7821039289667986,0.6886710328792316,207,13800
2,densenet121,pretrained,gs0,adaptive,test,gs0,1337,3,1,subject_level,0.6376811594202898,0.8405797101449275,0.855521243551503,0.025654699491417927,0.05928756307432617,0.9360860916515314,0.5942028985507246,0.8468660574028457,0.7459141545740845,69,4692
2,densenet121,pretrained,gs0,blind,train,raw,1337,3,1,slice_level,0.6441441441441441,0.7432432432432432,0.9815838621543335,0.0064325619925249804,0.002985797327448119,0.8572666585504424,0.35435435435435436,0.9637398126426043,0.9312420791870839,666,44400
2,densenet121,pretrained,gs0,blind,train,raw,1337,3,1,subject_level,0.5855855855855856,0.7162162162162162,0.9804424530750996,0.005666192318942095,0.0075287861636260875,0.9262247602867635,0.481981981981982,0.9756910124340573,0.942858064794486,222,49062
2,densenet121,pretrained,gs0,blind,test,raw,1337,3,1,slice_level,0.7101449275362319,0.8260869565217391,0.9809211622113767,0.006598314513330874,0.009227209771726873,0.8499098578729959,0.34299516908212563,0.9650577370095368,0.9332362164405809,207,13800
2,densenet121,pretrained,gs0,blind,test,raw,1337,3,1,subject_level,0.6231884057971014,0.855072463768116,0.9800285705621692,0.006979864576588507,0.023545530098287956,0.9064364876385337,0.4782608695652174,0.9762884896734486,0.9441200913853455,69,4692
3,densenet121,pretrained,gs0,adaptive,train,gs0,1337,3,1,slice_level,0.5675675675675675,0.7387387387387387,0.8880577900925198,0.012802055290153434,0.010984403135775178,0.9034524051078106,0.35135135135135137,0.8477233456777739,0.6925050282995174,666,44400
3,densenet121,pretrained,gs0,adaptive,train,gs0,1337,3,1,subject_level,0.545045045045045,0.7207207207207207,0.9050427793382524,0.012776754192403844,0.02360989061511449,0.9451259226696429,0.46846846846846846,0.89417999043121,0.7311088496415266,222,49062
3,densenet121,pretrained,gs0,adaptive,test,gs0,1337,3,1,slice_level,0.7971014492753623,0.8985507246376812,0.8765674760376198,0.019062116526175236,0.02862391454856033,0.881648813274522,0.3864734299516908,0.8331009302162318,0.724223633373993,207,13800
3,densenet121,pretrained,gs0,adaptive,test,gs0,1337,3,1,subject_level,0.6666666666666666,0.8260869565217391,0.8954696655273438,0.01905694992645927,0.0608971260919951,0.9363918850463941,0.463768115942029,0.8843688135561736,0.7692380096105969,69,4692
3,densenet121,pretrained,gs0,blind,train,raw,1337,3,1,slice_level,0.6801801801801802,0.7792792792792793,0.9919206819555781,0.002752569344666627,0.0020738097530714162,0.8602527189351513,0.35585585585585583,0.983837641753234,0.9687668228605846,666,44400
3,densenet121,pretrained,gs0,blind,train,raw,1337,3,1,subject_level,0.5405405405405406,0.7297297297297297,0.9914486824392198,0.0024585055338369835,0.005735672255222862,0.923290478934358,0.4594594594594595,0.989264977407885,0.9741594899148277,222,49062
3,densenet121,pretrained,gs0,blind,test,raw,1337,3,1,slice_level,0.8405797101449275,0.9130434782608695,0.992424538170082,0.0037992657094761944,0.006637857821972474,0.8862483371840649,0.45893719806763283,0.9854113782085658,0.9695036379928175,207,13800
3,densenet121,pretrained,gs0,blind,test,raw,1337,3,1,subject_level,0.7681159420289855,0.8695652173913043,0.9917578679927881,0.0038686722948931265,0.018372059651259064,0.9455069992710381,0.6376811594202898,0.9905865460202314,0.9745879417439353,69,4692
4,densenet121,pretrained,gs0,adaptive,train,gs0,1337,3,1,slice_level,0.6351351351351351,0.7837837837837838,0.8940830893881686,0.012959246968363857,0.011241222914257968,0.9173927812948083,0.34234234234234234,0.8561044493774036,0.6794190807103574,666,44400
4,densenet121,pretrained,gs0,adaptive,train,gs0,1337,3,1,subject_level,0.5585585585585585,0.7612612612612613,0.910327162560042,0.013560070647849693,0.02489455742341978,0.9535966809416729,0.46846846846846846,0.9007256694205172,0.7150396713165807,222,49062
4,densenet121,pretrained,gs0,adaptive,test,gs0,1337,3,1,slice_level,0.6811594202898551,0.8695652173913043,0.87823500322259,0.01689251350319904,0.03225392205775648,0.8943884338024224,0.32367149758454106,0.8358734589843935,0.7032159167441769,207,13800
4,densenet121,pretrained,gs0,adaptive,test,gs0,1337,3,1,subject_level,0.6231884057971014,0.855072463768116,0.8949182819629061,0.01773129079652869,0.06868350360056628,0.9406266602419165,0.463768115942029,0.8851450016533119,0.7450525340674173,69,4692
4,densenet121,pretrained,gs0,blind,train,raw,1337,3,1,slice_level,0.7252252252252253,0.8153153153153153,0.9875614358498169,0.004268162422352009,0.002388154608533122,0.8743536610935259,0.37537537537537535,0.9766432440674698,0.9542314539406751,666,44400
4,densenet121,pretrained,gs0,blind,train,raw,1337,3,1,subject_level,0.6126126126126126,0.7747747747747747,0.9867972852410497,0.0038772896603421047,0.006394691918431236,0.9341446895103492,0.509009009009009,0.9842429614818848,0.9615808443346004,222,49062
4,densenet121,pretrained,gs0,blind,test,raw,1337,3,1,slice_level,0.8405797101449275,0.9420289855072463,0.9866966475611147,0.005236342333365178,0.0075306282041297445,0.9005321010992088,0.3140096618357488,0.9773172433825507,0.9545102220125821,207,13800
4,densenet121,pretrained,gs0,blind,test,raw,1337,3,1,subject_level,0.7246376811594203,0.8985507246376812,0.9859078232792841,0.004576965518619703,0.0201906011696311,0.961025241854776,0.4057971014492754,0.984715045362279,0.961741892412902,69,4692
0,densenet121,pretrained,gs10,adaptive,train,gs10,1337,3,1,slice_level,0.45701357466063347,0.7013574660633484,0.8188787536923162,0.012138749409584978,0.008265051630439398,0.8955373047234905,0.3137254901960784,0.7736014812780182,0.6874123222087574,663,44200
0,densenet121,pretrained,gs10,adaptive,train,gs10,1337,3,1,subject_level,0.4072398190045249,0.6968325791855203,0.8522283235286695,0.010802651962004096,0.017235693698791087,0.9499981386726131,0.4343891402714932,0.8395181557172025,0.7462436974906764,221,48620
0,densenet121,pretrained,gs10,adaptive,test,gs10,1337,3,1,slice_level,0.5857142857142857,0.8285714285714286,0.8135682872363499,0.014905116387775965,0.020866642373480966,0.8749180272108844,0.3,0.773999662910189,0.7028309581045593,210,14000
0,densenet121,pretrained,gs10,adaptive,test,gs10,1337,3,1,subject_level,0.6428571428571429,0.8285714285714286,0.8492267387253898,0.016663057463509694,0.044360231714589256,0.9367287784679088,0.5285714285714286,0.839567460332598,0.7623737684935022,70,4830
0,densenet121,pretrained,gs10,blind,train,raw,1337,3,1,slice_level,0.7828054298642534,0.8506787330316742,0.9967502161388484,0.001629494164324454,0.0019306418474350647,0.8967802495171406,0.4796380090497738,0.9923192919828953,0.9790881041191283,663,44200
0,densenet121,pretrained,gs10,blind,train,raw,1337,3,1,subject_level,0.6561085972850679,0.755656108597285,0.9961288665754223,0.0017688695122213924,0.005542608957771397,0.9490976750159609,0.5927601809954751,0.9949373411377092,0.9815694792177,221,48620
0,densenet121,pretrained,gs10,blind,test,raw,1337,3,1,slice_level,0.8428571428571429,0.9428571428571428,0.996689281293324,0.00200991119657244,0.006049953141648854,0.9044200680272109,0.5095238095238095,0.9926728208859762,0.9794041362447398,210,14000
0,densenet121,pretrained,gs10,blind,test,raw,1337,3,1,subject_level,0.7714285714285715,0.8571428571428571,0.9957466040338788,0.0021091231278010775,0.017321272433868478,0.9562999112688553,0.6,0.9951337013925825,0.9818264345821633,70,4830
1,densenet121,pretrained,gs10,adaptive,train,gs10,1337,3,1,slice_level,0.47058823529411764,0.669683257918552,0.8436320437565109,0.01136623464558459,0.0096683048356611,0.9029184326010251,0.22624434389140272,0.8014221860272852,0.6720839586119037,663,44200
1,densenet121,pretrained,gs10,adaptive,train,gs10,1337,3,1,subject_level,0.43891402714932126,0.751131221719457,0.8723423292194556,0.01066272506886478,0.020979536591915253,0.9412871265013932,0.29411764705882354,0.8603790205528293,0.722186618635729,221,48620
1,densenet121,pretrained,gs10,adaptive,test,gs10,1337,3,1,slice_level,0.5142857142857142,0.7857142857142857,0.8342475056648254,0.01527411767414638,0.026594345098627466,0.8892513605442176,0.2619047619047619,0.7904012972400302,0.6833697338423559,210,14000
1,densenet121,pretrained,gs10,adaptive,test,gs10,1337,3,1,subject_level,0.5714285714285714,0.7857142857142857,0.8650672401700701,0.015539962904793876,0.057001683222396037,0.9418396923986986,0.45714285714285713,0.8530219180243356,0.7379871810321729,70,4830
1,densenet121,pretrained,gs10,blind,train,raw,1337,3,1,slice_level,0.7963800904977375,0.8733031674208145,0.9971004514133229,0.001435858901269835,0.0018819838375636962,0.9076711847286774,0.4796380090497738,0.9935452627020903,0.9810941549097251,663,44200
1,densenet121,pretrained,gs10,blind,train,raw,1337,3,1,subject_level,0.6561085972850679,0.7918552036199095,0.996547846772552,0.0014156035708086524,0.005442086333299384,0.9520339655021582,0.6108597285067874,0.9956874766500827,0.9832441693664529,221,48620
1,densenet121,pretrained,gs10,blind,test,raw,1337,3,1,slice_level,0.8714285714285714,0.9142857142857143,0.996547258751733,0.0016848453453608921,0.0059311884921044115,0.9082836734693878,0.5238095238095238,0.9928548151538485,0.9806172485521861,210,14000
1,densenet121,pretrained,gs10,blind,test,raw,1337,3,1,subject_level,0.7714285714285715,0.9142857142857143,0.9962150965418134,0.00255365286554609,0.017125330945210796,0.9517184265010352,0.7,0.995327468429293,0.9830630171496428,70,4830
2,densenet121,pretrained,gs10,adaptive,train,gs10,1337,3,1,slice_level,0.45495495495495497,0.6531531531531531,0.8063127240082165,0.01278649310807924,0.008487290018951302,0.877986888915943,0.33783783783783783,0.7552899384462798,0.6747660655924329,666,44400
2,densenet121,pretrained,gs10,adaptive,train,gs10,1337,3,1,subject_level,0.47297297297297297,0.7027027027027027,0.8408069605225915,0.012256965712384061,0.01707302788608112,0.9379553211031749,0.4954954954954955,0.826417836520049,0.7385702486637097,222,49062
2,densenet121,pretrained,gs10,adaptive,test,gs10,1337,3,1,slice_level,0.5507246376811594,0.782608695652174,0.7981917564419733,0.014907649461773859,0.022760552273172398,0.8596448575229294,0.3140096618357488,0.7536207794567237,0.6789073799593726,207,13800
2,densenet121,pretrained,gs10,adaptive,test,gs10,1337,3,1,subject_level,0.5362318840579711,0.7971014492753623,0.8362521658773008,0.015759074169656506,0.04807946704112101,0.9253956781200193,0.42028985507246375,0.8235265880391218,0.742092191702976,69,4692
2,densenet121,pretrained,gs10,blind,train,raw,1337,3,1,slice_level,0.7837837837837838,0.8783783783783784,0.9948441646657549,0.0024849348240070517,0.002058735218524161,0.9124245191137084,0.49099099099099097,0.9894318586892193,0.972251695241477,666,44400
2,densenet121,pretrained,gs10,blind,train,raw,1337,3,1,subject_level,0.7027027027027027,0.8243243243243243,0.9942206568546124,0.0027155736545184713,0.005830865934373693,0.9593054899096235,0.6531531531531531,0.9930059029175354,0.9757372185203372,222,49062
2,densenet121,pretrained,gs10,blind,test,raw,1337,3,1,slice_level,0.8115942028985508,0.8840579710144928,0.9947418950606084,0.0022336002709209056,0.006404691861699457,0.8984819365679478,0.4975845410628019,0.9900377257434643,0.9743484666511633,207,13800
2,densenet121,pretrained,gs10,blind,test,raw,1337,3,1,subject_level,0.782608695652174,0.8695652173913043,0.9942004378291144,0.00328448544377866,0.01822466098204039,0.9463224483240051,0.5942028985507246,0.9933279813199803,0.9775866671748783,69,4692
3,densenet121,pretrained,gs10,adaptive,train,gs10,1337,3,1,slice_level,0.44594594594594594,0.6756756756756757,0.8321867464361964,0.011968389824704008,0.009919996824333662,0.8926336978870762,0.28378378378378377,0.7839769474915914,0.6756063531775464,666,44400
3,densenet121,pretrained,gs10,adaptive,train,gs10,1337,3,1,subject_level,0.4594594594594595,0.6891891891891891,0.8622052680264722,0.011208515177975904,0.020454963060884592,0.9378248096451594,0.42342342342342343,0.8481506587148787,0.7315727414652972,222,49062
3,densenet121,pretrained,gs10,adaptive,test,gs10,1337,3,1,slice_level,0.6231884057971014,0.8115942028985508,0.8206938531087793,0.014647774074388586,0.022706751333738583,0.8765614716796192,0.3333333333333333,0.7775089418254613,0.6987589135614858,207,13800
3,densenet121,pretrained,gs10,adaptive,test,gs10,1337,3,1,subject_level,0.6086956521739131,0.782608695652174,0.8543736088103142,0.017426184985948646,0.04858980379134849,0.9355331924830425,0.4782608695652174,0.8426245027694149,0.7573816858721104,69,4692
3,densenet121,pretrained,gs10,blind,train,raw,1337,3,1,slice_level,0.7612612612612613,0.8423423423423423,0.9942983351312242,0.0025390306034603636,0.0020908860711020055,0.8784421076481889,0.4519519519519519,0.9875194833980309,0.9704448963272142,666,44400
3,densenet121,pretrained,gs10,blind,train,raw,1337,3,1,subject_level,0.6486486486486487,0.7747747747747747,0.9935856270897496,0.002520639885653247,0.005872475493044869,0.9360719714455804,0.5495495495495496,0.9916622319200017,0.9745512225074301,222,49062
3,densenet121,pretrained,gs10,blind,test,raw,1337,3,1,slice_level,0.8985507246376812,0.927536231884058,0.9940857196199722,0.0031185970790144324,0.006705551414979973,0.8785988587831688,0.47342995169082125,0.9876779124932589,0.9701783648565195,207,13800
3,densenet121,pretrained,gs10,blind,test,raw,1337,3,1,subject_level,0.8115942028985508,0.927536231884058,0.9930315432341202,0.0038620354472727017,0.018780686123215633,0.9266528287433436,0.5507246376811594,0.9917297752007194,0.974149507939663,69,4692
4,densenet121,pretrained,gs10,adaptive,train,gs10,1337,3,1,slice_level,0.46396396396396394,0.7387387387387387,0.817431101122418,0.013749696381457217,0.009016374627396732,0.8867628608338067,0.33633633633633636,0.7684721122453878,0.67937571034708,666,44400
4,densenet121,pretrained,gs10,adaptive,train,gs10,1337,3,1,subject_level,0.4369369369369369,0.7072072072072072,0.8491791054472193,0.011502296537966342,0.018290584453859844,0.94316182392494,0.42792792792792794,0.8352375454730816,0.7387705029033865,222,49062
4,densenet121,pretrained,gs10,adaptive,test,gs10,1337,3,1,slice_level,0.4927536231884058,0.8115942028985508,0.8058307041292605,0.015348858591439068,0.024068502709269524,0.8770615416929216,0.32367149758454106,0.7629932003896593,0.6849251665153365,207,13800
4,densenet121,pretrained,gs10,adaptive,test,gs10,1337,3,1,subject_level,0.5507246376811594,0.855072463768116,0.8422632277875707,0.017509344695270924,0.049489995383698006,0.9403517550687571,0.463768115942029,0.8309414360834204,0.7460498092068837,69,4692
4,densenet121,pretrained,gs10,blind,train,raw,1337,3,1,slice_level,0.7657657657657657,0.8738738738738738,0.9953174429970819,0.002232151257025229,0.0019513287068646703,0.8952440954467982,0.43093093093093093,0.9901893221222244,0.9765810226843701,666,44400
4,densenet121,pretrained,gs10,blind,train,raw,1337,3,1,subject_level,0.6846846846846847,0.8198198198198198,0.9945610818025228,0.0020377284234708495,0.005534395313326706,0.9485399702013374,0.581081081081081,0.9934986875400887,0.9798638769829591,222,49062
4,densenet121,pretrained,gs10,blind,test,raw,1337,3,1,slice_level,0.8260869565217391,0.9130434782608695,0.9947343779646832,0.0022506143735802693,0.006304820601328992,0.9047820835958833,0.4251207729468599,0.9901744942158317,0.9755242272693178,207,13800
4,densenet121,pretrained,gs10,blind,test,raw,1337,3,1,subject_level,0.7101449275362319,0.8985507246376812,0.9941727925037992,0.002720768037049667,0.017938128092150757,0.9606113396839517,0.5507246376811594,0.9934839779052181,0.9787765589541892,69,4692
0,densenet121,pretrained,gs20,adaptive,train,gs20,1337,3,1,slice_level,0.33031674208144796,0.5520361990950227,0.812499887263613,0.010245576703170845,0.006160240755226817,0.8278235669485337,0.22926093514328807,0.7628674435219973,0.7056890512146562,663,44200
0,densenet121,pretrained,gs20,adaptive,train,gs20,1337,3,1,subject_level,0.3076923076923077,0.5927601809954751,0.8481179413752319,0.00862137170938345,0.01274264643887454,0.9035642558133908,0.334841628959276,0.831579705169298,0.7692992535958021,221,48620
0,densenet121,pretrained,gs20,adaptive,test,gs20,1337,3,1,slice_level,0.42857142857142855,0.7142857142857143,0.811334650005613,0.013813305752617973,0.017802842333912848,0.8293496598639455,0.23333333333333334,0.7669647514820099,0.7122300976770265,210,14000
0,densenet121,pretrained,gs20,adaptive,test,gs20,1337,3,1,subject_level,0.4857142857142857,0.7714285714285715,0.8470259734562465,0.012272086313792637,0.036583776399493215,0.9140431824903874,0.37142857142857144,0.8353207860674177,0.7758076393826407,70,4830
0,densenet121,pretrained,gs20,blind,train,raw,1337,3,1,slice_level,0.7058823529411765,0.8144796380090498,0.9981234737111433,0.0009133128019479605,0.0017844915655504793,0.8924776656224619,0.4253393665158371,0.995218477277914,0.986081387705393,663,44200
0,densenet121,pretrained,gs20,blind,train,raw,1337,3,1,subject_level,0.5610859728506787,0.746606334841629,0.9977177117205314,0.0008882243708787461,0.0052037094677566675,0.9452930287705374,0.5339366515837104,0.9968827720141519,0.9877272163421614,221,48620
0,densenet121,pretrained,gs20,blind,test,raw,1337,3,1,slice_level,0.7714285714285715,0.9142857142857143,0.9981158810002463,0.0011586878980909075,0.005612343423334615,0.887713775510204,0.46190476190476193,0.9951716792015802,0.9862759552214827,210,14000
0,densenet121,pretrained,gs20,blind,test,raw,1337,3,1,subject_level,0.6571428571428571,0.9142857142857143,0.9975317307880947,0.0012164439473833356,0.0163250536923962,0.9417716651878142,0.5714285714285714,0.9968537449836731,0.9879442275310896,70,4830
1,densenet121,pretrained,gs20,adaptive,train,gs20,1337,3,1,slice_level,0.3031674208144796,0.5475113122171946,0.829215059183302,0.008655917320855602,0.008326426517150926,0.8769645891771257,0.1885369532428356,0.7837338330698949,0.6761473736214152,663,44200
1,densenet121,pretrained,gs20,adaptive,train,gs20,1337,3,1,subject_level,0.3212669683257919,0.583710407239819,0.863433562252856,0.008675109207360454,0.01843040612656876,0.9157381279885939,0.26244343891402716,0.8462818807066835,0.7312508981936952,221,48620
1,densenet121,pretrained,gs20,adaptive,test,gs20,1337,3,1,slice_level,0.4857142857142857,0.8142857142857143,0.8157625070640019,0.011071693045752388,0.021897562899227653,0.872180612244898,0.19523809523809524,0.7736783331348782,0.6879273189497845,210,14000
1,densenet121,pretrained,gs20,adaptive,test,gs20,1337,3,1,subject_level,0.4857142857142857,0.8571428571428571,0.8522527507373265,0.014612325600215368,0.04803427745188985,0.93321206743567,0.2857142857142857,0.8414951554366521,0.7484529183332964,70,4830
1,densenet121,pretrained,gs20,blind,train,raw,1337,3,1,slice_level,0.7692307692307693,0.8778280542986425,0.9975758122103247,0.0012864335629735057,0.0018295231812561934,0.9218727094039844,0.5098039215686274,0.9946460301340255,0.9837558798404301,663,44200
1,densenet121,pretrained,gs20,blind,train,raw,1337,3,1,subject_level,0.6606334841628959,0.8190045248868778,0.9971093888735879,0.001471707723798795,0.005323088011489465,0.9591523794278652,0.6787330316742082,0.9963961160021131,0.9854935735954468,221,48620
1,densenet121,pretrained,gs20,blind,test,raw,1337,3,1,slice_level,0.8285714285714286,0.9428571428571428,0.9972877025604248,0.0016327219349997384,0.005855206985558782,0.923954081632653,0.5285714285714286,0.9939755530584427,0.9823995250974382,210,14000
1,densenet121,pretrained,gs20,blind,test,raw,1337,3,1,subject_level,0.7714285714285715,0.9285714285714286,0.9967560461589269,0.0023857269968305317,0.01695890466549567,0.9624726412304052,0.6857142857142857,0.995997759274074,0.9843883337564844,70,4830
2,densenet121,pretrained,gs20,adaptive,train,gs20,1337,3,1,slice_level,0.34684684684684686,0.5855855855855856,0.8029394651855435,0.01026558956584415,0.006665945496737353,0.8706628926223521,0.28678678678678676,0.7570809375595402,0.6905608878103462,666,44400
2,densenet121,pretrained,gs20,adaptive,train,gs20,1337,3,1,subject_level,0.38738738738738737,0.6396396396396397,0.841470738252004,0.009771206357457617,0.01412460491531067,0.9288582639139078,0.3963963963963964,0.8272046213214462,0.7546568475728962,222,49062
2,densenet121,pretrained,gs20,adaptive,test,gs20,1337,3,1,slice_level,0.391304347826087,0.6811594202898551,0.793981633324554,0.012618669565173163,0.01759697228292192,0.8389552264930338,0.2028985507246377,0.7520040331255411,0.6967488183966581,207,13800
2,densenet121,pretrained,gs20,adaptive,test,gs20,1337,3,1,subject_level,0.43478260869565216,0.6666666666666666,0.8362849302913832,0.012254834175109863,0.0380106712758973,0.9042218021424071,0.2463768115942029,0.8226116515588069,0.7622680516321234,69,4692
2,densenet121,pretrained,gs20,blind,train,raw,1337,3,1,slice_level,0.7747747747747747,0.8603603603603603,0.9966826930239394,0.0014916282516342025,0.0019000506071533236,0.9108493121499879,0.4624624624624625,0.9929037696427411,0.9798591092994084,666,44400
2,densenet121,pretrained,gs20,blind,train,raw,1337,3,1,subject_level,0.6576576576576577,0.8288288288288288,0.9961788278442245,0.0016772559097221306,0.005478594510874769,0.9592597672883841,0.6306306306306306,0.9953020550646223,0.9821702933300286,222,49062
2,densenet121,pretrained,gs20,blind,test,raw,1337,3,1,slice_level,0.8260869565217391,0.9130434782608695,0.9967501154844312,0.0014808307523312776,0.005914442403161008,0.8960684029965693,0.4444444444444444,0.9934182080669679,0.9821764300742011,207,13800
2,densenet121,pretrained,gs20,blind,test,raw,1337,3,1,subject_level,0.6956521739130435,0.8260869565217391,0.996280400649361,0.0019472336423569832,0.017113137747282566,0.938655991697246,0.5507246376811594,0.9955408417660258,0.9842648832516495,69,4692
3,densenet121,pretrained,gs20,adaptive,train,gs20,1337,3,1,slice_level,0.33783783783783783,0.5585585585585585,0.8105910240529893,0.010878870079109261,0.008145546615081798,0.8789783533533534,0.24474474474474475,0.7631394467554293,0.6772826752549893,666,44400
3,densenet121,pretrained,gs20,adaptive,train,gs20,1337,3,1,subject_level,0.38288288288288286,0.6711711711711712,0.846647121616312,0.009570304337922518,0.017084932126742496,0.9298156845851598,0.35135135135135137,0.8318687296128487,0.738429666836867,222,49062
3,densenet121,pretrained,gs20,adaptive,test,gs20,1337,3,1,slice_level,0.5362318840579711,0.782608695652174,0.8031808941260629,0.013345935206482376,0.019415258902354515,0.8795389624028566,0.28019323671497587,0.7639510199643563,0.6968066659785699,207,13800
3,densenet121,pretrained,gs20,adaptive,test,gs20,1337,3,1,subject_level,0.5652173913043478,0.8260869565217391,0.8426094245219576,0.01463799113812654,0.041793559988339744,0.9496213104019176,0.36231884057971014,0.8341085029684979,0.7608854950033287,69,4692
3,densenet121,pretrained,gs20,blind,train,raw,1337,3,1,slice_level,0.7252252252252253,0.8153153153153153,0.9965099391636548,0.001455921847541053,0.0018942285877618906,0.8681438194951709,0.42042042042042044,0.9916260422350051,0.9799240071225811,666,44400
3,densenet121,pretrained,gs20,blind,train,raw,1337,3,1,subject_level,0.5900900900900901,0.7522522522522522,0.9959692930853045,0.001525155327341578,0.005430375563551311,0.9257640451996574,0.5315315315315315,0.9944185499135438,0.9826458851736926,222,49062
3,densenet121,pretrained,gs20,blind,test,raw,1337,3,1,slice_level,0.8260869565217391,0.9130434782608695,0.9965843420097793,0.002004498156948366,0.005983923649604338,0.8652973815024855,0.4251207729468599,0.991805907320861,0.9811116391463556,207,13800
3,densenet121,pretrained,gs20,blind,test,raw,1337,3,1,subject_level,0.7101449275362319,0.8985507246376812,0.9957777002583379,0.002355515956878662,0.017113688280401024,0.9182759430174086,0.6086956521739131,0.9945126115411952,0.983773974633481,69,4692
4,densenet121,pretrained,gs20,adaptive,train,gs20,1337,3,1,slice_level,0.24324324324324326,0.4954954954954955,0.80685756496481,0.008602713947897559,0.0062758083463654865,0.8111860001893786,0.22522522522522523,0.7518618872036805,0.6991624564321729,666,44400
4,densenet121,pretrained,gs20,adaptive,train,gs20,1337,3,1,subject_level,0.2747747747747748,0.527027027027027,0.8444856139453681,0.008687227427422462,0.012821335916046624,0.8870269315420348,0.2927927927927928,0.8229639846999366,0.7654457227623247,222,49062
4,densenet121,pretrained,gs20,adaptive,test,gs20,1337,3,1,slice_level,0.4057971014492754,0.6521739130434783,0.7946379582087199,0.011205971240997314,0.019865056621315685,0.8235365469439193,0.1932367149758454,0.746239321531305,0.6883924037477245,207,13800
4,densenet121,pretrained,gs20,adaptive,test,gs20,1337,3,1,subject_level,0.34782608695652173,0.7246376811594203,0.8327750097150388,0.01150972428529159,0.04086626410160376,0.8812934751720473,0.2318840579710145,0.8163169605144556,0.7531010013610404,69,4692
4,densenet121,pretrained,gs20,blind,train,raw,1337,3,1,slice_level,0.7297297297297297,0.8648648648648649,0.9974510462971421,0.0011001197067466943,0.0018158537374498944,0.8814154526147769,0.5015015015015015,0.9936099330763201,0.9838610891930691,666,44400
4,densenet121,pretrained,gs20,blind,train,raw,1337,3,1,subject_level,0.6081081081081081,0.7342342342342343,0.9969625902605487,0.0011226706676654987,0.005259326713679878,0.9292745417546691,0.6486486486486487,0.9956856504216924,0.9858854559851278,222,49062
4,densenet121,pretrained,gs20,blind,test,raw,1337,3,1,slice_level,0.7971014492753623,0.927536231884058,0.9972033224244049,0.0013345661370650582,0.005973559460076301,0.9076158720156831,0.4396135265700483,0.9939336652916987,0.9817000047840934,207,13800
4,densenet121,pretrained,gs20,blind,test,raw,1337,3,1,subject_level,0.6666666666666666,0.8840579710144928,0.9966292441755101,0.0014779420866482499,0.017323986208741215,0.9539703720177422,0.6086956521739131,0.9958691355110942,0.983613457978534,69,4692
0,densenet121,pretrained,gs30,adaptive,train,gs30,1337,3,1,slice_level,0.25339366515837103,0.4479638009049774,0.8144101152592654,0.007419274133794448,0.005379972486373256,0.81702584235922,0.1885369532428356,0.767232535741268,0.719216313704646,663,44200
0,densenet121,pretrained,gs30,adaptive,train,gs30,1337,3,1,subject_level,0.2669683257918552,0.5203619909502263,0.8506254205876346,0.006494063327754785,0.011376911687888036,0.8891101179895431,0.25339366515837103,0.833836527971121,0.7814335893255749,221,48620
0,densenet121,pretrained,gs30,adaptive,test,gs30,1337,3,1,slice_level,0.35714285714285715,0.6714285714285714,0.8098538517951965,0.009260456051145281,0.015180896329028266,0.8136715986394558,0.19047619047619047,0.7703725584915706,0.7217002448950495,210,14000
0,densenet121,pretrained,gs30,adaptive,test,gs30,1337,3,1,subject_level,0.4,0.8,0.8479475310870579,0.009744992426463536,0.033411415134157456,0.8829310854776692,0.3142857142857143,0.8364527021135603,0.7837079855225841,70,4830
0,densenet121,pretrained,gs30,blind,train,raw,1337,3,1,slice_level,0.6515837104072398,0.7647058823529411,0.9978053316271682,0.0010160712095407338,0.001801637557600688,0.8881160295653241,0.39064856711915535,0.9943447863714008,0.985128505956803,663,44200
0,densenet121,pretrained,gs30,blind,train,raw,1337,3,1,subject_level,0.5113122171945701,0.7058823529411765,0.9973230779980102,0.0009821747762585118,0.005228062105529448,0.9441890289641155,0.5067873303167421,0.9962763594825883,0.9870187794142229,221,48620
0,densenet121,pretrained,gs30,blind,test,raw,1337,3,1,slice_level,0.7428571428571429,0.9,0.9977690960679736,0.001303959744317191,0.005636096652597189,0.8747107142857142,0.44285714285714284,0.9942010618391491,0.9856375133608068,210,14000
0,densenet121,pretrained,gs30,blind,test,raw,1337,3,1,subject_level,0.6,0.8142857142857143,0.9969880172184535,0.0012019268104008266,0.016275896597653626,0.9292650103519668,0.5142857142857142,0.9961824153150831,0.9876063686843738,70,4830
1,densenet121,pretrained,gs30,adaptive,train,gs30,1337,3,1,slice_level,0.25339366515837103,0.4479638009049774,0.795498398094695,0.007800028604619643,0.005546040959420248,0.8362849518505626,0.1794871794871795,0.7485064433530805,0.6973151923115977,663,44200
1,densenet121,pretrained,gs30,adaptive,train,gs30,1337,3,1,subject_level,0.2579185520361991,0.4751131221719457,0.8371064312317792,0.0072316303512089935,0.011978038329614233,0.9042213509141909,0.26244343891402716,0.8198195911640496,0.7638270565201745,221,48620
1,densenet121,pretrained,gs30,adaptive,test,gs30,1337,3,1,slice_level,0.34285714285714286,0.6714285714285714,0.7889456953321184,0.011240970236914498,0.016497085323291166,0.8392187074829933,0.2,0.7461211196013859,0.6955923927341189,210,14000
1,densenet121,pretrained,gs30,adaptive,test,gs30,1337,3,1,subject_level,0.44285714285714284,0.7571428571428571,0.8315008308206285,0.010992991924285888,0.034919322255466664,0.9315542738834666,0.2714285714285714,0.8200211686747415,0.7645689640356147,70,4830
1,densenet121,pretrained,gs30,blind,train,raw,1337,3,1,slice_level,0.6199095022624435,0.7828054298642534,0.9985065635512856,0.0006245606625241931,0.0017280544963458814,0.8618891061471579,0.3755656108597285,0.9956632292468444,0.9887886363834277,663,44200
1,densenet121,pretrained,gs30,blind,train,raw,1337,3,1,subject_level,0.48868778280542985,0.6787330316742082,0.9980868815836323,0.0006016028952274926,0.005053013322950758,0.9178065280474118,0.47058823529411764,0.9970923414057736,0.9902412896818803,221,48620
1,densenet121,pretrained,gs30,blind,test,raw,1337,3,1,slice_level,0.6571428571428571,0.8,0.9981287172862462,0.000830784865788051,0.005403013893270067,0.8394066326530611,0.3619047619047619,0.9949282294227964,0.9890592170911175,210,14000
1,densenet121,pretrained,gs30,blind,test,raw,1337,3,1,subject_level,0.6,0.7571428571428571,0.9976236956460135,0.000992098024913243,0.01572207312232682,0.9030656610470276,0.4714285714285714,0.9966309530394418,0.9907442654265133,70,4830
2,densenet121,pretrained,gs30,adaptive,train,gs30,1337,3,1,slice_level,0.17567567567567569,0.4864864864864865,0.7889998278639339,0.008303615424010131,0.006189224786368442,0.8309973487000515,0.1996996996996997,0.7376491751398768,0.68151391514384,666,44400
2,densenet121,pretrained,gs30,adaptive,train,gs30,1337,3,1,subject_level,0.23873873873873874,0.4864864864864865,0.8309225638707479,0.007336454885499971,0.013019974825920554,0.9021091533015222,0.3108108108108108,0.8119094557053333,0.750155356457248,222,49062
2,densenet121,pretrained,gs30,adaptive,test,gs30,1337,3,1,slice_level,0.36231884057971014,0.6086956521739131,0.7871803840001425,0.011376190012779789,0.01770728826522827,0.8078203108590633,0.1932367149758454,0.7389543920323469,0.6863419827430145,207,13800
2,densenet121,pretrained,gs30,adaptive,test,gs30,1337,3,1,subject_level,0.391304347826087,0.7101449275362319,0.8277174450349116,0.00963763309561688,0.036576935481550034,0.8815405809456739,0.2463768115942029,0.8132198288820792,0.7554256120555338,69,4692
2,densenet121,pretrained,gs30,blind,train,raw,1337,3,1,slice_level,0.6846846846846847,0.8288288288288288,0.9974004175211932,0.001151682557286443,0.001866668524107317,0.8847699726753782,0.4594594594594595,0.9932306215569779,0.9817394078637028,666,44400
2,densenet121,pretrained,gs30,blind,train,raw,1337,3,1,subject_level,0.5720720720720721,0.7387387387387387,0.9968865959493963,0.0011241806519998085,0.0053900513391069195,0.9357653177208026,0.545045045045045,0.9955388490144197,0.9840029445878691,222,49062
2,densenet121,pretrained,gs30,blind,test,raw,1337,3,1,slice_level,0.7536231884057971,0.8260869565217391,0.9970539920571921,0.0011555172395015109,0.005887943967852903,0.87393019673738,0.3719806763285024,0.9935076038042704,0.9827693330982457,207,13800
2,densenet121,pretrained,gs30,blind,test,raw,1337,3,1,subject_level,0.6521739130434783,0.7681159420289855,0.9966612354568813,0.0016359937363776608,0.017071322227517765,0.9187022004769141,0.5072463768115942,0.9956140405889871,0.9848541207198698,69,4692
3,densenet121,pretrained,gs30,adaptive,train,gs30,1337,3,1,slice_level,0.19369369369369369,0.4144144144144144,0.8717986420468167,0.005613189291309666,0.007775252488827719,0.8541458857506156,0.1006006006006006,0.831329543579806,0.6735000247196169,666,44400
3,densenet121,pretrained,gs30,adaptive,train,gs30,1337,3,1,subject_level,0.22522522522522523,0.49099099099099097,0.8968774099070747,0.00579030476174913,0.017521084021978283,0.8918045782115736,0.14864864864864866,0.8818460764648678,0.7156086012755686,222,49062
3,densenet121,pretrained,gs30,adaptive,test,gs30,1337,3,1,slice_level,0.3188405797101449,0.6376811594202898,0.8507214741430421,0.007471719513768735,0.02030474926088599,0.7978985507246377,0.16908212560386474,0.8015244652107718,0.7237001734777637,207,13800
3,densenet121,pretrained,gs30,adaptive,test,gs30,1337,3,1,subject_level,0.36231884057971014,0.7101449275362319,0.8809075053187384,0.008476876694223156,0.04675671199093694,0.8611543546214958,0.30434782608695654,0.8627088441365007,0.7793216137985642,69,4692
3,densenet121,pretrained,gs30,blind,train,raw,1337,3,1,slice_level,0.7432432432432432,0.8333333333333334,0.9985421426124401,0.0006824621746131966,0.0017254762356756841,0.8844379007385764,0.4984984984984985,0.9959835412802996,0.9885834020416479,666,44400
3,densenet121,pretrained,gs30,blind,train,raw,1337,3,1,subject_level,0.5540540540540541,0.7612612612612613,0.9981874649052147,0.0007433601327844568,0.005054394899120739,0.9390039115794283,0.6171171171171171,0.9973637410649309,0.989989522942503,222,49062
3,densenet121,pretrained,gs30,blind,test,raw,1337,3,1,slice_level,0.8115942028985508,0.927536231884058,0.9985321621963943,0.0008152291394662166,0.005491494039154571,0.8942559336273892,0.5410628019323671,0.9961711456234329,0.9893258128952289,207,13800
3,densenet121,pretrained,gs30,blind,test,raw,1337,3,1,subject_level,0.6811594202898551,0.855072463768116,0.9981032722238181,0.001110961471778759,0.016095069925422253,0.9342853083262289,0.6521739130434783,0.997426632521809,0.9905696164210027,69,4692
4,densenet121,pretrained,gs30,adaptive,train,gs30,1337,3,1,slice_level,0.22522522522522523,0.4099099099099099,0.8111565400351275,0.0076284856946618705,0.0051085602519362495,0.8092270479939399,0.15465465465465467,0.7645390609184185,0.7193843874053375,666,44400
4,densenet121,pretrained,gs30,adaptive,train,gs30,1337,3,1,subject_level,0.26576576576576577,0.5495495495495496,0.8500022595530158,0.006705638524648306,0.010885512028392908,0.8824380972632165,0.24324324324324326,0.833209746861243,0.7840631487395682,222,49062
4,densenet121,pretrained,gs30,adaptive,test,gs30,1337,3,1,slice_level,0.2608695652173913,0.6231884057971014,0.803540315317071,0.011090857395227405,0.015601909732904987,0.799624903731709,0.14492753623188406,0.7594110277539866,0.7147539498235869,207,13800
4,densenet121,pretrained,gs30,adaptive,test,gs30,1337,3,1,subject_level,0.2898550724637681,0.6086956521739131,0.8427159103794374,0.00969218775845956,0.034193650454930634,0.8754339795149314,0.21739130434782608,0.8264256612114285,0.7778553743826865,69,4692
4,densenet121,pretrained,gs30,blind,train,raw,1337,3,1,slice_level,0.6531531531531531,0.8063063063063063,0.9985051549769737,0.0005353509305833697,0.0016714094724791409,0.8817518024781539,0.43843843843843844,0.996352387799157,0.9908659371290658,666,44400
4,densenet121,pretrained,gs30,blind,train,raw,1337,3,1,subject_level,0.545045045045045,0.7702702702702703,0.9982490166350528,0.0006170237923527624,0.004910602028741762,0.9303645855712628,0.5720720720720721,0.9975901407164496,0.992137070874463,222,49062
4,densenet121,pretrained,gs30,blind,test,raw,1337,3,1,slice_level,0.7391304347826086,0.9130434782608695,0.9983826029127922,0.0007711553919142571,0.005455142507950465,0.8978525169782259,0.4444444444444444,0.99632477875493,0.9896626564730768,207,13800
4,densenet121,pretrained,gs30,blind,test,raw,1337,3,1,subject_level,0.6231884057971014,0.8840579710144928,0.9980777234270952,0.0009705001029415407,0.016020308100226997,0.9475780545362443,0.5942028985507246,0.9975636886513751,0.9909060944351292,69,4692
0,densenet121,pretrained,gs40,adaptive,train,gs40,1337,3,1,slice_level,0.19457013574660634,0.4434389140271493,0.7994341189505288,0.00801539528963253,0.006096751904283646,0.8607911556547435,0.1885369532428356,0.7533439685496449,0.6916659645486741,663,44200
0,densenet121,pretrained,gs40,adaptive,train,gs40,1337,3,1,subject_level,0.2579185520361991,0.497737556561086,0.8407195110666267,0.00644749079354748,0.013022129162640323,0.9154993662180247,0.22171945701357465,0.8246618638750655,0.7572962178388577,221,48620
0,densenet121,pretrained,gs40,adaptive,test,gs40,1337,3,1,slice_level,0.24285714285714285,0.5428571428571428,0.7908406930310385,0.009952758891241892,0.015259855174060378,0.8403181972789117,0.14285714285714285,0.7498029776981898,0.7025735092120511,210,14000
0,densenet121,pretrained,gs40,adaptive,test,gs40,1337,3,1,subject_level,0.32857142857142857,0.7428571428571429,0.8353480568953923,0.009059523684637888,0.033309863534356866,0.9049571132800946,0.24285714285714285,0.8224697623934064,0.7707599054088751,70,4830
0,densenet121,pretrained,gs40,blind,train,raw,1337,3,1,slice_level,0.6832579185520362,0.8054298642533937,0.998724884576927,0.0006273043641137861,0.0017113289506094555,0.8793211134088164,0.42081447963800905,0.9963442329907309,0.9897716525318396,663,44200
0,densenet121,pretrained,gs40,blind,train,raw,1337,3,1,subject_level,0.5248868778280543,0.6923076923076923,0.9983402617376854,0.0006120083558613359,0.005018375618004017,0.939134222179205,0.4841628959276018,0.9976077174169445,0.9909750643751347,221,48620
0,densenet121,pretrained,gs40,blind,test,raw,1337,3,1,slice_level,0.7714285714285715,0.8857142857142857,0.9987011236803872,0.0006810537406376429,0.0053584625944495205,0.8878578231292518,0.4523809523809524,0.9965855289073218,0.9902228760293552,210,14000
0,densenet121,pretrained,gs40,blind,test,raw,1337,3,1,subject_level,0.6571428571428571,0.7714285714285715,0.9983356688703809,0.0009340712002345494,0.015738513161029134,0.9444306418219462,0.5857142857142857,0.997756563765662,0.9913859598508286,70,4830
1,densenet121,pretrained,gs40,adaptive,train,gs40,1337,3,1,slice_level,0.22624434389140272,0.4117647058823529,0.8107970543037173,0.007777977043686949,0.006979046640201257,0.8448727674153546,0.13574660633484162,0.7651585024945876,0.6824788347891283,663,44200
1,densenet121,pretrained,gs40,adaptive,train,gs40,1337,3,1,subject_level,0.24434389140271492,0.4298642533936652,0.8501856124778678,0.006427360605869898,0.015286251468524944,0.8871185442186241,0.19909502262443438,0.8330263098979968,0.7430030489601701,221,48620
1,densenet121,pretrained,gs40,adaptive,test,gs40,1337,3,1,slice_level,0.2714285714285714,0.5571428571428572,0.7918333607060569,0.008611902168818882,0.015833734135542597,0.7968358843537415,0.1761904761904762,0.7493925364244551,0.697405927747488,210,14000
1,densenet121,pretrained,gs40,adaptive,test,gs40,1337,3,1,subject_level,0.34285714285714286,0.6428571428571429,0.8368817329406738,0.009404509408133371,0.035499006722654616,0.8746997929606625,0.22857142857142856,0.8209386706352234,0.7640916139319323,70,4830
1,densenet121,pretrained,gs40,blind,train,raw,1337,3,1,slice_level,0.583710407239819,0.7330316742081447,0.9990995885020467,0.00036688573759605445,0.0016700308316922432,0.888069995836831,0.3740573152337858,0.9973292620473317,0.991827143100322,663,44200
1,densenet121,pretrained,gs40,blind,train,raw,1337,3,1,subject_level,0.43891402714932126,0.6832579185520362,0.998885342977705,0.0004086176194756279,0.004933077441654863,0.9367575863050975,0.5067873303167421,0.9982373935604527,0.9927399680343296,221,48620
1,densenet121,pretrained,gs40,blind,test,raw,1337,3,1,slice_level,0.6428571428571429,0.7571428571428571,0.9988785513809749,0.0005057164600917271,0.005358521839869874,0.8737142857142857,0.35714285714285715,0.9967340296223051,0.9903608956336976,210,14000
1,densenet121,pretrained,gs40,blind,test,raw,1337,3,1,subject_level,0.5285714285714286,0.7285714285714285,0.9985469009195055,0.0007003894874027797,0.01576971241406032,0.9294824016563147,0.4857142857142857,0.9978017781461989,0.9914262591435056,70,4830
2,densenet121,pretrained,gs40,adaptive,train,gs40,1337,3,1,slice_level,0.17567567567567569,0.40540540540540543,0.7924090247970443,0.007046991103404277,0.0057057400720680615,0.8546580195059925,0.15915915915915915,0.7473286717861622,0.6908555939041816,666,44400
2,densenet121,pretrained,gs40,adaptive,train,gs40,1337,3,1,subject_level,0.21171171171171171,0.5045045045045045,0.836297247323904,0.006931071077381169,0.012440510048019188,0.9103413827181714,0.25225225225225223,0.8199443427829055,0.758213199894066,222,49062
2,densenet121,pretrained,gs40,adaptive,test,gs40,1337,3,1,slice_level,0.2608695652173913,0.5942028985507246,0.786341156648553,0.009163499742314436,0.015110041878685572,0.8279134285514249,0.1497584541062802,0.7477940182754959,0.7005707413994747,207,13800
2,densenet121,pretrained,gs40,adaptive,test,gs40,1337,3,1,subject_level,0.43478260869565216,0.6956521739130435,0.8322738970535389,0.00942467779353045,0.03349556126024412,0.8968024512892744,0.2463768115942029,0.8207480682842974,0.7690078680548826,69,4692
2,densenet121,pretrained,gs40,blind,train,raw,1337,3,1,slice_level,0.5990990990990991,0.7342342342342343,0.9988931661790555,0.000456645950540766,0.0016573144318032507,0.8650489678868059,0.38738738738738737,0.9967937844472604,0.9918782603874937,666,44400
2,densenet121,pretrained,gs40,blind,train,raw,1337,3,1,subject_level,0.44594594594594594,0.6351351351351351,0.998594810028334,0.000430426887563757,0.004877137750185825,0.9235155113533492,0.44594594594594594,0.9978661969438329,0.992953558912299,222,49062
2,densenet121,pretrained,gs40,blind,test,raw,1337,3,1,slice_level,0.6811594202898551,0.8405797101449275,0.9988162932188615,0.0005197715068208998,0.005279621460299561,0.8636163621088007,0.3285024154589372,0.9970097570603597,0.9924749852177026,207,13800
2,densenet121,pretrained,gs40,blind,test,raw,1337,3,1,subject_level,0.5942028985507246,0.7536231884057971,0.9986206845960756,0.0007263629332832668,0.0155748526390264,0.912944635951419,0.4492753623188406,0.9980099918185801,0.9934743022496946,69,4692
3,densenet121,pretrained,gs40,adaptive,train,gs40,1337,3,1,slice_level,0.13963963963963963,0.32432432432432434,0.8626367481979164,0.005992118839745049,0.006889831707896749,0.8340091104618133,0.08408408408408409,0.8197937667727828,0.6763273258775742,666,44400
3,densenet121,pretrained,gs40,adaptive,train,gs40,1337,3,1,subject_level,0.17117117117117117,0.3918918918918919,0.8903123929693892,0.0049589544803172615,0.01522413746093039,0.8722915773790177,0.12162162162162163,0.8743611598337019,0.7225044853409758,222,49062
3,densenet121,pretrained,gs40,adaptive,test,gs40,1337,3,1,slice_level,0.21739130434782608,0.4492753623188406,0.8359697832577471,0.007630781850953033,0.016741970594486465,0.7137730168732059,0.10144927536231885,0.7793174809303837,0.7294316361887732,207,13800
3,densenet121,pretrained,gs40,adaptive,test,gs40,1337,3,1,subject_level,0.2753623188405797,0.4782608695652174,0.8696866596954457,0.007186627042466315,0.038155199042049004,0.7817778024883553,0.11594202898550725,0.8441230309182319,0.7902974709106223,69,4692
3,densenet121,pretrained,gs40,blind,train,raw,1337,3,1,slice_level,0.6666666666666666,0.8063063063063063,0.9991169373194376,0.00038782809231732344,0.0016281096545794794,0.8654720598977356,0.4099099099099099,0.9973996927788308,0.9933537754483588,666,44400
3,densenet121,pretrained,gs40,blind,train,raw,1337,3,1,subject_level,0.46396396396396394,0.7072072072072072,0.9988913511907732,0.00042193027229996415,0.004807096501174677,0.9284746713204582,0.5045045045045045,0.9983174594135972,0.9942871165158459,222,49062
3,densenet121,pretrained,gs40,blind,test,raw,1337,3,1,slice_level,0.8260869565217391,0.9130434782608695,0.9991412223249242,0.0005461832751398501,0.005214780224892108,0.8830842610095918,0.47342995169082125,0.9976564444205611,0.9936860753919767,207,13800
3,densenet121,pretrained,gs40,blind,test,raw,1337,3,1,subject_level,0.6956521739130435,0.855072463768116,0.9988260355548583,0.0005731884984002597,0.015401301257636236,0.930184896895116,0.6086956521739131,0.9984529147977415,0.9944868358860439,69,4692
4,densenet121,pretrained,gs40,adaptive,train,gs40,1337,3,1,slice_level,0.19369369369369369,0.42792792792792794,0.7912546498281462,0.00797096646583832,0.0054153220251890585,0.8145469117766415,0.15165165165165165,0.7422703458919181,0.6958052934316902,666,44400
4,densenet121,pretrained,gs40,adaptive,train,gs40,1337,3,1,subject_level,0.22972972972972974,0.481981981981982,0.8335611296666635,0.006993618902859387,0.011302449218173688,0.8886160680675784,0.22522522522522523,0.8159792879680255,0.7648135255131553,222,49062
4,densenet121,pretrained,gs40,adaptive,test,gs40,1337,3,1,slice_level,0.2463768115942029,0.5652173913043478,0.7851205433624379,0.010527784409730331,0.01585016433365535,0.8024950990688231,0.12560386473429952,0.7385979145045442,0.6949691320675007,207,13800
4,densenet121,pretrained,gs40,adaptive,test,gs40,1337,3,1,subject_level,0.3333333333333333,0.6231884057971014,0.827572112498076,0.007293387599613356,0.033013514121589455,0.873296514573063,0.11594202898550725,0.8125368028447248,0.7645760742980806,69,4692
4,densenet121,pretrained,gs40,blind,train,raw,1337,3,1,slice_level,0.6126126126126126,0.7612612612612613,0.9983481609069549,0.0006367389683250909,0.0017550186099912469,0.8657358371885399,0.3933933933933934,0.9951093393761117,0.9871308091094902,666,44400
4,densenet121,pretrained,gs40,blind,train,raw,1337,3,1,subject_level,0.5180180180180181,0.6936936936936937,0.9980237196694624,0.0007596187763385944,0.005123324306295799,0.9172141445591365,0.536036036036036,0.9967900777722264,0.9888254877083126,222,49062
4,densenet121,pretrained,gs40,blind,test,raw,1337,3,1,slice_level,0.5797101449275363,0.855072463768116,0.9982207659362019,0.0008822118026622827,0.005715791750159385,0.8928225862913953,0.3671497584541063,0.9955089144084764,0.9859626269686049,207,13800
4,densenet121,pretrained,gs40,blind,test,raw,1337,3,1,subject_level,0.5652173913043478,0.782608695652174,0.9978946706523066,0.001062127127163652,0.01675954687854518,0.9355980577486193,0.5072463768115942,0.9968754916951277,0.9873277906007677,69,4692
0,densenet121,pretrained,gs50,adaptive,train,gs50,1337,3,1,slice_level,0.13574660633484162,0.2895927601809955,0.8200489730317129,0.006574959506815915,0.006869160862032712,0.8221912430130424,0.09351432880844646,0.7704306244850159,0.6849202588065717,663,44200
0,densenet121,pretrained,gs50,adaptive,train,gs50,1337,3,1,subject_level,0.1493212669683258,0.3257918552036199,0.8586670972103447,0.005835465716021094,0.014965884695124573,0.854668209086628,0.12217194570135746,0.8369494579496427,0.7449769635177943,221,48620
0,densenet121,pretrained,gs50,adaptive,test,gs50,1337,3,1,slice_level,0.08571428571428572,0.37142857142857144,0.8054177096911839,0.008267567838941302,0.01715800856639232,0.7634882653061225,0.09047619047619047,0.7529215582779476,0.7036670854921852,210,14000
0,densenet121,pretrained,gs50,adaptive,test,gs50,1337,3,1,subject_level,0.14285714285714285,0.4857142857142857,0.8466257546629224,0.008295748063496181,0.03685792317347867,0.8306418219461698,0.17142857142857143,0.8229293584823608,0.769170710290194,70,4830
0,densenet121,pretrained,gs50,blind,train,raw,1337,3,1,slice_level,0.6606334841628959,0.7918552036199095,0.9989258735967438,0.0005227764267727261,0.0016722771464488828,0.8878150699890119,0.40120663650075417,0.9969802027733977,0.9915878050386636,663,44200
0,densenet121,pretrained,gs50,blind,train,raw,1337,3,1,subject_level,0.5520361990950227,0.7239819004524887,0.9986342817410085,0.0005441111137424659,0.004923454039135939,0.943370603312046,0.5158371040723982,0.9980354319870203,0.9926501913320278,221,48620
0,densenet121,pretrained,gs50,blind,test,raw,1337,3,1,slice_level,0.7571428571428571,0.8571428571428571,0.9988244354724884,0.0006624698638916015,0.005227620161271521,0.8738318027210884,0.4523809523809524,0.9970015568392617,0.9921731031494482,210,14000
0,densenet121,pretrained,gs50,blind,test,raw,1337,3,1,subject_level,0.6428571428571429,0.8,0.9985225464616503,0.0007720572607857841,0.015407634938934019,0.9281292517006803,0.5571428571428572,0.9979678792612893,0.9931297621618393,70,4830
1,densenet121,pretrained,gs50,adaptive,train,gs50,1337,3,1,slice_level,0.09502262443438914,0.27601809954751133,0.814111420741448,0.006837240441352533,0.004648283642307936,0.7589674487964347,0.09954751131221719,0.763833326721623,0.7296746159355025,663,44200
1,densenet121,pretrained,gs50,adaptive,train,gs50,1337,3,1,subject_level,0.14479638009049775,0.38461538461538464,0.8524452019061438,0.005378578043631299,0.009813175829574129,0.8320306058062247,0.14479638009049775,0.8320822820943945,0.7946624336187263,221,48620
1,densenet121,pretrained,gs50,adaptive,test,gs50,1337,3,1,slice_level,0.21428571428571427,0.5285714285714286,0.8043012831892286,0.007657709292003087,0.012899183295667171,0.7660906462585035,0.1380952380952381,0.7614543622448331,0.7288370648835386,210,14000
1,densenet121,pretrained,gs50,adaptive,test,gs50,1337,3,1,subject_level,0.3,0.6285714285714286,0.8452650249004364,0.006505059344427926,0.02790067531168461,0.8564063886424135,0.2,0.8304715548242841,0.79494034267854,70,4830
1,densenet121,pretrained,gs50,blind,train,raw,1337,3,1,slice_level,0.4796380090497738,0.6289592760180995,0.9979885190860178,0.000722350308258609,0.0019353808528570905,0.8074360509954068,0.2986425339366516,0.9914730338669111,0.9796013047023596,663,44200
1,densenet121,pretrained,gs50,blind,train,raw,1337,3,1,subject_level,0.36199095022624433,0.5339366515837104,0.9974442364403565,0.0006945610585795269,0.005582096792622659,0.8617818766274981,0.3936651583710407,0.9940769354142754,0.9821497450795305,221,48620
1,densenet121,pretrained,gs50,blind,test,raw,1337,3,1,slice_level,0.6,0.7571428571428571,0.9975338476044792,0.001037851401737758,0.006068252153428538,0.7902945578231293,0.3238095238095238,0.9903604379722051,0.9794487168916635,210,14000
1,densenet121,pretrained,gs50,blind,test,raw,1337,3,1,subject_level,0.5142857142857142,0.6428571428571429,0.9967976808547974,0.0011961528233119419,0.017330636350171905,0.8307128068618752,0.45714285714285713,0.9935476515974317,0.9826342794218912,70,4830
2,densenet121,pretrained,gs50,adaptive,train,gs50,1337,3,1,slice_level,0.13963963963963963,0.2972972972972973,0.7844261462624008,0.006918736137785353,0.005047694825030326,0.7954972878283689,0.12312312312312312,0.7334749778290769,0.6933388009318361,666,44400
2,densenet121,pretrained,gs50,adaptive,train,gs50,1337,3,1,subject_level,0.16216216216216217,0.3783783783783784,0.8293444640464611,0.005736711594435546,0.010592371756043117,0.870324632447049,0.18018018018018017,0.8095910597491909,0.7653105120080396,222,49062
2,densenet121,pretrained,gs50,adaptive,test,gs50,1337,3,1,slice_level,0.17391304347826086,0.5217391304347826,0.7813925820848217,0.00955169097236965,0.014901548057146694,0.7630333263320032,0.10628019323671498,0.7330485884694086,0.6958443094552427,207,13800
2,densenet121,pretrained,gs50,adaptive,test,gs50,1337,3,1,subject_level,0.15942028985507245,0.5072463768115942,0.8257653704587964,0.008038066435551298,0.031627428515449814,0.835053807282207,0.17391304347826086,0.8077080707619155,0.7668087048883226,69,4692
2,densenet121,pretrained,gs50,blind,train,raw,1337,3,1,slice_level,0.5495495495495496,0.7027027027027027,0.9989954174101889,0.00039347657212265977,0.0016556843933817167,0.8363561703595488,0.36486486486486486,0.9966361532519171,0.9920394561849198,666,44400
2,densenet121,pretrained,gs50,blind,train,raw,1337,3,1,subject_level,0.45045045045045046,0.5900900900900901,0.9987432033092052,0.00041655055037489883,0.004873321830034927,0.8926314415185639,0.42342342342342343,0.9977567679173237,0.9931543400338556,222,49062
2,densenet121,pretrained,gs50,blind,test,raw,1337,3,1,slice_level,0.5652173913043478,0.7101449275362319,0.9988515299299489,0.0004683465197466422,0.0052821831845178985,0.8311305398025625,0.30434782608695654,0.996813186124903,0.9924639373283455,207,13800
2,densenet121,pretrained,gs50,blind,test,raw,1337,3,1,subject_level,0.5217391304347826,0.7101449275362319,0.9986933815306511,0.0006389306939166526,0.015566878803614258,0.8879854084040674,0.391304347826087,0.9979370892911718,0.9935777569340521,69,4692
3,densenet121,pretrained,gs50,adaptive,train,gs50,1337,3,1,slice_level,0.12162162162162163,0.31981981981981983,0.8009320202174487,0.006850657162365613,0.006284891624582579,0.8264055609663719,0.13963963963963963,0.7507506230392972,0.6872433795162418,666,44400
3,densenet121,pretrained,gs50,adaptive,train,gs50,1337,3,1,subject_level,0.17117117117117117,0.38288288288288286,0.8435796182434838,0.005767274547267605,0.013662519428442727,0.8726230663830028,0.19369369369369369,0.8218986558484601,0.7527084881964103,222,49062
3,densenet121,pretrained,gs50,adaptive,test,gs50,1337,3,1,slice_level,0.13043478260869565,0.5072463768115942,0.7893686821495277,0.008171560971633247,0.014599268108714317,0.7713069733249317,0.1111111111111111,0.7423871816068456,0.7038102299234141,207,13800
3,densenet121,pretrained,gs50,adaptive,test,gs50,1337,3,1,subject_level,0.2028985507246377,0.5362318840579711,0.833196625329446,0.00660667644030806,0.031007679611228516,0.8515604729604508,0.11594202898550725,0.8165232504623524,0.7743036764636573,69,4692
3,densenet121,pretrained,gs50,blind,train,raw,1337,3,1,slice_level,0.5720720720720721,0.6756756756756757,0.9989067270412101,0.0004000851699897835,0.0016473283837045972,0.8251824121418716,0.36186186186186187,0.9965796037479205,0.9923416649476365,666,44400
3,densenet121,pretrained,gs50,blind,train,raw,1337,3,1,subject_level,0.4189189189189189,0.6216216216216216,0.9986703242804553,0.0004722043737634882,0.004848341623254053,0.8864999278353809,0.4099099099099099,0.9977124472996136,0.9934579503931791,222,49062
3,densenet121,pretrained,gs50,blind,test,raw,1337,3,1,slice_level,0.7681159420289855,0.8695652173913043,0.9988804209059563,0.0006050631619881892,0.005268565655780443,0.8569321921165021,0.3961352657004831,0.9970079669054004,0.9926850048916928,207,13800
3,densenet121,pretrained,gs50,blind,test,raw,1337,3,1,subject_level,0.6811594202898551,0.782608695652174,0.9985697070757548,0.0007960286693296571,0.015508965872552084,0.905194781126061,0.5072463768115942,0.9980555928271749,0.9937295450273987,69,4692
4,densenet121,pretrained,gs50,adaptive,train,gs50,1337,3,1,slice_level,0.10810810810810811,0.24324324324324326,0.8116193327817831,0.006933389751760809,0.0047045620179290435,0.7504473392311231,0.08558558558558559,0.758915994797383,0.7255836139417984,666,44400
4,densenet121,pretrained,gs50,adaptive,train,gs50,1337,3,1,subject_level,0.1036036036036036,0.32882882882882886,0.8503403746866965,0.005260744610348264,0.009769519476371037,0.8268251129936346,0.12162162162162163,0.8287182965794125,0.792342891840019,222,49062
4,densenet121,pretrained,gs50,adaptive,test,gs50,1337,3,1,slice_level,0.15942028985507245,0.5362318840579711,0.8061843825423199,0.010142074978869894,0.014980918403876864,0.7720594412938458,0.12077294685990338,0.7606579903243245,0.7198968407338944,207,13800
4,densenet121,pretrained,gs50,adaptive,test,gs50,1337,3,1,subject_level,0.2028985507246377,0.5942028985507246,0.8451672179111536,0.00680689016977946,0.03161699392333411,0.8447496200748731,0.17391304347826086,0.8294538164484329,0.7851118184721378,69,4692
4,densenet121,pretrained,gs50,blind,train,raw,1337,3,1,slice_level,0.527027027027027,0.6711711711711712,0.9987644864632202,0.0004121833019428425,0.0016859778594267598,0.8041919284149014,0.31681681681681684,0.9955034869032221,0.9905164347736685,666,44400
4,densenet121,pretrained,gs50,blind,train,raw,1337,3,1,subject_level,0.35585585585585583,0.5855855855855856,0.9984643129078118,0.0004532404311068423,0.004932987671513278,0.8657563641665391,0.4099099099099099,0.9970331449766416,0.9920325957323413,222,49062
4,densenet121,pretrained,gs50,blind,test,raw,1337,3,1,slice_level,0.6811594202898551,0.7971014492753623,0.998626462791277,0.0006929713746775751,0.00541181701734878,0.8124441643912342,0.36231884057971014,0.9952281667414494,0.9905039531338042,207,13800
4,densenet121,pretrained,gs50,blind,test,raw,1337,3,1,subject_level,0.4782608695652174,0.7391304347826086,0.9982035695642665,0.0006768850312716719,0.01580566634842451,0.8619929698407405,0.43478260869565216,0.9967279710631439,0.9919981963341803,69,4692
0,densenet121,scratch,raw,adaptive,train,raw,1337,3,1,slice_level,0.7058823529411765,0.8054298642533937,0.9823778123337759,0.004252848312326147,0.004078542038258924,0.9225343290814412,0.4796380090497738,0.9666744473293356,0.9018936609776851,663,44200
0,densenet121,scratch,raw,adaptive,train,raw,1337,3,1,subject_level,0.5656108597285068,0.7601809954751131,0.9829898778669435,0.004118147209219263,0.010834452763570649,0.959829297665337,0.6244343891402715,0.9779354382424333,0.9126833589110831,221,48620
0,densenet121,scratch,raw,adaptive,test,raw,1337,3,1,slice_level,0.7714285714285715,0.8714285714285714,0.9829598588602884,0.005028843028204781,0.012888893445155451,0.9004350340136056,0.4714285714285714,0.9647402962048849,0.9008679532068117,210,14000
0,densenet121,scratch,raw,adaptive,test,raw,1337,3,1,subject_level,0.5428571428571428,0.8285714285714286,0.982603850534984,0.006800545113427299,0.03391334563493729,0.9394498669032831,0.5285714285714286,0.9755356311798096,0.9110935292505576,70,4830
1,densenet121,scratch,raw,adaptive,train,raw,1337,3,1,slice_level,0.6470588235294118,0.7873303167420814,0.98859610169182,0.0036304444748891424,0.006080492395418802,0.9162043501702805,0.45852187028657615,0.9702720758062682,0.7980388652199534,663,44200
1,densenet121,scratch,raw,adaptive,train,raw,1337,3,1,subject_level,0.5520361990950227,0.7013574660633484,0.9873663168147678,0.0042668311304636134,0.016099939447284016,0.9411829387009051,0.5927601809954751,0.9795104758771835,0.8060431076507174,221,48620
1,densenet121,scratch,raw,adaptive,test,raw,1337,3,1,slice_level,0.7714285714285715,0.9142857142857143,0.9853620299271175,0.005358704498835972,0.017282913199492864,0.881081462585034,0.4523809523809524,0.9629995138872237,0.8713708521063839,210,14000
1,densenet121,scratch,raw,adaptive,test,raw,1337,3,1,subject_level,0.6857142857142857,0.8142857142857143,0.9840477517672948,0.007017826182501657,0.04606376104056835,0.9370984915705413,0.5571428571428572,0.9779107221535274,0.8846347825312466,70,4830
2,densenet121,scratch,raw,adaptive,train,raw,1337,3,1,slice_level,0.6261261261261262,0.7342342342342343,0.9904633161720929,0.0030301607943869924,0.007335287688702748,0.9010787476665855,0.16516516516516516,0.9654064953506172,0.7178067708606118,666,44400
2,densenet121,scratch,raw,adaptive,train,raw,1337,3,1,subject_level,0.42792792792792794,0.6306306306306306,0.9889177118872737,0.003661286991995734,0.020128841222440068,0.927508620274916,0.1891891891891892,0.9779890101772171,0.7267603811387923,222,49062
2,densenet121,scratch,raw,adaptive,test,raw,1337,3,1,slice_level,0.5362318840579711,0.7536231884057971,0.9874341332394144,0.004409245822740638,0.022142203173775604,0.8620027305187985,0.36231884057971014,0.94235533763821,0.7679208778276824,207,13800
2,densenet121,scratch,raw,adaptive,test,raw,1337,3,1,subject_level,0.42028985507246375,0.6086956521739131,0.985387631084608,0.005206240260082743,0.05990675124137298,0.888357611475592,0.43478260869565216,0.9589069684346517,0.781884785141329,69,4692
3,densenet121,scratch,raw,adaptive,train,raw,1337,3,1,slice_level,0.5585585585585585,0.7252252252252253,0.9867422288065558,0.002983086549483978,0.006732793263713452,0.895158131104077,0.2222222222222222,0.9595291571574168,0.7890598867498002,666,44400
3,densenet121,scratch,raw,adaptive,train,raw,1337,3,1,subject_level,0.38738738738738737,0.5585585585585585,0.9867774425326167,0.0034551692975533974,0.018198708764503937,0.924819478277348,0.25225225225225223,0.97280989359091,0.8005412392290002,222,49062
3,densenet121,scratch,raw,adaptive,test,raw,1337,3,1,slice_level,0.5652173913043478,0.7391304347826086,0.9861623808957528,0.004102058168770611,0.01923006121069193,0.8615887768676049,0.2608695652173913,0.9511570046489365,0.8229606786543044,207,13800
3,densenet121,scratch,raw,adaptive,test,raw,1337,3,1,subject_level,0.43478260869565216,0.6231884057971014,0.9848063380821891,0.00548128200613934,0.05103241717037947,0.9017105897179287,0.3333333333333333,0.9670637439990389,0.8370735234718291,69,4692
4,densenet121,scratch,raw,adaptive,train,raw,1337,3,1,slice_level,0.6846846846846847,0.7657657657657657,0.9819410260733183,0.004070676124847687,0.004062198613233327,0.8894327266455646,0.46396396396396394,0.9618495214092839,0.9014295516317492,666,44400
4,densenet121,scratch,raw,adaptive,train,raw,1337,3,1,subject_level,0.5135135135135135,0.6621621621621622,0.9827933998795243,0.004318236499219327,0.010712708285716068,0.9364610268823306,0.581081081081081,0.9748443510081317,0.9137439560821679,222,49062
4,densenet121,scratch,raw,adaptive,test,raw,1337,3,1,slice_level,0.6956521739130435,0.8260869565217391,0.9807432743086331,0.005563894907633464,0.01297046874474356,0.8757944759504306,0.3961352657004831,0.959050490660368,0.9016526975839034,207,13800
4,densenet121,scratch,raw,adaptive,test,raw,1337,3,1,subject_level,0.5797101449275363,0.7536231884057971,0.9812164367109105,0.006270559801571611,0.034178600309119705,0.9166048902232601,0.5507246376811594,0.9716159217599509,0.9135281045215311,69,4692
0,densenet121,scratch,gs0,adaptive,train,gs0,1337,3,1,slice_level,0.755656108597285,0.8371040723981901,0.9854968462594494,0.004020372666924248,0.0054104377049952745,0.9196576134804776,0.5279034690799397,0.9688850020930778,0.8568587797077802,663,44200
0,densenet121,scratch,gs0,adaptive,train,gs0,1337,3,1,subject_level,0.6063348416289592,0.7420814479638009,0.9858726988550764,0.004357024285588329,0.01473420592050207,0.9500238715237385,0.6108597285067874,0.9794035723845883,0.8665882454689321,221,48620
0,densenet121,scratch,gs0,adaptive,test,gs0,1337,3,1,slice_level,0.7714285714285715,0.8571428571428571,0.9841973534652165,0.004912123509815761,0.014813870204878704,0.908889455782313,0.4714285714285714,0.9672838054952168,0.8803302172550134,210,14000
0,densenet121,scratch,gs0,adaptive,test,gs0,1337,3,1,subject_level,0.6571428571428571,0.8142857142857143,0.9847036140305655,0.00850717340196882,0.04044374264776707,0.9466400473232771,0.6714285714285714,0.9784278239522661,0.8902898265461497,70,4830
0,densenet121,scratch,gs0,blind,train,raw,1337,3,1,slice_level,0.6561085972850679,0.7782805429864253,0.9971102012228642,0.0010688108017002295,0.002010371041383038,0.8391657794339455,0.39215686274509803,0.9905375802319154,0.9759339223067146,663,44200
0,densenet121,scratch,gs0,blind,train,raw,1337,3,1,subject_level,0.39819004524886875,0.5656108597285068,0.9966773323343889,0.0009110300249643455,0.005760066126941016,0.8924639042086473,0.4434389140271493,0.993665604300089,0.9790512362756341,221,48620
0,densenet121,scratch,gs0,blind,test,raw,1337,3,1,slice_level,0.7142857142857143,0.8714285714285714,0.9970711043902806,0.0012488697256360735,0.006229374052158424,0.8419319727891157,0.4142857142857143,0.991014749379385,0.9773542861853327,210,14000
0,densenet121,scratch,gs0,blind,test,raw,1337,3,1,subject_level,0.5,0.7142857142857143,0.9963459857872554,0.0015027948788234166,0.01779901853629521,0.8864670215912451,0.4857142857142857,0.9939149848052433,0.98023099021882,70,4830
1,densenet121,scratch,gs0,adaptive,train,gs0,1337,3,1,slice_level,0.7782805429864253,0.9004524886877828,0.9876351175804483,0.004052329926469207,0.005410488826597775,0.9367386348900856,0.5414781297134238,0.9758244837391251,0.8397780789225889,663,44200
1,densenet121,scratch,gs0,adaptive,train,gs0,1337,3,1,subject_level,0.665158371040724,0.8235294117647058,0.9874141016696912,0.003979371413925654,0.014850651630415367,0.9596315781636516,0.6968325791855203,0.9835989523797014,0.8461758381720434,221,48620
1,densenet121,scratch,gs0,adaptive,test,gs0,1337,3,1,slice_level,0.8857142857142857,0.9,0.9858790985175542,0.005419244936534336,0.014739329594054393,0.8828967687074829,0.5333333333333333,0.9639282669339861,0.8846740291118622,210,14000
1,densenet121,scratch,gs0,adaptive,test,gs0,1337,3,1,subject_level,0.6428571428571429,0.7714285714285715,0.984153664112091,0.006670596769877843,0.03829911095755441,0.9392250813368825,0.6142857142857143,0.9776282336030687,0.8972056990824872,70,4830
1,densenet121,scratch,gs0,blind,train,raw,1337,3,1,slice_level,0.6153846153846154,0.746606334841629,0.9971312705208274,0.001004931613870336,0.001998028528299267,0.8488144182142052,0.3936651583710407,0.9911989049134751,0.9764668110754695,663,44200
1,densenet121,scratch,gs0,blind,train,raw,1337,3,1,subject_level,0.4253393665158371,0.5746606334841629,0.996833156676314,0.0008845822843491222,0.005749917077111308,0.9012241950224382,0.4660633484162896,0.9941121854933139,0.9793315999525557,221,48620
1,densenet121,scratch,gs0,blind,test,raw,1337,3,1,slice_level,0.6428571428571429,0.8142857142857143,0.9968552972589221,0.0010570483548300606,0.006275432936048934,0.8325928571428571,0.41904761904761906,0.9899295977183751,0.9764527152308395,210,14000
1,densenet121,scratch,gs0,blind,test,raw,1337,3,1,subject_level,0.6,0.6857142857142857,0.9964386888912746,0.0015045225620269776,0.017916904389858247,0.8838716356107661,0.5714285714285714,0.9934209815093449,0.9798988439528344,70,4830
2,densenet121,scratch,gs0,adaptive,train,gs0,1337,3,1,slice_level,0.7477477477477478,0.8513513513513513,0.9833534961348182,0.0038384945542962704,0.004082473562317187,0.9104739367746125,0.5315315315315315,0.9676470915834468,0.8968367669979731,666,44400
2,densenet121,scratch,gs0,adaptive,train,gs0,1337,3,1,subject_level,0.6036036036036037,0.7387387387387387,0.9844363745268401,0.004460194357880601,0.011108005184445295,0.9492960460766503,0.6441441441441441,0.9786192055221077,0.9069409955875022,222,49062
2,densenet121,scratch,gs0,adaptive,test,gs0,1337,3,1,slice_level,0.8115942028985508,0.8985507246376812,0.9827606798945994,0.00387600971304852,0.012246756342010221,0.916703073583981,0.5410628019323671,0.9697978099187216,0.9001294491861177,207,13800
2,densenet121,scratch,gs0,adaptive,test,gs0,1337,3,1,subject_level,0.6666666666666666,0.8405797101449275,0.983954111735026,0.005619027476379837,0.03339860744882321,0.9489263254135933,0.5797101449275363,0.979606378769529,0.9092686038213414,69,4692
2,densenet121,scratch,gs0,blind,train,raw,1337,3,1,slice_level,0.6576576576576577,0.7657657657657657,0.9957720774251062,0.0014409696733629382,0.0022031435242703032,0.851686230149068,0.42792792792792794,0.98764495251773,0.9667958188164342,666,44400
2,densenet121,scratch,gs0,blind,train,raw,1337,3,1,subject_level,0.5,0.6486486486486487,0.9954034804223894,0.0012800744524947157,0.006254192246627566,0.8996218151623557,0.5315315315315315,0.991775910059611,0.9707158394596763,222,49062
2,densenet121,scratch,gs0,blind,test,raw,1337,3,1,slice_level,0.6666666666666666,0.8260869565217391,0.9953053153079489,0.0012737892676090848,0.0069391244037103825,0.8616633410347966,0.3864734299516908,0.9886131136889619,0.9671454203949459,207,13800
2,densenet121,scratch,gs0,blind,test,raw,1337,3,1,subject_level,0.5362318840579711,0.7391304347826086,0.9950926692589469,0.0020226240158081055,0.019804852974155674,0.9041044268999345,0.5652173913043478,0.9924998378408127,0.9709082295370224,69,4692
3,densenet121,scratch,gs0,adaptive,train,gs0,1337,3,1,slice_level,0.7342342342342343,0.8468468468468469,0.9884632176107114,0.0034385374537459364,0.005771958355179375,0.9149189730270811,0.4954954954954955,0.9717338889747769,0.8088116508245736,666,44400
3,densenet121,scratch,gs0,adaptive,train,gs0,1337,3,1,subject_level,0.5225225225225225,0.7027027027027027,0.988290788085611,0.0034754633366524635,0.01570640946948179,0.9451637494165317,0.5990990990990991,0.9814099666771589,0.8168712302099054,222,49062
3,densenet121,scratch,gs0,adaptive,test,gs0,1337,3,1,slice_level,0.7536231884057971,0.8405797101449275,0.9862267331800599,0.005239701789358388,0.01708683013862026,0.8546746131765035,0.463768115942029,0.9565190704548416,0.8674280845168708,207,13800
3,densenet121,scratch,gs0,adaptive,test,gs0,1337,3,1,subject_level,0.5652173913043478,0.7536231884057971,0.9841977841612222,0.007184788800668025,0.04395594585524953,0.9049136983085609,0.5072463768115942,0.9710671512976937,0.8807260590618935,69,4692
3,densenet121,scratch,gs0,blind,train,raw,1337,3,1,slice_level,0.6891891891891891,0.7657657657657657,0.9978084889081147,0.0008433979373794418,0.0018973596675136873,0.8209994284825366,0.42492492492492495,0.9918096856669979,0.9807610447181238,666,44400
3,densenet121,scratch,gs0,blind,train,raw,1337,3,1,subject_level,0.4594594594594595,0.5675675675675675,0.997442364692688,0.0008373550466589026,0.005462823039222811,0.8777492791801218,0.5135135135135135,0.9946000930425283,0.9835112416033768,222,49062
3,densenet121,scratch,gs0,blind,test,raw,1337,3,1,slice_level,0.7391304347826086,0.8695652173913043,0.9977123305417489,0.0010421898054039996,0.0061063932565351324,0.855420079815165,0.463768115942029,0.9929500063836286,0.9805698546637659,207,13800
3,densenet121,scratch,gs0,blind,test,raw,1337,3,1,subject_level,0.5942028985507246,0.7536231884057971,0.997173862180848,0.0013931713242461715,0.01756233416929625,0.9090650753054845,0.5217391304347826,0.9955988725026449,0.9831994503914344,69,4692
4,densenet121,scratch,gs0,adaptive,train,gs0,1337,3,1,slice_level,0.7792792792792793,0.8423423423423423,0.9823064978595253,0.003428617039242306,0.0035533862563924077,0.8917653464275086,0.545045045045045,0.9663541775207978,0.9101256699645305,666,44400
4,densenet121,scratch,gs0,adaptive,train,gs0,1337,3,1,subject_level,0.5855855855855856,0.7072072072072072,0.9841806077742362,0.003968529067597947,0.009694225479940977,0.9325479784541787,0.6441441441441441,0.9773141760546882,0.9204856432923617,222,49062
4,densenet121,scratch,gs0,adaptive,test,gs0,1337,3,1,slice_level,0.8115942028985508,0.9710144927536232,0.9814386557841647,0.004520607167395992,0.011304231360554695,0.9218784569068122,0.5217391304347826,0.9691468382227248,0.9075231244641802,207,13800
4,densenet121,scratch,gs0,adaptive,test,gs0,1337,3,1,subject_level,0.6231884057971014,0.8840579710144928,0.9823294532471809,0.004553597906361456,0.030487475592804993,0.9674129261030185,0.5362318840579711,0.9792944357015084,0.9171063076555475,69,4692
4,densenet121,scratch,gs0,blind,train,raw,1337,3,1,slice_level,0.6216216216216216,0.7252252252252253,0.9953780869642893,0.0012939762961757075,0.0020901356710473426,0.8099071199577956,0.3663663663663664,0.9868118273424314,0.9706801895931497,666,44400
4,densenet121,scratch,gs0,blind,train,raw,1337,3,1,subject_level,0.42342342342342343,0.545045045045045,0.9952603334242159,0.001090199023753673,0.0059338526544370895,0.8597915360633963,0.43243243243243246,0.9911472383920137,0.9749743664902736,222,49062
4,densenet121,scratch,gs0,blind,test,raw,1337,3,1,slice_level,0.6956521739130435,0.8115942028985508,0.9950437623521556,0.0016343196233113606,0.0069757681677414885,0.834388258769166,0.37681159420289856,0.9873998303344285,0.9668823274494945,207,13800
4,densenet121,scratch,gs0,blind,test,raw,1337,3,1,subject_level,0.463768115942029,0.782608695652174,0.9944305186686309,0.0013833158258078754,0.01972799394549667,0.8984518823282306,0.36231884057971014,0.9915472916934801,0.9709283209517788,69,4692
0,densenet121,scratch,gs10,adaptive,train,gs10,1337,3,1,slice_level,0.6153846153846154,0.746606334841629,0.9883098200435552,0.0030930934987995957,0.007350569476091147,0.8932257051793917,0.35444947209653094,0.9616678735609328,0.7590910799835062,663,44200
0,densenet121,scratch,gs10,adaptive,train,gs10,1337,3,1,subject_level,0.4434389140271493,0.6153846153846154,0.9873828019491687,0.0035149503617265105,0.02021987203137772,0.9207641307321904,0.38461538461538464,0.9744569726659162,0.7702923970573579,221,48620
0,densenet121,scratch,gs10,adaptive,test,gs10,1337,3,1,slice_level,0.6428571428571429,0.7571428571428571,0.9880452258246285,0.004629167488643102,0.026026411740375417,0.8530166666666668,0.3142857142857143,0.9324577595506396,0.745210350247366,210,14000
0,densenet121,scratch,gs10,adaptive,test,gs10,1337,3,1,subject_level,0.4142857142857143,0.6857142857142857,0.9846293015139443,0.0074886304991585865,0.071461014768907,0.9072108843537415,0.3142857142857143,0.9599012672901154,0.7676589479912882,70,4830
0,densenet121,scratch,gs10,blind,train,raw,1337,3,1,slice_level,0.5882352941176471,0.7058823529411765,0.9989587524357963,0.00042200439116534064,0.0017957616001114721,0.8223176224893021,0.35444947209653094,0.9951296153830906,0.9862910317133994,663,44200
0,densenet121,scratch,gs10,blind,train,raw,1337,3,1,subject_level,0.3212669683257919,0.4796380090497738,0.998687448005331,0.0003526515550742861,0.005255936295198639,0.8725571939372844,0.34841628959276016,0.9967458159136017,0.9878609094414775,221,48620
0,densenet121,scratch,gs10,blind,test,raw,1337,3,1,slice_level,0.6857142857142857,0.7714285714285715,0.9989498989922659,0.0005968400410243444,0.005640368782249944,0.8240006802721088,0.3761904761904762,0.9953224187805539,0.9865958351237434,210,14000
0,densenet121,scratch,gs10,blind,test,raw,1337,3,1,subject_level,0.4142857142857143,0.6857142857142857,0.9985297177519117,0.0008316687175205776,0.016488282449011293,0.8583614315291334,0.4,0.9968406694275992,0.9880965947611238,70,4830
1,densenet121,scratch,gs10,adaptive,train,gs10,1337,3,1,slice_level,0.7194570135746606,0.8506787330316742,0.9807910743881675,0.0028664431960334605,0.003446352892508941,0.9089414801771735,0.46907993966817496,0.9680600553795943,0.9109904829045227,663,44200
1,densenet121,scratch,gs10,adaptive,train,gs10,1337,3,1,subject_level,0.5339366515837104,0.7194570135746606,0.9834959102432113,0.002847861920007214,0.009539367702717964,0.9468252734755265,0.5475113122171946,0.9784680723604573,0.9208291163259649,221,48620
1,densenet121,scratch,gs10,adaptive,test,gs10,1337,3,1,slice_level,0.7,0.9142857142857143,0.9798636087349483,0.003134282146181379,0.010337852334071482,0.8820545918367346,0.4380952380952381,0.9639637021791367,0.9154449528881482,210,14000
1,densenet121,scratch,gs10,adaptive,test,gs10,1337,3,1,subject_level,0.6142857142857143,0.8285714285714286,0.9825598759310586,0.004624480860573905,0.028138789534568786,0.9255161194912748,0.5571428571428572,0.9764282277652195,0.9273587345336535,70,4830
1,densenet121,scratch,gs10,blind,train,raw,1337,3,1,slice_level,0.5701357466063348,0.7058823529411765,0.9956518414333395,0.0012273348834180185,0.0022044251778276795,0.842691147464903,0.38009049773755654,0.9875697488159076,0.9665912139833782,663,44200
1,densenet121,scratch,gs10,blind,train,raw,1337,3,1,subject_level,0.4253393665158371,0.5475113122171946,0.9954959990212281,0.001028132384718813,0.006273308726727153,0.8928218839983546,0.4841628959276018,0.9917445913698878,0.9708156133313475,221,48620
1,densenet121,scratch,gs10,blind,test,raw,1337,3,1,slice_level,0.6285714285714286,0.7285714285714285,0.9954395881720952,0.0014627090522221157,0.006861581174390657,0.822404931972789,0.3952380952380952,0.9853365381558736,0.9676288004176957,210,14000
1,densenet121,scratch,gs10,blind,test,raw,1337,3,1,subject_level,0.5714285714285714,0.7142857142857143,0.9949854075908661,0.0016983943326132637,0.01930108756891319,0.8806388642413489,0.5,0.990280009167535,0.9725275292036203,70,4830
2,densenet121,scratch,gs10,adaptive,train,gs10,1337,3,1,slice_level,0.7207207207207207,0.8198198198198198,0.9832718707956709,0.0033468005356487927,0.00504626982073459,0.9192686436436437,0.4744744744744745,0.9661024024894646,0.8673760541407644,666,44400
2,densenet121,scratch,gs10,adaptive,train,gs10,1337,3,1,subject_level,0.5315315315315315,0.7162162162162162,0.984944061653034,0.0037168833586546752,0.013894577674265648,0.9517124590654003,0.6351351351351351,0.9777316429593541,0.8780872796526122,222,49062
2,densenet121,scratch,gs10,adaptive,test,gs10,1337,3,1,slice_level,0.7391304347826086,0.8985507246376812,0.9819735115852909,0.0034798331882642665,0.013864035124256126,0.9141066302597494,0.5314009661835749,0.9672924455813163,0.8834823799889157,207,13800
2,densenet121,scratch,gs10,adaptive,test,gs10,1337,3,1,subject_level,0.6666666666666666,0.8115942028985508,0.9839136721431345,0.006939008616018987,0.03837101409832636,0.9397432571012021,0.6086956521739131,0.9778898375621741,0.8934686779467753,69,4692
2,densenet121,scratch,gs10,blind,train,raw,1337,3,1,slice_level,0.6261261261261262,0.7387387387387387,0.99767773725965,0.0007963215445613001,0.001935411163874239,0.834558984660336,0.3993993993993994,0.9922276598376196,0.9791031219186009,666,44400
2,densenet121,scratch,gs10,blind,train,raw,1337,3,1,subject_level,0.49099099099099097,0.6306306306306306,0.9973744970184188,0.0007740315553304312,0.005591710790286999,0.8875188169703273,0.4954954954954955,0.9948912985153027,0.981669924321971,222,49062
2,densenet121,scratch,gs10,blind,test,raw,1337,3,1,slice_level,0.6521739130434783,0.8260869565217391,0.9974203705787659,0.0008580943812494693,0.006130702003998601,0.8496361058601134,0.3671497584541063,0.9926587061029701,0.9795676746143811,207,13800
2,densenet121,scratch,gs10,blind,test,raw,1337,3,1,subject_level,0.5652173913043478,0.7536231884057971,0.9971517056658648,0.0012910046439239945,0.017741850212864254,0.8953105501810049,0.5217391304347826,0.9952019608539083,0.9820904982516833,69,4692
3,densenet121,scratch,gs10,adaptive,train,gs10,1337,3,1,slice_level,0.6576576576576577,0.7837837837837838,0.9830216867429716,0.0025889529838218346,0.0050406164409978705,0.8865130840299759,0.42342342342342343,0.9616324795080019,0.8723683986040923,666,44400
3,densenet121,scratch,gs10,adaptive,train,gs10,1337,3,1,subject_level,0.49099099099099097,0.6441441441441441,0.985029330661705,0.0030629280451181773,0.01387696078063937,0.9199699883324683,0.5225225225225225,0.9745366726372693,0.8843126902215893,222,49062
3,densenet121,scratch,gs10,adaptive,test,gs10,1337,3,1,slice_level,0.782608695652174,0.855072463768116,0.9829300089158873,0.003753010777459628,0.01190052192280258,0.8546908912693412,0.45893719806763283,0.9615238769618786,0.8974670936966288,207,13800
3,densenet121,scratch,gs10,adaptive,test,gs10,1337,3,1,subject_level,0.5217391304347826,0.7101449275362319,0.9838595018870588,0.00451256917870563,0.03234657286193924,0.8976580550304558,0.5507246376811594,0.9741226348324098,0.9092375915576938,69,4692
3,densenet121,scratch,gs10,blind,train,raw,1337,3,1,slice_level,0.6396396396396397,0.7567567567567568,0.9972491320726034,0.0009614293639724319,0.001943593195048035,0.8229867536455373,0.41291291291291293,0.9909622604782516,0.9781820952798332,666,44400
3,densenet121,scratch,gs10,blind,train,raw,1337,3,1,subject_level,0.4369369369369369,0.581081081081081,0.9970313691878104,0.0008427820227167628,0.005594042788452662,0.8774509803921569,0.4864864864864865,0.9940303974860424,0.9812331283910358,222,49062
3,densenet121,scratch,gs10,blind,test,raw,1337,3,1,slice_level,0.782608695652174,0.855072463768116,0.9971142264379971,0.001121705856876097,0.006184061867711337,0.8518402996569349,0.46859903381642515,0.9920892119407654,0.9789257166264713,207,13800
3,densenet121,scratch,gs10,blind,test,raw,1337,3,1,subject_level,0.5797101449275363,0.7391304347826086,0.9967604072197623,0.0013605433961619501,0.017799699706011925,0.898473504083423,0.5507246376811594,0.9948923164519711,0.9816814225678351,69,4692
4,densenet121,scratch,gs10,adaptive,train,gs10,1337,3,1,slice_level,0.7387387387387387,0.8288288288288288,0.9811421138746245,0.0027505570166819803,0.0034806190702544007,0.8862330235641047,0.5045045045045045,0.9644229527529296,0.9094973402047479,666,44400
4,densenet121,scratch,gs10,adaptive,train,gs10,1337,3,1,subject_level,0.5585585585585585,0.6936936936936937,0.9837875001065366,0.0030241066271120363,0.009542595720975785,0.9275049018689718,0.6081081081081081,0.9761704179617736,0.9209941402554517,222,49062
4,densenet121,scratch,gs10,adaptive,test,gs10,1337,3,1,slice_level,0.7536231884057971,0.927536231884058,0.980118907880092,0.0034099825914355292,0.011211019049844017,0.9118059931386963,0.4444444444444444,0.9669597615366397,0.9060297788355661,207,13800
4,densenet121,scratch,gs10,adaptive,test,gs10,1337,3,1,subject_level,0.4782608695652174,0.8840579710144928,0.9813610876815907,0.004080986631089362,0.030250277505188748,0.9581680813472206,0.463768115942029,0.9776564793310304,0.916028342524961,69,4692
4,densenet121,scratch,gs10,blind,train,raw,1337,3,1,slice_level,0.6891891891891891,0.7792792792792793,0.9971563679140967,0.0010657380293081472,0.001911825320037367,0.8401578267456646,0.45495495495495497,0.9914307898587292,0.979540344714313,666,44400
4,densenet121,scratch,gs10,blind,train,raw,1337,3,1,subject_level,0.509009009009009,0.6261261261261262,0.9968135883142283,0.0009601038318496567,0.0055009284379749415,0.888104351140917,0.4954954954954955,0.9942526986470094,0.9823677542498185,222,49062
4,densenet121,scratch,gs10,blind,test,raw,1337,3,1,slice_level,0.7391304347826086,0.8405797101449275,0.9969526218331378,0.0013968728590702665,0.006367477986529685,0.8629886928516419,0.4492753623188406,0.9917578216336199,0.9765519635919212,207,13800
4,densenet121,scratch,gs10,blind,test,raw,1337,3,1,subject_level,0.5942028985507246,0.8115942028985508,0.9961458539617234,0.0013369477313497791,0.018217851934225662,0.922838133362986,0.5217391304347826,0.9945046521615291,0.97925666664415,69,4692
0,densenet121,scratch,gs20,adaptive,train,gs20,1337,3,1,slice_level,0.583710407239819,0.7013574660633484,0.9862135743123913,0.002527949227466842,0.006143599735969062,0.8975051186503143,0.3152337858220211,0.9642209098709474,0.7878519608626539,663,44200
0,densenet121,scratch,gs20,adaptive,train,gs20,1337,3,1,subject_level,0.37104072398190047,0.5565610859728507,0.9869342600058646,0.0026079249058373914,0.01669295269540802,0.925167100666169,0.38461538461538464,0.976050740992861,0.7981391395967422,221,48620
0,densenet121,scratch,gs20,adaptive,test,gs20,1337,3,1,slice_level,0.5285714285714286,0.7285714285714285,0.9845102122851781,0.004067642348153251,0.020864898631615298,0.866291836734694,0.29523809523809524,0.9453199270225706,0.8114894430488347,210,14000
0,densenet121,scratch,gs20,adaptive,test,gs20,1337,3,1,subject_level,0.35714285714285715,0.6714285714285714,0.9834220962865012,0.006443450280598232,0.05526328842554774,0.910905057675244,0.38571428571428573,0.964669166292463,0.8286495158822887,70,4830
0,densenet121,scratch,gs20,blind,train,raw,1337,3,1,slice_level,0.6515837104072398,0.7963800904977375,0.9976044585801896,0.001072994724118332,0.002058711221096068,0.8626412747486742,0.4298642533936652,0.9913939483924509,0.9744064008299581,663,44200
0,densenet121,scratch,gs20,blind,train,raw,1337,3,1,subject_level,0.3891402714932127,0.5746606334841629,0.9970395616276772,0.0010473231924065637,0.005915463992659997,0.9150550208375601,0.46153846153846156,0.9942795073284822,0.9773234276651894,221,48620
0,densenet121,scratch,gs20,blind,test,raw,1337,3,1,slice_level,0.7571428571428571,0.8857142857142857,0.9974864457334791,0.0013334103993007116,0.006418245950979846,0.8659892857142857,0.44285714285714284,0.9917131528967903,0.9754865314705031,210,14000
0,densenet121,scratch,gs20,blind,test,raw,1337,3,1,subject_level,0.5571428571428572,0.7285714285714285,0.9967095008918218,0.0018744230270385741,0.01839874658201422,0.900229222123632,0.5428571428571428,0.9943904544625963,0.9781115022011672,70,4830
1,densenet121,scratch,gs20,adaptive,train,gs20,1337,3,1,slice_level,0.7058823529411765,0.7918552036199095,0.9811500828730035,0.0025565065949211293,0.0039926568884823925,0.8874267350518348,0.42835595776772245,0.962352410251019,0.8864574014001033,663,44200
1,densenet121,scratch,gs20,adaptive,train,gs20,1337,3,1,subject_level,0.4660633484162896,0.6380090497737556,0.9839007630607122,0.0028519433548008155,0.011102947069340431,0.9267518813366564,0.5067873303167421,0.9748281547926131,0.8983425102021556,221,48620
1,densenet121,scratch,gs20,adaptive,test,gs20,1337,3,1,slice_level,0.7428571428571429,0.8714285714285714,0.980154971565519,0.0033050937311989922,0.012022492808422871,0.8482243197278911,0.3761904761904762,0.954253047420865,0.8933044667840004,210,14000
1,densenet121,scratch,gs20,adaptive,test,gs20,1337,3,1,subject_level,0.5,0.7285714285714285,0.982490485055106,0.005063081639153617,0.03282504850732429,0.8951700680272109,0.44285714285714284,0.9705608299800328,0.9089884586092355,70,4830
1,densenet121,scratch,gs20,blind,train,raw,1337,3,1,slice_level,0.7737556561085973,0.8416289592760181,0.9973612373770632,0.0011302842273971075,0.0019178132450722192,0.8903449970311829,0.48868778280542985,0.993307883653166,0.9798277551057112,663,44200
1,densenet121,scratch,gs20,blind,train,raw,1337,3,1,subject_level,0.5882352941176471,0.746606334841629,0.9970166141091429,0.0011684080054857073,0.005569085853840161,0.930207109898353,0.6153846153846154,0.9954371247356294,0.9819265316943483,221,48620
1,densenet121,scratch,gs20,blind,test,raw,1337,3,1,slice_level,0.7714285714285715,0.9,0.9970074559961046,0.0013972129140581403,0.006094568309241107,0.8794979591836736,0.5,0.9922996469906398,0.9790358789946352,210,14000
1,densenet121,scratch,gs20,blind,test,raw,1337,3,1,subject_level,0.6571428571428571,0.8714285714285714,0.9963893873350961,0.0018124350479670932,0.017514991041805063,0.9294587400177463,0.6142857142857143,0.9949468169893537,0.9816532317772662,70,4830
2,densenet121,scratch,gs20,adaptive,train,gs20,1337,3,1,slice_level,0.6126126126126126,0.7702702702702703,0.9804750186902983,0.002362943984366752,0.00392414811318992,0.8734310662013364,0.4174174174174174,0.959960584436451,0.8888256070756161,666,44400
2,densenet121,scratch,gs20,adaptive,train,gs20,1337,3,1,subject_level,0.4369369369369369,0.6261261261261262,0.9836897138539735,0.0028864118429991576,0.010893974138574826,0.9158356717975159,0.509009009009009,0.9733541017180091,0.901077699094633,222,49062
2,densenet121,scratch,gs20,adaptive,test,gs20,1337,3,1,slice_level,0.5942028985507246,0.8405797101449275,0.9802176226740298,0.0027372845705004706,0.01223933492935654,0.8953294125883918,0.42028985507246375,0.9644091757023392,0.8872793395925259,207,13800
2,densenet121,scratch,gs20,adaptive,test,gs20,1337,3,1,subject_level,0.5217391304347826,0.7391304347826086,0.9834794255270474,0.0043540890666021815,0.03412728197872639,0.9237586023697444,0.4782608695652174,0.9758570729822352,0.8978939025018933,69,4692
2,densenet121,scratch,gs20,blind,train,raw,1337,3,1,slice_level,0.7477477477477478,0.8108108108108109,0.9969748658639891,0.0012453705877871126,0.0019622081382040706,0.8667727693910126,0.5,0.9918628918516027,0.9779057938894173,666,44400
2,densenet121,scratch,gs20,blind,train,raw,1337,3,1,subject_level,0.5765765765765766,0.7342342342342343,0.9964299352319391,0.0014861368381225311,0.005631433365665175,0.9204096324525577,0.6171171171171171,0.994637441527736,0.9805854174834789,222,49062
2,densenet121,scratch,gs20,blind,test,raw,1337,3,1,slice_level,0.7246376811594203,0.8840579710144928,0.9966470184533492,0.001158894836038783,0.006087762047199236,0.8771172022684309,0.46859903381642515,0.9925402685064049,0.9797770344217618,207,13800
2,densenet121,scratch,gs20,blind,test,raw,1337,3,1,subject_level,0.6376811594202898,0.7971014492753623,0.9963924608368805,0.0019889041997384334,0.017597955611089,0.9247053263649504,0.5797101449275363,0.9950929361840953,0.9822977624789122,69,4692
3,densenet121,scratch,gs20,adaptive,train,gs20,1337,3,1,slice_level,0.6216216216216216,0.7612612612612613,0.980081885784596,0.002239437790604325,0.004327830247085978,0.8796345331818306,0.4099099099099099,0.95853552320698,0.8817352668316784,666,44400
3,densenet121,scratch,gs20,adaptive,train,gs20,1337,3,1,subject_level,0.4369369369369369,0.6396396396396397,0.9831996114404352,0.002658321782275363,0.011959964973717794,0.918241021380926,0.5,0.9722594935614783,0.894360828254358,222,49062
3,densenet121,scratch,gs20,adaptive,test,gs20,1337,3,1,slice_level,0.6811594202898551,0.8260869565217391,0.9792939130810724,0.0033357843108799148,0.011811994097155073,0.8519048869285164,0.3864734299516908,0.9579809264860292,0.8939431599559992,207,13800
3,densenet121,scratch,gs20,adaptive,test,gs20,1337,3,1,subject_level,0.463768115942029,0.6666666666666666,0.9814807781274768,0.003694916980853979,0.03192191994816497,0.8958603605273237,0.4782608695652174,0.9715422875639321,0.9066744709207986,69,4692
3,densenet121,scratch,gs20,blind,train,raw,1337,3,1,slice_level,0.7207207207207207,0.8018018018018018,0.9970744389134485,0.0010780018192153792,0.001904064158569216,0.8366193220247274,0.42342342342342343,0.9914801269322187,0.9798667396081461,666,44400
3,densenet121,scratch,gs20,blind,train,raw,1337,3,1,subject_level,0.5,0.6261261261261262,0.9968002363368198,0.0010061347269797111,0.00548222407631509,0.8952676995204816,0.5495495495495496,0.9943449107913284,0.9826127293471346,222,49062
3,densenet121,scratch,gs20,blind,test,raw,1337,3,1,slice_level,0.8115942028985508,0.9130434782608695,0.9970709681510925,0.0013243478277455206,0.00607523515118637,0.8718707554435343,0.4927536231884058,0.9926410369251085,0.9803245514328929,207,13800
3,densenet121,scratch,gs20,blind,test,raw,1337,3,1,subject_level,0.6231884057971014,0.7391304347826086,0.9966589324716209,0.001611478086830913,0.017486856953389404,0.9250420079815165,0.5652173913043478,0.9953219648720562,0.9829657616035001,69,4692
4,densenet121,scratch,gs20,adaptive,train,gs20,1337,3,1,slice_level,0.6801801801801802,0.8153153153153153,0.9825695259077055,0.0024585350676699803,0.004496753547206387,0.8905466446175906,0.43843843843843844,0.9612236828417391,0.8759607176737743,666,44400
4,densenet121,scratch,gs20,adaptive,train,gs20,1337,3,1,subject_level,0.45045045045045046,0.6306306306306306,0.9850995196952476,0.0027453620154578406,0.012508684131610501,0.9236866039330269,0.536036036036036,0.973933125132913,0.8876635806731378,222,49062
4,densenet121,scratch,gs20,adaptive,test,gs20,1337,3,1,slice_level,0.6956521739130435,0.8260869565217391,0.9818323220031849,0.0035058760988539543,0.014159234618579132,0.903509941888959,0.38164251207729466,0.9642119113949762,0.8742563165789066,207,13800
4,densenet121,scratch,gs20,adaptive,test,gs20,1337,3,1,subject_level,0.5217391304347826,0.7536231884057971,0.9828482417092808,0.003953174404476,0.03819077710310618,0.9391903579327132,0.43478260869565216,0.9760660796925642,0.8850596046991462,69,4692
4,densenet121,scratch,gs20,blind,train,raw,1337,3,1,slice_level,0.7702702702702703,0.8558558558558559,0.9981330888228374,0.001017097417298738,0.0018202041738314201,0.8824968718718718,0.5165165165165165,0.994547159911634,0.9843314001084985,666,44400
4,densenet121,scratch,gs20,blind,train,raw,1337,3,1,subject_level,0.6036036036036037,0.7432432432432432,0.9976954274886364,0.0009985252006633862,0.005298714195420076,0.928129823598822,0.6351351351351351,0.996323145993121,0.9860403155681337,222,49062
4,densenet121,scratch,gs20,blind,test,raw,1337,3,1,slice_level,0.7971014492753623,0.9420289855072463,0.9979963000269904,0.0011678303497425024,0.0059993378075676555,0.9003197857592942,0.5169082125603864,0.9945565591687742,0.9821608995786612,207,13800
4,densenet121,scratch,gs20,blind,test,raw,1337,3,1,subject_level,0.6376811594202898,0.8260869565217391,0.9973137957462366,0.0014242503954016645,0.017394963354952095,0.9517371535885936,0.5942028985507246,0.9964052991590638,0.9839916696227319,69,4692
0,densenet121,scratch,gs30,adaptive,train,gs30,1337,3,1,slice_level,0.4253393665158371,0.6561085972850679,0.982817597248975,0.0017991993761709913,0.006023251856108327,0.8801310545102135,0.22473604826546004,0.9574138995928642,0.802487548296403,663,44200
0,densenet121,scratch,gs30,adaptive,train,gs30,1337,3,1,subject_level,0.3031674208144796,0.497737556561086,0.9851864357879259,0.002199078037728012,0.016594476226666665,0.9088348369756408,0.2579185520361991,0.9719459681489349,0.8152986096549996,221,48620
0,densenet121,scratch,gs30,adaptive,test,gs30,1337,3,1,slice_level,0.5285714285714286,0.7428571428571429,0.98107915861266,0.0027072480746677943,0.0188725404973541,0.8627801020408163,0.2904761904761905,0.9478474645387559,0.8298072758955615,210,14000
0,densenet121,scratch,gs30,adaptive,test,gs30,1337,3,1,subject_level,0.42857142857142855,0.6714285714285714,0.9831119622503008,0.005212706327438354,0.05257528304521527,0.9054687962141379,0.4142857142857143,0.9649959410939898,0.8447609846574673,70,4830
0,densenet121,scratch,gs30,blind,train,raw,1337,3,1,slice_level,0.5882352941176471,0.7285067873303167,0.9980636764975155,0.000717605670652778,0.0020174700761534173,0.8313890651979552,0.358974358974359,0.9914276818344496,0.9763053602762352,663,44200
0,densenet121,scratch,gs30,blind,train,raw,1337,3,1,subject_level,0.334841628959276,0.4841628959276018,0.9976547012501712,0.0006116644829107086,0.005807516936263348,0.8851608466061487,0.3393665158371041,0.9943520459114696,0.9791354390842735,221,48620
0,densenet121,scratch,gs30,blind,test,raw,1337,3,1,slice_level,0.6714285714285714,0.8714285714285714,0.9979519937719618,0.0009086506707327706,0.006246191609118666,0.8272746598639457,0.3523809523809524,0.9916944066683452,0.9776625417896679,210,14000
0,densenet121,scratch,gs30,blind,test,raw,1337,3,1,subject_level,0.4714285714285714,0.7,0.9972001791000367,0.0011467533452170235,0.01791000533849001,0.8649364093463472,0.42857142857142855,0.9944745651313237,0.980411714401798,70,4830
1,densenet121,scratch,gs30,adaptive,train,gs30,1337,3,1,slice_level,0.5294117647058824,0.7420814479638009,0.980329233327063,0.0017167232694669007,0.0037057102811670277,0.8734384874729565,0.334841628959276,0.9632891607140703,0.8940951177106993,663,44200
1,densenet121,scratch,gs30,adaptive,train,gs30,1337,3,1,subject_level,0.3891402714932127,0.5972850678733032,0.9841629943696621,0.002124471362359923,0.010413018594668732,0.9122414383593517,0.42081447963800905,0.9755989623285527,0.905999696893439,221,48620
1,densenet121,scratch,gs30,adaptive,test,gs30,1337,3,1,slice_level,0.6714285714285714,0.7857142857142857,0.9795309543609619,0.0024992219039372036,0.011005721773420062,0.8375197278911564,0.2904761904761905,0.9569206961563655,0.9010107962276255,210,14000
1,densenet121,scratch,gs30,adaptive,test,gs30,1337,3,1,subject_level,0.4,0.6571428571428571,0.9831447175570897,0.003984639474323818,0.030368291081062385,0.8941082519964507,0.35714285714285715,0.972649610042572,0.9161427346692569,70,4830
1,densenet121,scratch,gs30,blind,train,raw,1337,3,1,slice_level,0.665158371040724,0.8009049773755657,0.9975205438708827,0.0009902200547818145,0.0019127009357473228,0.8810923541014039,0.4479638009049774,0.9932442266117574,0.9800432512501246,663,44200
1,densenet121,scratch,gs30,blind,train,raw,1337,3,1,subject_level,0.5384615384615384,0.6832579185520362,0.9972048798297865,0.0009950739226190213,0.005552257409074862,0.9239789223286694,0.5656108597285068,0.9954415311640744,0.9822990312099653,221,48620
1,densenet121,scratch,gs30,blind,test,raw,1337,3,1,slice_level,0.7714285714285715,0.8857142857142857,0.9972716391086578,0.0011770435741969517,0.006006875847067152,0.8624690476190476,0.4857142857142857,0.9920736656302498,0.9802941048485893,210,14000
1,densenet121,scratch,gs30,blind,test,raw,1337,3,1,subject_level,0.6142857142857143,0.7857142857142857,0.996802636555263,0.001549943004335676,0.017296053389353413,0.9154199940845903,0.6142857142857143,0.9947676547936031,0.9829647391108993,70,4830
2,densenet121,scratch,gs30,adaptive,train,gs30,1337,3,1,slice_level,0.46846846846846846,0.7027027027027027,0.983041970042495,0.0018131757104719007,0.0057617041653626275,0.8822424958742526,0.25975975975975973,0.9599449745527617,0.8123684466589947,666,44400
2,densenet121,scratch,gs30,adaptive,train,gs30,1337,3,1,subject_level,0.28378378378378377,0.536036036036036,0.9856537730844172,0.00199604920438818,0.016037206257785763,0.9182975778762742,0.3063063063063063,0.9735253531116623,0.8245473235285504,222,49062
2,densenet121,scratch,gs30,adaptive,test,gs30,1337,3,1,slice_level,0.5217391304347826,0.7681159420289855,0.9802519998688629,0.0024325113365615625,0.01549238305322934,0.8342289785059163,0.2222222222222222,0.9502510655905314,0.8554574413295242,207,13800
2,densenet121,scratch,gs30,adaptive,test,gs30,1337,3,1,subject_level,0.4057971014492754,0.6086956521739131,0.9824714246003524,0.0037752424461254177,0.04180987681383672,0.8694231315714691,0.36231884057971014,0.9666001520295074,0.8703312466122712,69,4692
2,densenet121,scratch,gs30,blind,train,raw,1337,3,1,slice_level,0.7747747747747747,0.8198198198198198,0.9975703707686415,0.0010411162097174842,0.0018901691786726718,0.8669706023591159,0.5,0.9930799682219107,0.9808625911887702,666,44400
2,densenet121,scratch,gs30,blind,train,raw,1337,3,1,subject_level,0.5900900900900901,0.7207207207207207,0.9971514650293298,0.001112057282044007,0.005466457750010598,0.9177302684854354,0.5945945945945946,0.9954544794452083,0.9832182548031144,222,49062
2,densenet121,scratch,gs30,blind,test,raw,1337,3,1,slice_level,0.7681159420289855,0.8840579710144928,0.9973108535227568,0.0009976806847945504,0.0059279009051944895,0.8741442624098579,0.48792270531400966,0.9938012540052479,0.9824172991730165,207,13800
2,densenet121,scratch,gs30,blind,test,raw,1337,3,1,subject_level,0.6811594202898551,0.8405797101449275,0.9970459229704263,0.0017327778581259906,0.017246398264947144,0.9126898081223668,0.6086956521739131,0.9958208021910294,0.9844094504684032,69,4692
3,densenet121,scratch,gs30,adaptive,train,gs30,1337,3,1,slice_level,0.46846846846846846,0.6396396396396397,0.98643838231628,0.001993699653728588,0.007493721356883914,0.8510611456050645,0.30180180180180183,0.9480171719112912,0.7818161108022607,666,44400
3,densenet121,scratch,gs30,adaptive,train,gs30,1337,3,1,subject_level,0.30180180180180183,0.4864864864864865,0.9870835467501804,0.0029469384803428307,0.0201852004933129,0.8849221301526549,0.38288288288288286,0.9650839110752484,0.7955034077033873,222,49062
3,densenet121,scratch,gs30,adaptive,test,gs30,1337,3,1,slice_level,0.5362318840579711,0.7101449275362319,0.98485291176948,0.0028034526368846064,0.01680026866117681,0.8073801022194217,0.3333333333333333,0.9434146434788543,0.8581036757386249,207,13800
3,densenet121,scratch,gs30,adaptive,test,gs30,1337,3,1,subject_level,0.391304347826087,0.6086956521739131,0.9845569911210433,0.005719581375951352,0.04362929412636204,0.8533211015975389,0.391304347826087,0.963244390660438,0.8762696831402165,69,4692
3,densenet121,scratch,gs30,blind,train,raw,1337,3,1,slice_level,0.6711711711711712,0.7792792792792793,0.9989851584305635,0.0004653433958689372,0.0017801407370129014,0.8078029549820092,0.4219219219219219,0.9948844746784405,0.986553542024649,666,44400
3,densenet121,scratch,gs30,blind,train,raw,1337,3,1,subject_level,0.4009009009009009,0.5495495495495496,0.9987223841048576,0.0004836234960470114,0.005209823971748486,0.8597281395373605,0.44144144144144143,0.9965880776310826,0.9882673821827935,222,49062
3,densenet121,scratch,gs30,blind,test,raw,1337,3,1,slice_level,0.6811594202898551,0.7971014492753623,0.9988868219265039,0.0005045550456945447,0.0056477880334832534,0.8345195337114052,0.42028985507246375,0.995496075798348,0.9874395558108454,207,13800
3,densenet121,scratch,gs30,blind,test,raw,1337,3,1,subject_level,0.5652173913043478,0.6376811594202898,0.9985568264256353,0.0006983245628467505,0.016520396738812542,0.875308882217033,0.5507246376811594,0.9970907966295878,0.9890241157342914,69,4692
4,densenet121,scratch,gs30,adaptive,train,gs30,1337,3,1,slice_level,0.5315315315315315,0.7432432432432432,0.9780169838183636,0.0016822965295465143,0.003551375963053926,0.8708722743013283,0.3738738738738739,0.9599362955437051,0.9025531037218936,666,44400
4,densenet121,scratch,gs30,adaptive,train,gs30,1337,3,1,subject_level,0.3963963963963964,0.5945945945945946,0.9824671431167705,0.0020569396448564957,0.009886984407129857,0.9105342348585591,0.45495495495495497,0.9732496021567164,0.9149726466219753,222,49062
4,densenet121,scratch,gs30,adaptive,test,gs30,1337,3,1,slice_level,0.5507246376811594,0.8260869565217391,0.9771143819974817,0.002634217773658642,0.011229038650196964,0.886910663025975,0.2898550724637681,0.9620172951532446,0.9005097581899685,207,13800
4,densenet121,scratch,gs30,adaptive,test,gs30,1337,3,1,subject_level,0.4057971014492754,0.7101449275362319,0.9805959782738617,0.003320814042851545,0.030732946497374687,0.9308937815832067,0.3188405797101449,0.9745245981907499,0.9121789411027922,69,4692
4,densenet121,scratch,gs30,blind,train,raw,1337,3,1,slice_level,0.7432432432432432,0.8108108108108109,0.9968685510459246,0.0012179296295922082,0.0019515486327125818,0.8650894982820658,0.4804804804804805,0.9915527428413654,0.9777319651600477,666,44400
4,densenet121,scratch,gs30,blind,train,raw,1337,3,1,subject_level,0.5180180180180181,0.6486486486486487,0.9965481320479969,0.0010850445644275562,0.005620618669635004,0.9120511149525458,0.5630630630630631,0.9943369205470558,0.980497237913744,222,49062
4,densenet121,scratch,gs30,blind,test,raw,1337,3,1,slice_level,0.7681159420289855,0.8985507246376812,0.9966285263282665,0.0015342892080113509,0.006516412575391756,0.8895701183224813,0.45410628019323673,0.9917603811780036,0.9743227864305178,207,13800
4,densenet121,scratch,gs30,blind,test,raw,1337,3,1,subject_level,0.5942028985507246,0.8405797101449275,0.9959772211917932,0.0016190979791724164,0.018687151048494423,0.9428320792715321,0.5217391304347826,0.9945463132167208,0.9770891555384094,69,4692
0,densenet121,scratch,gs40,adaptive,train,gs40,1337,3,1,slice_level,0.24434389140271492,0.38461538461538464,0.982608858276816,0.0013519959751836855,0.006060896958624818,0.8376143165236857,0.1191553544494721,0.9433750969612041,0.8002712634596889,663,44200
0,densenet121,scratch,gs40,adaptive,train,gs40,1337,3,1,subject_level,0.14027149321266968,0.3393665158371041,0.9850506280881787,0.001898643927336818,0.016775815958384746,0.8680289566701598,0.12669683257918551,0.9613872264844799,0.8165477437278656,221,48620
0,densenet121,scratch,gs40,adaptive,test,gs40,1337,3,1,slice_level,0.2714285714285714,0.5285714285714286,0.9816167524882725,0.002008765084402902,0.0182253655711455,0.7877739795918367,0.1,0.9301300707317534,0.8246052789815834,210,14000
0,densenet121,scratch,gs40,adaptive,test,gs40,1337,3,1,subject_level,0.2,0.42857142857142855,0.9828585079738072,0.0033707891191755023,0.050117482404623714,0.834371487725525,0.12857142857142856,0.9531687123434884,0.8454230949868821,70,4830
0,densenet121,scratch,gs40,blind,train,raw,1337,3,1,slice_level,0.7058823529411765,0.8416289592760181,0.9983129234335542,0.0007901275319751031,0.00180596163037035,0.8770372057629178,0.4479638009049774,0.9950986181808633,0.9853351541355724,663,44200
0,densenet121,scratch,gs40,blind,train,raw,1337,3,1,subject_level,0.502262443438914,0.6561085972850679,0.9979609191687399,0.0007300638505236595,0.005274764801548347,0.930537309376809,0.5294117647058824,0.9967523041893455,0.9869222452615034,221,48620
0,densenet121,scratch,gs40,blind,test,raw,1337,3,1,slice_level,0.7857142857142857,0.8857142857142857,0.9982671873910086,0.0009038754871913365,0.0057065899151244335,0.8727688775510203,0.48095238095238096,0.9950127119109744,0.9850979358255864,210,14000
0,densenet121,scratch,gs40,blind,test,raw,1337,3,1,subject_level,0.6285714285714286,0.7714285714285715,0.9977828596319471,0.0011470598833901542,0.016632275070462908,0.9089500147885241,0.5571428571428572,0.9966525478022439,0.9867306930061206,70,4830
1,densenet121,scratch,gs40,adaptive,train,gs40,1337,3,1,slice_level,0.40271493212669685,0.6199095022624435,0.9767579042533944,0.001358319461615377,0.003387056196285454,0.8672383516581014,0.277526395173454,0.9608392982461333,0.9037990307713526,663,44200
1,densenet121,scratch,gs40,adaptive,train,gs40,1337,3,1,subject_level,0.27149321266968324,0.5384615384615384,0.9818993359129893,0.0015563665472004748,0.009502908353992987,0.9086581039402439,0.3257918552036199,0.9738919651346509,0.9161554952074303,221,48620
1,densenet121,scratch,gs40,adaptive,test,gs40,1337,3,1,slice_level,0.5285714285714286,0.7285714285714285,0.9757695785590581,0.0015050011021750314,0.009739202314189501,0.8210806122448979,0.24761904761904763,0.9551769239561898,0.9112545288758619,210,14000
1,densenet121,scratch,gs40,adaptive,test,gs40,1337,3,1,subject_level,0.4142857142857143,0.6714285714285714,0.9809738678591592,0.0026119138513292584,0.026834048384002277,0.8802099970422953,0.32857142857142857,0.9716021537780761,0.9270539614478006,70,4830
1,densenet121,scratch,gs40,blind,train,raw,1337,3,1,slice_level,0.6470588235294118,0.7828054298642534,0.9978392900924338,0.000744172081149002,0.0018273877518302107,0.8543412467667192,0.43288084464555054,0.9938034802720198,0.9838831024188801,663,44200
1,densenet121,scratch,gs40,blind,train,raw,1337,3,1,subject_level,0.4796380090497738,0.6153846153846154,0.9976166726776917,0.0007342334786151869,0.005317398858977254,0.9072178088081735,0.502262443438914,0.9958669554054468,0.98596868087043,221,48620
1,densenet121,scratch,gs40,blind,test,raw,1337,3,1,slice_level,0.7142857142857143,0.8142857142857143,0.997656272990363,0.0009190184729439872,0.005793237726071051,0.8515836734693878,0.44285714285714284,0.9928746765568143,0.9833261487526553,210,14000
1,densenet121,scratch,gs40,blind,test,raw,1337,3,1,subject_level,0.6428571428571429,0.7857142857142857,0.9972711827073778,0.0011553483349936349,0.016760248092136214,0.8988050872522922,0.5714285714285714,0.9952253094741277,0.9856765280969395,70,4830
2,densenet121,scratch,gs40,adaptive,train,gs40,1337,3,1,slice_level,0.35585585585585583,0.5315315315315315,0.9873351363448409,0.001892257918108691,0.007255056015056398,0.8648799644238834,0.24924924924924924,0.955494064021039,0.7513893290011733,666,44400
2,densenet121,scratch,gs40,adaptive,train,gs40,1337,3,1,subject_level,0.24774774774774774,0.45495495495495497,0.9873643984665742,0.00229569115080275,0.019499049660422513,0.8977406230983338,0.28378378378378377,0.9707062765284702,0.7651761191848158,222,49062
2,densenet121,scratch,gs40,adaptive,test,gs40,1337,3,1,slice_level,0.42028985507246375,0.6086956521739131,0.9842488074648208,0.0033183745715929113,0.02336346745437038,0.763150773646993,0.20772946859903382,0.9141008799202777,0.802877192011346,207,13800
2,densenet121,scratch,gs40,adaptive,test,gs40,1337,3,1,subject_level,0.2753623188405797,0.5217391304347826,0.9822465017221976,0.004648078179013902,0.0572860920936733,0.7852295612636989,0.17391304347826086,0.9318965474764506,0.8185608332495555,69,4692
2,densenet121,scratch,gs40,blind,train,raw,1337,3,1,slice_level,0.6621621621621622,0.7882882882882883,0.998777323477977,0.0006192307751457971,0.0019264560547313308,0.8533278210643077,0.4264264264264264,0.9941236924480747,0.9801150597188923,666,44400
2,densenet121,scratch,gs40,blind,train,raw,1337,3,1,subject_level,0.5045045045045045,0.6486486486486487,0.9983571410716117,0.0006976288718146247,0.005610262305970799,0.897894638554416,0.5135135135135135,0.9961998527114456,0.9822598621343352,222,49062
2,densenet121,scratch,gs40,blind,test,raw,1337,3,1,slice_level,0.7536231884057971,0.8260869565217391,0.9986798676891603,0.0007808830427086872,0.005976139108879843,0.8612128054330322,0.42995169082125606,0.9949363285792623,0.9830707855846571,207,13800
2,densenet121,scratch,gs40,blind,test,raw,1337,3,1,subject_level,0.6231884057971014,0.782608695652174,0.998189812121184,0.0012944668963335562,0.017458425186898396,0.8964039932293018,0.5507246376811594,0.996508354726045,0.984617258556257,69,4692
3,densenet121,scratch,gs40,adaptive,train,gs40,1337,3,1,slice_level,0.44594594594594594,0.6216216216216216,0.9795694412948849,0.0016912294400704873,0.0037818570539506304,0.8353573675026378,0.26426426426426425,0.954406617640017,0.8956585028552794,666,44400
3,densenet121,scratch,gs40,adaptive,train,gs40,1337,3,1,subject_level,0.2747747747747748,0.5,0.9833742417730726,0.0020536122558353184,0.010455726442422281,0.8782881266983017,0.3153153153153153,0.9694394007459417,0.909973511329064,222,49062
3,densenet121,scratch,gs40,adaptive,test,gs40,1337,3,1,slice_level,0.5797101449275363,0.7391304347826086,0.9787366554357003,0.002318217270616172,0.010782821130925331,0.8147260729538612,0.2946859903381642,0.956415615507946,0.9031026595874109,207,13800
3,densenet121,scratch,gs40,adaptive,test,gs40,1337,3,1,subject_level,0.37681159420289856,0.6376811594202898,0.9820664576862169,0.0026994425317515497,0.029380844878977623,0.8523419449695443,0.30434782608695654,0.9702766520389612,0.9164436777127877,69,4692
3,densenet121,scratch,gs40,blind,train,raw,1337,3,1,slice_level,0.7522522522522522,0.8378378378378378,0.9983421266078949,0.0007432530055174957,0.0017641220941325766,0.8595906210264318,0.46996996996997,0.9951341314179761,0.9867459995024376,666,44400
3,densenet121,scratch,gs40,blind,train,raw,1337,3,1,subject_level,0.5540540540540541,0.6621621621621622,0.9980864148956161,0.0008025271398527128,0.005161737125400487,0.9148234390682722,0.5720720720720721,0.9967401387455227,0.9883329953637963,222,49062
3,densenet121,scratch,gs40,blind,test,raw,1337,3,1,slice_level,0.8695652173913043,0.927536231884058,0.9983154483463453,0.0009495624597521796,0.005612360003093879,0.8843206959322272,0.5120772946859904,0.9956791907692877,0.987441874720912,207,13800
3,densenet121,scratch,gs40,blind,test,raw,1337,3,1,subject_level,0.5942028985507246,0.8695652173913043,0.9978877997052842,0.001138026299683944,0.016381521479807037,0.9373509643302816,0.6086956521739131,0.997262009675952,0.9890129906645415,69,4692
4,densenet121,scratch,gs40,adaptive,train,gs40,1337,3,1,slice_level,0.36486486486486486,0.5765765765765766,0.977156047616993,0.001407296270937533,0.0033333334864142374,0.8343055724643562,0.26126126126126126,0.9571672200082658,0.9082361552159528,666,44400
4,densenet121,scratch,gs40,adaptive,train,gs40,1337,3,1,subject_level,0.2927927927927928,0.5225225225225225,0.9823672878849614,0.0017215322266827832,0.009323193280546515,0.8707322340072738,0.34234234234234234,0.9710274032644324,0.9210066731373323,222,49062
4,densenet121,scratch,gs40,adaptive,test,gs40,1337,3,1,slice_level,0.5217391304347826,0.7536231884057971,0.9758562488832335,0.002010576103044593,0.010764012767838827,0.8652292935657775,0.21739130434782608,0.9602321035044205,0.9035015575738921,207,13800
4,densenet121,scratch,gs40,adaptive,test,gs40,1337,3,1,subject_level,0.3333333333333333,0.6086956521739131,0.9806735351465751,0.0025519123975781426,0.02982878290872643,0.9040673610338906,0.2753623188405797,0.9733444400455641,0.9159936857142209,69,4692
4,densenet121,scratch,gs40,blind,train,raw,1337,3,1,slice_level,0.7657657657657657,0.8648648648648649,0.9987961376035536,0.0005484013944058805,0.0016613928359924808,0.8766824256689122,0.5045045045045045,0.9967575799058508,0.9916036423369571,666,44400
4,densenet121,scratch,gs40,blind,train,raw,1337,3,1,subject_level,0.6036036036036037,0.7477477477477478,0.9985837423586631,0.000544227189845867,0.0048978261183947325,0.9175726264359014,0.6261261261261262,0.9978028560006941,0.9926407408028614,222,49062
4,densenet121,scratch,gs40,blind,test,raw,1337,3,1,slice_level,0.782608695652174,0.927536231884058,0.9987388719683108,0.0006489434104034866,0.005426043286865604,0.9011298396695371,0.47342995169082125,0.9969161777680623,0.9903878365694613,207,13800
4,densenet121,scratch,gs40,blind,test,raw,1337,3,1,subject_level,0.6521739130434783,0.8405797101449275,0.9984422352003015,0.0007713169291399528,0.015981047306263794,0.950317839801327,0.5942028985507246,0.9979466251705004,0.9914068186374576,69,4692
0,densenet121,scratch,gs50,adaptive,train,gs50,1337,3,1,slice_level,0.19909502262443438,0.3574660633484163,0.9873559890289652,0.0014638320892644684,0.008337385925080846,0.8004955535990936,0.14328808446455504,0.9119781995610774,0.7573521518498254,663,44200
0,densenet121,scratch,gs50,adaptive,train,gs50,1337,3,1,subject_level,0.09954751131221719,0.2895927601809955,0.987350779151485,0.0025640491446758287,0.02282178763519315,0.8452964722262034,0.1493212669683258,0.9411819571823017,0.7833472593834203,221,48620
0,densenet121,scratch,gs50,adaptive,test,gs50,1337,3,1,slice_level,0.2,0.4,0.985302587066378,0.002340902600969587,0.02511607754443373,0.7564744897959184,0.06190476190476191,0.91227607074238,0.79197547772101,210,14000
0,densenet121,scratch,gs50,adaptive,test,gs50,1337,3,1,subject_level,0.17142857142857143,0.4142857142857143,0.9839618231569017,0.004973591225487846,0.0681783452630043,0.8022005323868678,0.07142857142857142,0.9391771546431951,0.8154924814807208,70,4830
0,densenet121,scratch,gs50,blind,train,raw,1337,3,1,slice_level,0.6742081447963801,0.8009049773755657,0.998610412103558,0.0006050216666174151,0.001826943344504012,0.8515489718337735,0.44042232277526394,0.9947246129696186,0.9846229952681658,663,44200
0,densenet121,scratch,gs50,blind,train,raw,1337,3,1,subject_level,0.39819004524886875,0.5972850678733032,0.9982805311410136,0.0005761382266946508,0.005331962816080087,0.9038744925556211,0.45701357466063347,0.9965115413406855,0.9864345821798314,221,48620
0,densenet121,scratch,gs50,blind,test,raw,1337,3,1,slice_level,0.7428571428571429,0.8857142857142857,0.9985926108700889,0.0007766119071415492,0.005718848614820412,0.8499693877551019,0.46190476190476193,0.9948045424052647,0.9853514210454055,210,14000
0,densenet121,scratch,gs50,blind,test,raw,1337,3,1,subject_level,0.5571428571428572,0.7142857142857143,0.9980299506868635,0.0011549242905208043,0.016648407054266758,0.8850340136054422,0.5142857142857142,0.996451496226447,0.9869830078713395,70,4830
1,densenet121,scratch,gs50,adaptive,train,gs50,1337,3,1,slice_level,0.26244343891402716,0.4253393665158371,0.984430237053746,0.001650557798497817,0.007663679595750112,0.849594756454618,0.1478129713423831,0.9394289758590192,0.7574250209641672,663,44200
1,densenet121,scratch,gs50,adaptive,train,gs50,1337,3,1,subject_level,0.13122171945701358,0.2895927601809955,0.9848445195418137,0.0021176648355717034,0.02000265883711668,0.8795435932180675,0.1583710407239819,0.9600914670870855,0.7737214506849346,221,48620
1,densenet121,scratch,gs50,adaptive,test,gs50,1337,3,1,slice_level,0.21428571428571427,0.37142857142857144,0.9820540232317788,0.0028706414358956474,0.02298036071338824,0.7394311224489797,0.08571428571428572,0.8899933596452078,0.7848613728625434,210,14000
1,densenet121,scratch,gs50,adaptive,test,gs50,1337,3,1,subject_level,0.17142857142857143,0.37142857142857144,0.9810708292893001,0.006245007685252598,0.05837452065731798,0.7899526767228631,0.12857142857142856,0.9269452784742628,0.81840874022702,70,4830
1,densenet121,scratch,gs50,blind,train,raw,1337,3,1,slice_level,0.6606334841628959,0.7918552036199095,0.9992322457861577,0.000348660740917085,0.00168805082309654,0.8853020344928783,0.42081447963800905,0.9975165461343158,0.991165521339054,663,44200
1,densenet121,scratch,gs50,blind,train,raw,1337,3,1,subject_level,0.5248868778280543,0.7149321266968326,0.9990724290118498,0.0003685320124906652,0.004999361620432112,0.9237067962646882,0.5339366515837104,0.998311851359061,0.9919349840887777,221,48620
1,densenet121,scratch,gs50,blind,test,raw,1337,3,1,slice_level,0.7714285714285715,0.8857142857142857,0.999070600952421,0.0005154294627053397,0.005356558771537883,0.8745382653061224,0.4714285714285714,0.9969818611939748,0.9906010109101023,210,14000
1,densenet121,scratch,gs50,blind,test,raw,1337,3,1,subject_level,0.6142857142857143,0.8285714285714286,0.9987540245056152,0.0007058254310062953,0.015767816906528814,0.9258532978408754,0.5142857142857142,0.9980684893471854,0.9916835919793842,70,4830
2,densenet121,scratch,gs50,adaptive,train,gs50,1337,3,1,slice_level,0.2747747747747748,0.4864864864864865,0.979881915960226,0.0013948477603293755,0.005544793642092463,0.848193311554798,0.22672672672672672,0.9516985835255803,0.8406458931322301,666,44400
2,densenet121,scratch,gs50,adaptive,train,gs50,1337,3,1,subject_level,0.22522522522522523,0.44594594594594594,0.9836883244213758,0.002047309467384407,0.015347611935188374,0.8855288730090001,0.27927927927927926,0.9679344406536033,0.8546561937943046,222,49062
2,densenet121,scratch,gs50,adaptive,test,gs50,1337,3,1,slice_level,0.42028985507246375,0.6376811594202898,0.9778631372728209,0.001740478087162626,0.012725238823264406,0.8132843240215641,0.178743961352657,0.950950366863306,0.88210561187155,207,13800
2,densenet121,scratch,gs50,adaptive,test,gs50,1337,3,1,subject_level,0.2463768115942029,0.5072463768115942,0.9815699216248333,0.003285066805024078,0.03436964099713857,0.8568052930056711,0.14492753623188406,0.9681362587472667,0.8980217762386707,69,4692
2,densenet121,scratch,gs50,blind,train,raw,1337,3,1,slice_level,0.7567567567567568,0.8198198198198198,0.9972274883373363,0.0011432954856941291,0.00201145899513535,0.8742777236696155,0.5,0.9919135974155174,0.9757102459736235,666,44400
2,densenet121,scratch,gs50,blind,train,raw,1337,3,1,subject_level,0.5855855855855856,0.7252252252252253,0.9968419845576759,0.001359163372366278,0.005797454988718167,0.923738248460029,0.6126126126126126,0.9947528328981485,0.9784699500391901,222,49062
2,densenet121,scratch,gs50,blind,test,raw,1337,3,1,slice_level,0.7681159420289855,0.8695652173913043,0.9968803429949111,0.0010528141173763552,0.006275373814708512,0.884838619337674,0.48792270531400966,0.9926320585075784,0.9775815642139186,207,13800
2,densenet121,scratch,gs50,blind,test,raw,1337,3,1,subject_level,0.6811594202898551,0.7971014492753623,0.996632380761962,0.002013595207877781,0.018203971421589023,0.9179114620013096,0.6231884057971014,0.9950072756711987,0.9799012143644429,69,4692
3,densenet121,scratch,gs50,adaptive,train,gs50,1337,3,1,slice_level,0.22522522522522523,0.45495495495495497,0.9809503490860397,0.001333410406971837,0.006357160901340346,0.8060725928631334,0.1981981981981982,0.9390905711564932,0.8256701094267873,666,44400
3,densenet121,scratch,gs50,adaptive,train,gs50,1337,3,1,subject_level,0.22072072072072071,0.35585585585585583,0.9840949430122031,0.0017018492694373603,0.017442638742494153,0.8389973837112151,0.21171171171171171,0.9580759355076799,0.8426685086423946,222,49062
3,densenet121,scratch,gs50,adaptive,test,gs50,1337,3,1,slice_level,0.3188405797101449,0.5507246376811594,0.9779227617858113,0.0018052251442618992,0.013347064738796242,0.7776296996429323,0.1111111111111111,0.9443823038667872,0.873216720411311,207,13800
3,densenet121,scratch,gs50,adaptive,test,gs50,1337,3,1,subject_level,0.2898550724637681,0.5072463768115942,0.9812238130016603,0.002719271874082261,0.03591497533995172,0.8138459542607213,0.18840579710144928,0.9622635314430016,0.8900429929359693,69,4692
3,densenet121,scratch,gs50,blind,train,raw,1337,3,1,slice_level,0.7342342342342343,0.8423423423423423,0.9988558660219381,0.0005548483616596943,0.001724843174923916,0.8618997206666125,0.4804804804804805,0.9961139008447573,0.9889439025507853,666,44400
3,densenet121,scratch,gs50,blind,train,raw,1337,3,1,subject_level,0.5,0.6846846846846847,0.9985817171431877,0.0006251080079121633,0.005065968719537597,0.9170053170450627,0.5540540540540541,0.9974088628549833,0.9902034358109192,222,49062
3,densenet121,scratch,gs50,blind,test,raw,1337,3,1,slice_level,0.8115942028985508,0.8985507246376812,0.9988033641939578,0.0006732145945231119,0.005497336502362421,0.8829620877966813,0.5120772946859904,0.9965701938251367,0.9894763795318811,207,13800
3,densenet121,scratch,gs50,blind,test,raw,1337,3,1,subject_level,0.6086956521739131,0.7971014492753623,0.9984447956085205,0.000940307326938795,0.016140595861319183,0.9324659920679046,0.5652173913043478,0.997777477554653,0.9906770748428473,69,4692
4,densenet121,scratch,gs50,adaptive,train,gs50,1337,3,1,slice_level,0.24774774774774774,0.3918918918918919,0.9851951647449184,0.0011178432284174738,0.005901292723662278,0.7673070198576956,0.15765765765765766,0.9244281901074601,0.8230654674748311,666,44400
4,densenet121,scratch,gs50,adaptive,train,gs50,1337,3,1,subject_level,0.11261261261261261,0.2927927927927928,0.9872094384721808,0.001970489819844564,0.016477809694536903,0.813229932268088,0.16666666666666666,0.9487935551651964,0.8462697826464086,222,49062
4,densenet121,scratch,gs50,adaptive,test,gs50,1337,3,1,slice_level,0.21739130434782608,0.463768115942029,0.9826302010080089,0.0019262908161550329,0.018348165058895298,0.7500028005321012,0.09178743961352658,0.9186240492235636,0.8258065242935781,207,13800
4,densenet121,scratch,gs50,adaptive,test,gs50,1337,3,1,subject_level,0.14492753623188406,0.43478260869565216,0.9850199861802916,0.003589148106782333,0.05087991320676562,0.7893237950504715,0.13043478260869565,0.9429277725841688,0.8484097479795759,69,4692
4,densenet121,scratch,gs50,blind,train,raw,1337,3,1,slice_level,0.7162162162162162,0.8198198198198198,0.997932193515537,0.0008908198760436462,0.0018164305009056923,0.8602209303898494,0.4774774774774775,0.9938304019761873,0.984157234292041,666,44400
4,densenet121,scratch,gs50,blind,train,raw,1337,3,1,subject_level,0.5720720720720721,0.6666666666666666,0.997568796078364,0.0007886620792182716,0.005280148632287442,0.9027772269028231,0.5855855855855856,0.995813180465956,0.9861256090615791,222,49062
4,densenet121,scratch,gs50,blind,test,raw,1337,3,1,slice_level,0.8260869565217391,0.8985507246376812,0.9977680617484493,0.001094452712846839,0.006055039259186689,0.8903308128544423,0.4830917874396135,0.9942691156253722,0.9811810864529747,207,13800
4,densenet121,scratch,gs50,blind,test,raw,1337,3,1,subject_level,0.6521739130434783,0.8405797101449275,0.9972731687020564,0.0012453371200008669,0.017576446837705116,0.9414328428283728,0.5942028985507246,0.9962454023568527,0.9831235191934858,69,4692
0,resnet18,pretrained,raw,adaptive,train,raw,1337,3,1,slice_level,0.746606334841629,0.8642533936651584,0.9000081471188576,0.020008850151597105,0.010028604687743596,0.9226184285061049,0.42684766214177977,0.8616632326515912,0.7588642797373,663,44200
0,resnet18,pretrained,raw,adaptive,train,raw,1337,3,1,subject_level,0.6923076923076923,0.8371040723981901,0.9112549189528728,0.021677572802720566,0.02067096828908672,0.9664413840085919,0.6334841628959276,0.904825999995702,0.7970973679922285,221,48620
0,resnet18,pretrained,raw,adaptive,test,raw,1337,3,1,slice_level,0.8571428571428571,0.9285714285714286,0.8986929535865784,0.02488831196512495,0.027185601208891186,0.9190617346938775,0.49523809523809526,0.8614289837224143,0.7704215000229222,210,14000
0,resnet18,pretrained,raw,adaptive,test,raw,1337,3,1,subject_level,0.7714285714285715,0.9571428571428572,0.9091960489749908,0.027683275086539134,0.05374662801623344,0.9692546583850932,0.6857142857142857,0.9045716404914856,0.8090177238110924,70,4830
1,resnet18,pretrained,raw,adaptive,train,raw,1337,3,1,slice_level,0.7149321266968326,0.8461538461538461,0.8965219202624187,0.020392839185792398,0.010538683770165454,0.9284867904697556,0.4841628959276018,0.853365956478349,0.7507112671401166,663,44200
1,resnet18,pretrained,raw,adaptive,train,raw,1337,3,1,subject_level,0.6470588235294118,0.8552036199095022,0.9071830565033995,0.020583126339977144,0.020982026838912413,0.9708904217953991,0.7013574660633484,0.8988901813645168,0.7911975198079411,221,48620
1,resnet18,pretrained,raw,adaptive,test,raw,1337,3,1,slice_level,0.8142857142857143,0.9142857142857143,0.892865515606744,0.02758317845208304,0.0328057100863329,0.9264994897959183,0.5523809523809524,0.8500762553442092,0.7491298411956855,210,14000
1,resnet18,pretrained,raw,adaptive,test,raw,1337,3,1,subject_level,0.8142857142857143,0.8571428571428571,0.902728670835495,0.034192470141819545,0.06391762960702181,0.9698787341023366,0.7428571428571429,0.8964626508099692,0.7901528924148276,70,4830
2,resnet18,pretrained,raw,adaptive,train,raw,1337,3,1,slice_level,0.7972972972972973,0.9009009009009009,0.9376461411918606,0.012425819495776752,0.007274386296803887,0.9271322843113383,0.45345345345345345,0.9137159942148684,0.8153035781713757,666,44400
2,resnet18,pretrained,raw,adaptive,train,raw,1337,3,1,subject_level,0.7792792792792793,0.8963963963963963,0.9453974905851725,0.015461650517609742,0.017285692824369616,0.9622955932574375,0.6441441441441441,0.9414756851153331,0.8401888157603044,222,49062
2,resnet18,pretrained,raw,adaptive,test,raw,1337,3,1,slice_level,0.8115942028985508,0.927536231884058,0.9329414454059325,0.012577890485957048,0.018598374721688637,0.891974375131275,0.4057971014492754,0.9105448457929823,0.831278862149819,207,13800
2,resnet18,pretrained,raw,adaptive,test,raw,1337,3,1,subject_level,0.7971014492753623,0.9565217391304348,0.9412856015606202,0.020831888136656387,0.04363737949102685,0.9421340054610375,0.5507246376811594,0.9395702895910844,0.8579242707492953,69,4692
3,resnet18,pretrained,raw,adaptive,train,raw,1337,3,1,slice_level,0.6711711711711712,0.8153153153153153,0.8912903470499022,0.018604614981659898,0.011247067183658883,0.9120850918486052,0.42042042042042044,0.8459698513105467,0.7384658597181509,666,44400
3,resnet18,pretrained,raw,adaptive,train,raw,1337,3,1,subject_level,0.6441441441441441,0.8153153153153153,0.9022416657692677,0.01990389098992219,0.02217261955511194,0.9610196750498817,0.5675675675675675,0.8921938425785786,0.778771972687594,222,49062
3,resnet18,pretrained,raw,adaptive,test,raw,1337,3,1,slice_level,0.8840579710144928,0.9710144927536232,0.8960675217103267,0.025421592636384827,0.0327974009880985,0.914455646572849,0.46859903381642515,0.853133333477997,0.7485182038942972,207,13800
3,resnet18,pretrained,raw,adaptive,test,raw,1337,3,1,subject_level,0.7536231884057971,0.9130434782608695,0.9047575247460518,0.02963857460713041,0.06225899890389131,0.9675550119228536,0.6956521739130435,0.9006399926931962,0.7902857720064284,69,4692
4,resnet18,pretrained,raw,adaptive,train,raw,1337,3,1,slice_level,0.6306306306306306,0.8243243243243243,0.9891214899651639,0.001962116978189967,0.004158405161269747,0.8471884891648405,0.24174174174174173,0.9835049196764514,0.8598159160089117,666,44400
4,resnet18,pretrained,raw,adaptive,train,raw,1337,3,1,subject_level,0.6666666666666666,0.8108108108108109,0.9901663438156918,0.0027054207282023388,0.011762371783874728,0.891275049661377,0.36936936936936937,0.9889703433255892,0.8648872053398203,222,49062
4,resnet18,pretrained,raw,adaptive,test,raw,1337,3,1,slice_level,0.6231884057971014,0.7971014492753623,0.9837441945421523,0.0028633008832516875,0.011051602060974075,0.792966288594833,0.17391304347826086,0.9697151794525736,0.9050349695742994,207,13800
4,resnet18,pretrained,raw,adaptive,test,raw,1337,3,1,subject_level,0.6231884057971014,0.782608695652174,0.9847027262051901,0.003322811230369236,0.03072945792497932,0.8354244659426467,0.2608695652173913,0.9789291240166926,0.9137390658246688,69,4692
0,resnet18,pretrained,gs0,adaptive,train,gs0,1337,3,1,slice_level,0.6334841628959276,0.8235294117647058,0.9410549313234527,0.008177644796500919,0.006571713889784673,0.9169670290671089,0.3891402714932127,0.9176789885372777,0.8159982010155782,663,44200
0,resnet18,pretrained,gs0,adaptive,train,gs0,1337,3,1,subject_level,0.5927601809954751,0.8054298642533937,0.9493948962893421,0.009728655286504132,0.01611038553212428,0.9556973369989074,0.5339366515837104,0.9443598254773412,0.839769555931717,221,48620
0,resnet18,pretrained,gs0,adaptive,test,gs0,1337,3,1,slice_level,0.7142857142857143,0.9285714285714286,0.939548030921391,0.010856408732278007,0.01763308515240039,0.9055821428571428,0.37142857142857144,0.9168802667231787,0.8299813764691353,210,14000
0,resnet18,pretrained,gs0,adaptive,test,gs0,1337,3,1,subject_level,0.7142857142857143,0.9,0.9465339158262526,0.012008271047047206,0.04249143877199718,0.9477077787636794,0.5285714285714286,0.9433646832193647,0.853935742797812,70,4830
0,resnet18,pretrained,gs0,blind,train,raw,1337,3,1,slice_level,0.6334841628959276,0.7873303167420814,0.9711292642274054,0.008837027247674864,0.003587628283845556,0.8643429017969876,0.34238310708898945,0.9477118871330675,0.9081654294475711,663,44200
0,resnet18,pretrained,gs0,blind,train,raw,1337,3,1,subject_level,0.5475113122171946,0.7058823529411765,0.9704972138771644,0.007294861439666058,0.008555847833278627,0.9270935279785426,0.5294117647058824,0.9643249821878667,0.9240214473092473,221,48620
0,resnet18,pretrained,gs0,blind,test,raw,1337,3,1,slice_level,0.7571428571428571,0.8857142857142857,0.9709821794714246,0.01029928582055228,0.010613711617354835,0.8627938775510204,0.3952380952380952,0.9502537667751312,0.9116480886765889,210,14000
0,resnet18,pretrained,gs0,blind,test,raw,1337,3,1,subject_level,0.6714285714285714,0.8857142857142857,0.970779264824731,0.00911171521459307,0.025526999762015685,0.9346968352558415,0.5857142857142857,0.9670668584959847,0.9278253857640253,70,4830
1,resnet18,pretrained,gs0,adaptive,train,gs0,1337,3,1,slice_level,0.4841628959276018,0.7013574660633484,0.9816189505395846,0.002285186521607826,0.004038974783926933,0.8260329436334228,0.16138763197586728,0.9731212415666421,0.8748432621272171,663,44200
1,resnet18,pretrained,gs0,adaptive,train,gs0,1337,3,1,subject_level,0.5610859728506787,0.7194570135746606,0.9842306038373196,0.0027277534364035768,0.01120175139944815,0.8705437495695679,0.2081447963800905,0.981810680072232,0.8827759855068646,221,48620
1,resnet18,pretrained,gs0,adaptive,test,gs0,1337,3,1,slice_level,0.5714285714285714,0.7428571428571429,0.9761296859809331,0.002917993920189994,0.010139677760058216,0.8160360544217687,0.1523809523809524,0.961914153609957,0.9045329351297446,210,14000
1,resnet18,pretrained,gs0,adaptive,test,gs0,1337,3,1,subject_level,0.4857142857142857,0.7714285714285715,0.9795846377100264,0.0038213440350123814,0.02780791741928884,0.8700236616385685,0.2571428571428571,0.9750730080263955,0.9170592812277516,70,4830
1,resnet18,pretrained,gs0,blind,train,raw,1337,3,1,slice_level,0.6606334841628959,0.8054298642533937,0.988534425178804,0.003229059784660512,0.0022438056993496296,0.8791552008899627,0.3815987933634992,0.9797441802952624,0.9598799086210414,663,44200
1,resnet18,pretrained,gs0,blind,train,raw,1337,3,1,subject_level,0.5701357466063348,0.751131221719457,0.9885602469357969,0.002939605605008915,0.006151866174104931,0.9370133792212579,0.49321266968325794,0.9864294884970825,0.9664441731708229,221,48620
1,resnet18,pretrained,gs0,blind,test,raw,1337,3,1,slice_level,0.7142857142857143,0.9,0.9869981867926462,0.004509762355259486,0.007300274945529444,0.9077018707482993,0.41904761904761906,0.9785150598912012,0.9561521048162664,210,14000
1,resnet18,pretrained,gs0,blind,test,raw,1337,3,1,subject_level,0.6857142857142857,0.8571428571428571,0.9873244890144893,0.0048661189419882634,0.01987050013350589,0.9599822537710736,0.6428571428571429,0.9858940396990095,0.9633723571186974,70,4830
2,resnet18,pretrained,gs0,adaptive,train,gs0,1337,3,1,slice_level,0.6081081081081081,0.8063063063063063,0.9668572494038591,0.004563863212997849,0.004442252494554195,0.9027021447122798,0.3003003003003003,0.9550914492335048,0.8685941508989613,666,44400
2,resnet18,pretrained,gs0,adaptive,train,gs0,1337,3,1,subject_level,0.6846846846846847,0.8603603603603603,0.9721505837934511,0.005781610001314868,0.011906497109144388,0.9395823761880996,0.44144144144144143,0.9697763731887749,0.8817730629897517,222,49062
2,resnet18,pretrained,gs0,adaptive,test,gs0,1337,3,1,slice_level,0.6666666666666666,0.8405797101449275,0.9628470393194668,0.005204605883446293,0.01104767792655722,0.8461683469859274,0.24154589371980675,0.9499450717571277,0.8946757157643636,207,13800
2,resnet18,pretrained,gs0,adaptive,test,gs0,1337,3,1,subject_level,0.7246376811594203,0.9420289855072463,0.9687246265618698,0.007485152154728986,0.02935463068601878,0.8987406872011564,0.34782608695652173,0.9666133497072302,0.9104430254259784,69,4692
2,resnet18,pretrained,gs0,blind,train,raw,1337,3,1,slice_level,0.6801801801801802,0.7792792792792793,0.9833244748480685,0.004962470348890837,0.002622706614233352,0.8750078456835213,0.4084084084084084,0.9701654298885448,0.9432253417292157,666,44400
2,resnet18,pretrained,gs0,blind,train,raw,1337,3,1,subject_level,0.6576576576576577,0.7882882882882883,0.98304658725455,0.004340136104875857,0.006844747845117036,0.9399902072795555,0.5405405405405406,0.980147259997892,0.9528957589787124,222,49062
2,resnet18,pretrained,gs0,blind,test,raw,1337,3,1,slice_level,0.6666666666666666,0.8260869565217391,0.9817387504854064,0.0054524264473846,0.008172497227518023,0.8445289855072464,0.33816425120772947,0.9685227738486396,0.9436535721585371,207,13800
2,resnet18,pretrained,gs0,blind,test,raw,1337,3,1,subject_level,0.6086956521739131,0.7971014492753623,0.9812639260637588,0.005555253961811895,0.021249607961246933,0.9041476704103192,0.4927536231884058,0.9785010607346244,0.9533727622042328,69,4692
3,resnet18,pretrained,gs0,adaptive,train,gs0,1337,3,1,slice_level,0.6081081081081081,0.7972972972972973,0.8714926210609643,0.015640141459198686,0.00926790104944024,0.9001187674160648,0.4069069069069069,0.8283320389710389,0.7350254891195276,666,44400
3,resnet18,pretrained,gs0,adaptive,train,gs0,1337,3,1,subject_level,0.6171171171171171,0.8018018018018018,0.890188972155253,0.01706554062731631,0.019103992860428652,0.9494746672807086,0.5630630630630631,0.8795676234069171,0.7806307139257588,222,49062
3,resnet18,pretrained,gs0,adaptive,test,gs0,1337,3,1,slice_level,0.7681159420289855,0.8985507246376812,0.8695046512976937,0.019549054512079212,0.02580782798105392,0.9009535811804243,0.46859903381642515,0.8298550628233647,0.7422267957010131,207,13800
3,resnet18,pretrained,gs0,adaptive,test,gs0,1337,3,1,subject_level,0.7681159420289855,0.8695652173913043,0.8897457183271215,0.025011032387830208,0.05402945397772651,0.9440058316962576,0.6956521739130435,0.8817408050315968,0.7887702713206804,69,4692
3,resnet18,pretrained,gs0,blind,train,raw,1337,3,1,slice_level,0.5990990990990991,0.7072072072072072,0.9579181126109114,0.010772988065942988,0.004411186924338475,0.8398887739090442,0.2912912912912913,0.9253108765448894,0.8783259730685402,666,44400
3,resnet18,pretrained,gs0,blind,train,raw,1337,3,1,subject_level,0.5225225225225225,0.7387387387387387,0.9580414002543097,0.007783267680589143,0.00967421242337976,0.9169311325511643,0.4594594594594595,0.9496506237768912,0.9017487147379619,222,49062
3,resnet18,pretrained,gs0,blind,test,raw,1337,3,1,slice_level,0.8260869565217391,0.8840579710144928,0.9611688377200693,0.012983874134395433,0.013840493530142998,0.8488278022824337,0.3671497584541063,0.9308767076851665,0.8829538567644962,207,13800
3,resnet18,pretrained,gs0,blind,test,raw,1337,3,1,subject_level,0.7101449275362319,0.8405797101449275,0.9605131399804268,0.013342839220295782,0.03050165267094322,0.9231037720696345,0.5072463768115942,0.9544327803280043,0.9052910964685125,69,4692
4,resnet18,pretrained,gs0,adaptive,train,gs0,1337,3,1,slice_level,0.6531531531531531,0.8468468468468469,0.8657217935935871,0.01694374471097379,0.00977073825459491,0.9055034426318209,0.43993993993993996,0.8204800753264098,0.7253620218344636,666,44400
4,resnet18,pretrained,gs0,adaptive,train,gs0,1337,3,1,subject_level,0.6126126126126126,0.8018018018018018,0.8848126568235792,0.017542768437583168,0.019819048061329232,0.9577328337264744,0.6216216216216216,0.8749380605714815,0.7737657125147998,222,49062
4,resnet18,pretrained,gs0,adaptive,test,gs0,1337,3,1,slice_level,0.6811594202898551,0.8695652173913043,0.8580161168955375,0.02097083520198214,0.028555792041014934,0.9096243786319401,0.357487922705314,0.8130739501133057,0.7233235335565995,207,13800
4,resnet18,pretrained,gs0,adaptive,test,gs0,1337,3,1,subject_level,0.7101449275362319,0.8840579710144928,0.8752285743105239,0.01940772066945615,0.05500876339341419,0.965219862362084,0.5507246376811594,0.8675083137940669,0.7717476734623173,69,4692
4,resnet18,pretrained,gs0,blind,train,raw,1337,3,1,slice_level,0.6036036036036037,0.7297297297297297,0.9570952232356544,0.011269444012427115,0.004694039554771472,0.8289721985499012,0.32882882882882886,0.921676488162519,0.8735736980201961,666,44400
4,resnet18,pretrained,gs0,blind,train,raw,1337,3,1,subject_level,0.481981981981982,0.6756756756756757,0.9566992317234073,0.008852461436847309,0.010108151955546828,0.9099283642208921,0.46846846846846846,0.9468699873567702,0.8973450935913266,222,49062
4,resnet18,pretrained,gs0,blind,test,raw,1337,3,1,slice_level,0.6086956521739131,0.782608695652174,0.9541917564212412,0.01371046339256176,0.014274019046106201,0.8064575019253658,0.24154589371980675,0.9172264737783423,0.8744636774624603,207,13800
4,resnet18,pretrained,gs0,blind,test,raw,1337,3,1,subject_level,0.4927536231884058,0.7391304347826086,0.9514110563457876,0.008822620778843977,0.029208829788410145,0.9030480497176816,0.2753623188405797,0.9430693102919537,0.8991341426752616,69,4692
0,resnet18,pretrained,gs10,adaptive,train,gs10,1337,3,1,slice_level,0.4072398190045249,0.6515837104072398,0.9546767179243165,0.0034723786207345817,0.005559336427784613,0.8873699862820171,0.2171945701357466,0.9342058811612078,0.8333002528372933,663,44200
0,resnet18,pretrained,gs10,adaptive,train,gs10,1337,3,1,subject_level,0.4298642533936652,0.665158371040724,0.9621727822592895,0.00464707505109623,0.014537829695041903,0.9234725947462172,0.2850678733031674,0.9553214980466334,0.8526910841354662,221,48620
0,resnet18,pretrained,gs10,adaptive,test,gs10,1337,3,1,slice_level,0.4714285714285714,0.8,0.9505899310111999,0.005738949775695801,0.01483256517510329,0.8676755102040816,0.21428571428571427,0.9276924422809056,0.8517187663785049,210,14000
0,resnet18,pretrained,gs10,adaptive,test,gs10,1337,3,1,subject_level,0.5571428571428572,0.8142857142857143,0.9574756222111839,0.006042688233511788,0.037372572560395514,0.9173291925465838,0.34285714285714286,0.9509034744330815,0.8730041761205803,70,4830
0,resnet18,pretrained,gs10,blind,train,raw,1337,3,1,slice_level,0.746606334841629,0.8733031674208145,0.995974797468919,0.001686226728275351,0.0018679999795898257,0.9084402790005663,0.47058823529411764,0.9919253088769869,0.980785620688583,663,44200
0,resnet18,pretrained,gs10,blind,train,raw,1337,3,1,subject_level,0.6470588235294118,0.7782805429864253,0.9955343539358804,0.0018306533675387974,0.0053569089128252334,0.9663356606130096,0.6244343891402715,0.9947157634329472,0.9835305317629517,221,48620
0,resnet18,pretrained,gs10,blind,test,raw,1337,3,1,slice_level,0.8142857142857143,0.9142857142857143,0.9959826750414712,0.0019451013633183072,0.005907272208215935,0.8960205782312924,0.43333333333333335,0.9920553828988756,0.9804532437750272,210,14000
0,resnet18,pretrained,gs10,blind,test,raw,1337,3,1,subject_level,0.7,0.8857142857142857,0.9954954598631177,0.002136126586369106,0.0169811005837151,0.9448003549245785,0.6142857142857143,0.9946721860340664,0.9830358131948712,70,4830
1,resnet18,pretrained,gs10,adaptive,train,gs10,1337,3,1,slice_level,0.37104072398190047,0.6425339366515838,0.8444405597259556,0.009991979167472183,0.007255164602965251,0.8740374889949019,0.22021116138763197,0.8007173198380622,0.7240354571420683,663,44200
1,resnet18,pretrained,gs10,adaptive,train,gs10,1337,3,1,subject_level,0.43891402714932126,0.7285067873303167,0.8724896158028512,0.011213063924021311,0.015710951069294057,0.9273401073241372,0.3212669683257919,0.8595525835434236,0.7773459362424681,221,48620
1,resnet18,pretrained,gs10,adaptive,test,gs10,1337,3,1,slice_level,0.5428571428571428,0.7714285714285715,0.8345906138420105,0.012115626675742014,0.019213861865656715,0.8627489795918368,0.24761904761904763,0.7938946624596913,0.728649128739323,210,14000
1,resnet18,pretrained,gs10,adaptive,test,gs10,1337,3,1,subject_level,0.5,0.7857142857142857,0.8651778170040676,0.01598244650023324,0.040864960184054715,0.9303194321206744,0.35714285714285715,0.8552796968391964,0.7851460626036484,70,4830
1,resnet18,pretrained,gs10,blind,train,raw,1337,3,1,slice_level,0.7013574660633484,0.8235294117647058,0.9926761599148021,0.0024866127320544214,0.002071249350901204,0.8506415545682249,0.40271493212669685,0.985103648981897,0.9698145457738125,663,44200
1,resnet18,pretrained,gs10,blind,train,raw,1337,3,1,subject_level,0.6063348416289592,0.7601809954751131,0.992032708355744,0.0024213297334731436,0.005759637851301766,0.9100969565435895,0.5610859728506787,0.9900062637091762,0.9746937970794409,221,48620
1,resnet18,pretrained,gs10,blind,test,raw,1337,3,1,slice_level,0.8142857142857143,0.8428571428571429,0.9914944904191153,0.003250422648021153,0.006544723414949008,0.857715306122449,0.4238095238095238,0.9836504456542787,0.9685532857903413,210,14000
1,resnet18,pretrained,gs10,blind,test,raw,1337,3,1,subject_level,0.7285714285714285,0.8285714285714286,0.9907892031329019,0.0035888254642486572,0.0180600302826081,0.9231115054717539,0.5142857142857142,0.9890875773770469,0.9739129312536978,70,4830
2,resnet18,pretrained,gs10,adaptive,train,gs10,1337,3,1,slice_level,0.38738738738738737,0.6351351351351351,0.8563695971493248,0.01022760771416329,0.007227316661318345,0.8599665374834294,0.24024024024024024,0.8101847382995101,0.7349316993275204,666,44400
2,resnet18,pretrained,gs10,adaptive,train,gs10,1337,3,1,subject_level,0.4099099099099099,0.6846846846846847,0.881190953222481,0.010433185476440567,0.015317203128827853,0.9234719463256824,0.38288288288288286,0.8671547810773592,0.786764950067987,222,49062
2,resnet18,pretrained,gs10,adaptive,test,gs10,1337,3,1,slice_level,0.5797101449275363,0.782608695652174,0.8515393302060555,0.013011435667673746,0.019926808572009853,0.8348120142827136,0.22705314009661837,0.80748960217416,0.741070566807968,207,13800
2,resnet18,pretrained,gs10,adaptive,test,gs10,1337,3,1,subject_level,0.463768115942029,0.782608695652174,0.8767010742339535,0.013356267542078875,0.04138418222251146,0.9063283788625721,0.34782608695652173,0.8649704957353896,0.794055749769406,69,4692
2,resnet18,pretrained,gs10,blind,train,raw,1337,3,1,slice_level,0.6846846846846847,0.7972972972972973,0.9932847323718371,0.0023424018610705127,0.002021897901457877,0.848595504288072,0.3918918918918919,0.9859561411826102,0.9720462006021727,666,44400
2,resnet18,pretrained,gs10,blind,train,raw,1337,3,1,subject_level,0.5720720720720721,0.7477477477477478,0.9925649869549382,0.002093936945940997,0.005629352382006678,0.9212123949802804,0.5225225225225225,0.9906698191488111,0.9766243349788561,222,49062
2,resnet18,pretrained,gs10,blind,test,raw,1337,3,1,slice_level,0.6521739130434783,0.7971014492753623,0.9925920047621796,0.0022606979245724883,0.006345617794094311,0.8285965833508366,0.357487922705314,0.9854401681158278,0.9727073515930038,207,13800
2,resnet18,pretrained,gs10,blind,test,raw,1337,3,1,subject_level,0.6956521739130435,0.7681159420289855,0.9922486163567805,0.0026773646257925725,0.017831015926988228,0.8849846176655916,0.4927536231884058,0.9898902255555858,0.9771241613386639,69,4692
3,resnet18,pretrained,gs10,adaptive,train,gs10,1337,3,1,slice_level,0.4099099099099099,0.7162162162162162,0.9046453728869155,0.007053085275598474,0.007233853210686697,0.8934815558802045,0.26426426426426425,0.8709245331294544,0.7685060123595837,666,44400
3,resnet18,pretrained,gs10,adaptive,train,gs10,1337,3,1,subject_level,0.481981981981982,0.7072072072072072,0.9212812045672992,0.00853127375379339,0.016822817399762234,0.9348684473883202,0.35135135135135137,0.9110935918382697,0.8041468679086106,222,49062
3,resnet18,pretrained,gs10,adaptive,test,gs10,1337,3,1,slice_level,0.6231884057971014,0.8115942028985508,0.9009490401848502,0.012023715005404707,0.01936309507953516,0.879315094868025,0.3719806763285024,0.8675812652721497,0.7893043933614441,207,13800
3,resnet18,pretrained,gs10,adaptive,test,gs10,1337,3,1,subject_level,0.6231884057971014,0.8840579710144928,0.9169416712677997,0.013407959454301475,0.042798009822550026,0.9380042502193063,0.4927536231884058,0.909684451593869,0.8278131340292917,69,4692
3,resnet18,pretrained,gs10,blind,train,raw,1337,3,1,slice_level,0.6756756756756757,0.7747747747747747,0.9916779189496427,0.0028505408549093984,0.0021106053048300113,0.8450453494034575,0.3918918918918919,0.9828019994157212,0.9671801055873837,666,44400
3,resnet18,pretrained,gs10,blind,train,raw,1337,3,1,subject_level,0.6126126126126126,0.7387387387387387,0.9911077315205926,0.0025687754691184105,0.00580686265350999,0.916945822549956,0.4954954954954955,0.9885656876606984,0.9728780004600691,222,49062
3,resnet18,pretrained,gs10,blind,test,raw,1337,3,1,slice_level,0.8695652173913043,0.9130434782608695,0.9921875483747842,0.003425209418587063,0.006754191727309987,0.83841384863124,0.463768115942029,0.9836735952879496,0.967781653823196,207,13800
3,resnet18,pretrained,gs10,blind,test,raw,1337,3,1,subject_level,0.6956521739130435,0.855072463768116,0.9914626047231149,0.004039310026859892,0.018547088339708855,0.9195454489294143,0.5072463768115942,0.9894939021787782,0.9735163637490122,69,4692
4,resnet18,pretrained,gs10,adaptive,train,gs10,1337,3,1,slice_level,0.4864864864864865,0.7387387387387387,0.9348427833200575,0.005603830825101148,0.005121875386517327,0.8855562657251846,0.26576576576576577,0.9128995364134734,0.8362569286842066,666,44400
4,resnet18,pretrained,gs10,adaptive,train,gs10,1337,3,1,subject_level,0.5675675675675675,0.7522522522522522,0.9466574895489324,0.00671994686126709,0.012858327964807416,0.9315437793180241,0.43243243243243246,0.9406801032590436,0.8618481430833997,222,49062
4,resnet18,pretrained,gs10,adaptive,test,gs10,1337,3,1,slice_level,0.5507246376811594,0.8260869565217391,0.9251774869103363,0.007740585700325344,0.014385284127100655,0.8728910242946161,0.15942028985507245,0.9027774022973102,0.8374434806600861,207,13800
4,resnet18,pretrained,gs10,adaptive,test,gs10,1337,3,1,subject_level,0.5217391304347826,0.8695652173913043,0.9370181266812311,0.008757587792216867,0.03525617151804592,0.9209076195065298,0.2318840579710145,0.9326525261436683,0.8651824890423918,69,4692
4,resnet18,pretrained,gs10,blind,train,raw,1337,3,1,slice_level,0.7567567567567568,0.8198198198198198,0.9938432797118351,0.002210716138014922,0.0019965273892372714,0.8598121432243054,0.4264264264264264,0.987068232025828,0.9734606242139597,666,44400
4,resnet18,pretrained,gs10,blind,train,raw,1337,3,1,subject_level,0.6036036036036037,0.7387387387387387,0.9933094529955236,0.002115243995511854,0.005594917893963489,0.929547500294718,0.5630630630630631,0.9914731517568365,0.9778166515940601,222,49062
4,resnet18,pretrained,gs10,blind,test,raw,1337,3,1,slice_level,0.7681159420289855,0.9420289855072463,0.9928390349166981,0.002779368041218191,0.006472474429756403,0.8657757473920045,0.3671497584541063,0.9865703052944608,0.9717972068596578,207,13800
4,resnet18,pretrained,gs10,blind,test,raw,1337,3,1,subject_level,0.6666666666666666,0.8840579710144928,0.9917409385460011,0.0023747863976851754,0.018033403498323067,0.9345756576102401,0.463768115942029,0.9907729953959368,0.975936060772934,69,4692
0,resnet18,pretrained,gs20,adaptive,train,gs20,1337,3,1,slice_level,0.36199095022624433,0.6018099547511312,0.8667210947334497,0.008921378338498768,0.007000150017828019,0.8815650955822635,0.23378582202111614,0.8255253433282199,0.7464147795204124,663,44200
0,resnet18,pretrained,gs20,adaptive,train,gs20,1337,3,1,subject_level,0.38461538461538464,0.6470588235294118,0.8913251843927134,0.008795556978942043,0.015313311581124816,0.9321648075108282,0.2986425339366516,0.8785808447798992,0.7945587956932335,221,48620
0,resnet18,pretrained,gs20,adaptive,test,gs20,1337,3,1,slice_level,0.4142857142857143,0.7285714285714285,0.8601764695984977,0.011088589259556362,0.017984038817563226,0.8607256802721088,0.2523809523809524,0.8238847848914919,0.7565976245488439,210,14000
0,resnet18,pretrained,gs20,adaptive,test,gs20,1337,3,1,subject_level,0.4714285714285714,0.8142857142857143,0.8862024060317448,0.010596940347126552,0.039699798582920005,0.9283584738243124,0.34285714285714286,0.8774190085274832,0.8059646707637463,70,4830
0,resnet18,pretrained,gs20,blind,train,raw,1337,3,1,slice_level,0.7194570135746606,0.8144796380090498,0.9948407398090103,0.0021850728341357203,0.001975002135487265,0.8695919241347775,0.41478129713423834,0.9885413145048046,0.9754613565198437,663,44200
0,resnet18,pretrained,gs20,blind,train,raw,1337,3,1,subject_level,0.5927601809954751,0.746606334841629,0.9941851235083325,0.0020154930347770585,0.005560663126291058,0.9377027683522228,0.5746606334841629,0.9924989903674406,0.9794060536504331,221,48620
0,resnet18,pretrained,gs20,blind,test,raw,1337,3,1,slice_level,0.8142857142857143,0.9142857142857143,0.9948756515979766,0.002775942427771432,0.006189786296870027,0.8659921768707481,0.42857142857142855,0.9888306501365843,0.9759730812183448,210,14000
0,resnet18,pretrained,gs20,blind,test,raw,1337,3,1,subject_level,0.6714285714285714,0.8428571428571429,0.993895525591714,0.002550358431679862,0.017407722252288035,0.9311254066844129,0.5857142857142857,0.9925471561295646,0.9796426260693473,70,4830
1,resnet18,pretrained,gs20,adaptive,train,gs20,1337,3,1,slice_level,0.29411764705882354,0.579185520361991,0.9027747900237865,0.007304523325613721,0.007196775860915896,0.8454510213413593,0.18099547511312217,0.8563293708575437,0.7673591393636902,663,44200
1,resnet18,pretrained,gs20,adaptive,train,gs20,1337,3,1,subject_level,0.3031674208144796,0.5429864253393665,0.9192518184627343,0.006741075224466453,0.016043119199944837,0.8965566839335805,0.24434389140271492,0.9007020886667174,0.8077773124384124,221,48620
1,resnet18,pretrained,gs20,adaptive,test,gs20,1337,3,1,slice_level,0.37142857142857144,0.6571428571428571,0.8897142997809819,0.009185450417654855,0.018866136936204776,0.8120775510204082,0.1619047619047619,0.8425039052963257,0.7717772381603718,210,14000
1,resnet18,pretrained,gs20,adaptive,test,gs20,1337,3,1,subject_level,0.44285714285714284,0.6285714285714286,0.908140219109399,0.008918992962156024,0.041560433379241396,0.881106181603076,0.21428571428571427,0.8900955889906202,0.81572375214865,70,4830
1,resnet18,pretrained,gs20,blind,train,raw,1337,3,1,slice_level,0.6561085972850679,0.751131221719457,0.9939389099362749,0.0021007419711324424,0.002035858435661646,0.85415559331982,0.39064856711915535,0.9866924885531176,0.9722977071906107,663,44200
1,resnet18,pretrained,gs20,blind,train,raw,1337,3,1,subject_level,0.497737556561086,0.6742081447963801,0.9931317802468037,0.0019192099571228027,0.005696804941172514,0.9165002484872061,0.5294117647058824,0.9909891672263857,0.9765788484458225,221,48620
1,resnet18,pretrained,gs20,blind,test,raw,1337,3,1,slice_level,0.6714285714285714,0.8,0.9932930997439793,0.0027925848960876467,0.006521068353738104,0.848325,0.3761904761904762,0.9849107180322919,0.9704720992531095,210,14000
1,resnet18,pretrained,gs20,blind,test,raw,1337,3,1,subject_level,0.6285714285714286,0.7714285714285715,0.9925665361540658,0.0030739997114453996,0.01808079608849117,0.9163501922508134,0.5428571428571428,0.9900305577686854,0.975505740042799,70,4830
2,resnet18,pretrained,gs20,adaptive,train,gs20,1337,3,1,slice_level,0.38738738738738737,0.5765765765765766,0.9582631099331487,0.0032920638720194497,0.004530694555944285,0.8639513499986473,0.20270270270270271,0.941037058203786,0.8557542052985848,666,44400
2,resnet18,pretrained,gs20,adaptive,train,gs20,1337,3,1,subject_level,0.44594594594594594,0.6621621621621622,0.965337797596648,0.0038967841380351297,0.011905055266578455,0.8994915791418175,0.2927927927927928,0.9599059398646828,0.8731254012511501,222,49062
2,resnet18,pretrained,gs20,adaptive,test,gs20,1337,3,1,slice_level,0.30434782608695654,0.6521739130434783,0.9553620081016982,0.004113718219425367,0.010904558468610048,0.8098689000910173,0.1497584541062802,0.9376174467773253,0.8892268457706424,207,13800
2,resnet18,pretrained,gs20,adaptive,test,gs20,1337,3,1,subject_level,0.4057971014492754,0.7101449275362319,0.963437254878058,0.004770936309427455,0.02856349021844242,0.865837009031716,0.2318840579710145,0.9581650841063347,0.9087332019110774,69,4692
2,resnet18,pretrained,gs20,blind,train,raw,1337,3,1,slice_level,0.7882882882882883,0.8648648648648649,0.9948071166201755,0.0022386081583865053,0.002012412418791739,0.9136874205286367,0.5255255255255256,0.9894355360989098,0.9738852089576356,666,44400
2,resnet18,pretrained,gs20,blind,train,raw,1337,3,1,subject_level,0.7027027027027027,0.8468468468468469,0.994132150937845,0.002452106894673528,0.005690427983666325,0.9635810599642078,0.7072072072072072,0.9930507978340527,0.9774385388316578,222,49062
2,resnet18,pretrained,gs20,blind,test,raw,1337,3,1,slice_level,0.8115942028985508,0.9130434782608695,0.9943999086601146,0.002233194268268088,0.006244535551176987,0.8982234124483652,0.4782608695652174,0.9896823018069428,0.9758631478228431,207,13800
2,resnet18,pretrained,gs20,blind,test,raw,1337,3,1,subject_level,0.7101449275362319,0.8695652173913043,0.9939316735751387,0.0029225288957789326,0.017735415610714234,0.9494174481386757,0.5942028985507246,0.9931511265644128,0.979275030870775,69,4692
3,resnet18,pretrained,gs20,adaptive,train,gs20,1337,3,1,slice_level,0.3108108108108108,0.527027027027027,0.9800661380763527,0.001699999646023587,0.004558914934645768,0.82626903930958,0.11261261261261261,0.9665012488494048,0.8553193810508326,666,44400
3,resnet18,pretrained,gs20,adaptive,train,gs20,1337,3,1,subject_level,0.32432432432432434,0.5540540540540541,0.9831407142652048,0.0019177971659479914,0.01263234890401699,0.8621945903344951,0.14414414414414414,0.9772156187005945,0.8640881342895605,222,49062
3,resnet18,pretrained,gs20,adaptive,test,gs20,1337,3,1,slice_level,0.42028985507246375,0.6376811594202898,0.9763354918231135,0.0028907293858735457,0.010493198024999836,0.7802303437653154,0.10628019323671498,0.9570215845453567,0.9079436528661113,207,13800
3,resnet18,pretrained,gs20,adaptive,test,gs20,1337,3,1,subject_level,0.391304347826087,0.5942028985507246,0.9799549847409346,0.003127804700879083,0.0286134146693824,0.8458677737005326,0.13043478260869565,0.9720835979434027,0.9221854199864167,69,4692
3,resnet18,pretrained,gs20,blind,train,raw,1337,3,1,slice_level,0.7162162162162162,0.8063063063063063,0.9956142539913589,0.002061753122656195,0.0019315729008962375,0.8647163041419799,0.4369369369369369,0.9896989221329445,0.9776066039247556,666,44400
3,resnet18,pretrained,gs20,blind,train,raw,1337,3,1,subject_level,0.5990990990990991,0.7567567567567568,0.9948077234061988,0.001751174529393514,0.005466633694464559,0.9339606513692364,0.5495495495495496,0.9931275809670354,0.9809522871530176,222,49062
3,resnet18,pretrained,gs20,blind,test,raw,1337,3,1,slice_level,0.8260869565217391,0.8985507246376812,0.995607866757158,0.002178616281868755,0.0061221313662827015,0.866817370300357,0.5120772946859904,0.9904348775384507,0.9784893282772839,207,13800
3,resnet18,pretrained,gs20,blind,test,raw,1337,3,1,subject_level,0.6956521739130435,0.855072463768116,0.9949072849923286,0.002466162909632144,0.01738827953628008,0.9259485772885083,0.6666666666666666,0.9937203060025754,0.9817234804664833,69,4692
4,resnet18,pretrained,gs20,adaptive,train,gs20,1337,3,1,slice_level,0.32882882882882886,0.5900900900900901,0.9264663157162366,0.005022884757669123,0.00550819276769117,0.8806402686470255,0.18018018018018017,0.9009200601248412,0.8167336082364525,666,44400
4,resnet18,pretrained,gs20,adaptive,train,gs20,1337,3,1,subject_level,0.4009009009009009,0.6801801801801802,0.9402045392775321,0.005846681090088578,0.013611131423228496,0.9239992254698137,0.26576576576576577,0.9325203307577081,0.8455157004967092,222,49062
4,resnet18,pretrained,gs20,adaptive,test,gs20,1337,3,1,slice_level,0.5362318840579711,0.8260869565217391,0.9211556574572688,0.007824045160542364,0.016057255907335144,0.8799114331723027,0.18840579710144928,0.8953528720975498,0.8216745149570963,207,13800
4,resnet18,pretrained,gs20,adaptive,test,gs20,1337,3,1,subject_level,0.5217391304347826,0.8840579710144928,0.9336798597073209,0.009378389171932055,0.038584087718872055,0.9290312218144977,0.2608695652173913,0.9276938637097677,0.8513628746821955,69,4692
4,resnet18,pretrained,gs20,blind,train,raw,1337,3,1,slice_level,0.7612612612612613,0.8378378378378378,0.9944312886611836,0.0025280518037778836,0.0020102892912135604,0.8908965553391229,0.47897897897897895,0.9882740044558013,0.9735318234817939,666,44400
4,resnet18,pretrained,gs20,blind,train,raw,1337,3,1,subject_level,0.6531531531531531,0.7927927927927928,0.9937758107443113,0.002341948650978707,0.005658053039984258,0.943357981315056,0.6261261261261262,0.992217364343437,0.9774658142655358,222,49062
4,resnet18,pretrained,gs20,blind,test,raw,1337,3,1,slice_level,0.7971014492753623,0.9565217391304348,0.9935833328012107,0.002727755601855292,0.006467709155834239,0.8915283903941749,0.46859903381642515,0.9878893946679894,0.9726180950886961,207,13800
4,resnet18,pretrained,gs20,blind,test,raw,1337,3,1,subject_level,0.7101449275362319,0.8985507246376812,0.9928509783053744,0.0029287787451260333,0.01820903994898865,0.9466436858297194,0.6521739130434783,0.9917875381483547,0.9764696876919381,69,4692
0,resnet18,pretrained,gs30,adaptive,train,gs30,1337,3,1,slice_level,0.31221719457013575,0.5927601809954751,0.8702574860456302,0.007606748002686651,0.0062333594447178805,0.8707194945503437,0.1975867269984917,0.8330884333109964,0.7587077861714148,663,44200
0,resnet18,pretrained,gs30,adaptive,train,gs30,1337,3,1,subject_level,0.3755656108597285,0.669683257918552,0.8946626914572392,0.00757745757901291,0.014043424868475797,0.9209118270603498,0.26244343891402716,0.8836703810217154,0.8048402760032272,221,48620
0,resnet18,pretrained,gs30,adaptive,test,gs30,1337,3,1,slice_level,0.4142857142857143,0.7428571428571429,0.8619513017790658,0.008849889891488211,0.015639837538557393,0.8292445578231293,0.2,0.8279128594057901,0.7695918353029659,210,14000
0,resnet18,pretrained,gs30,adaptive,test,gs30,1337,3,1,subject_level,0.4714285714285714,0.8,0.88845226253782,0.009139517375401088,0.03548887869609254,0.8922448979591837,0.22857142857142856,0.8797607822077614,0.8179338593907485,70,4830
0,resnet18,pretrained,gs30,blind,train,raw,1337,3,1,slice_level,0.6787330316742082,0.8009049773755657,0.9941262724173016,0.0022672387809235584,0.0020307348287828706,0.8894618592302914,0.4193061840120664,0.987638700871446,0.9728355404289599,663,44200
0,resnet18,pretrained,gs30,blind,train,raw,1337,3,1,subject_level,0.5927601809954751,0.751131221719457,0.9934364468263824,0.0021167651021102973,0.005694522988051176,0.9484483509570014,0.5746606334841629,0.9918429624980392,0.9769813081147689,221,48620
0,resnet18,pretrained,gs30,blind,test,raw,1337,3,1,slice_level,0.8,0.9142857142857143,0.9941992231777736,0.0026371989931379047,0.006434108143938439,0.8811397959183673,0.44285714285714284,0.9878921434992836,0.9723910913893155,210,14000
0,resnet18,pretrained,gs30,blind,test,raw,1337,3,1,subject_level,0.7285714285714285,0.8571428571428571,0.9931489254747118,0.0024467783314841133,0.017981294675597122,0.946435965690624,0.6,0.9920117480414254,0.9764481187360381,70,4830
1,resnet18,pretrained,gs30,adaptive,train,gs30,1337,3,1,slice_level,0.19004524886877827,0.46153846153846156,0.854804312751304,0.008208769209244671,0.007184328933823769,0.833701330166595,0.16289592760180996,0.799994112499519,0.7330317836770645,663,44200
1,resnet18,pretrained,gs30,adaptive,train,gs30,1337,3,1,subject_level,0.2669683257918552,0.4751131221719457,0.881032971235422,0.008115605800939361,0.015009590938721038,0.8937215100576825,0.22171945701357465,0.8587231428375072,0.7870169291595331,221,48620
1,resnet18,pretrained,gs30,adaptive,test,gs30,1337,3,1,slice_level,0.3,0.6142857142857143,0.8385047495365143,0.010044204337256295,0.017776207506124464,0.7982421768707483,0.17142857142857143,0.7883207749752771,0.734365356117487,210,14000
1,resnet18,pretrained,gs30,adaptive,test,gs30,1337,3,1,subject_level,0.35714285714285715,0.6142857142857143,0.868577252967017,0.009838101693562099,0.03779288506401437,0.8703756285122745,0.2857142857142857,0.8497091846806663,0.7917223019999747,70,4830
1,resnet18,pretrained,gs30,blind,train,raw,1337,3,1,slice_level,0.669683257918552,0.8054298642533937,0.993878275021169,0.0023971334841456347,0.002099142405120192,0.8686651242467054,0.4238310708898944,0.9863114683336802,0.9700374636364198,663,44200
1,resnet18,pretrained,gs30,blind,train,raw,1337,3,1,subject_level,0.5384615384615384,0.7285067873303167,0.992912424096155,0.002004855628466714,0.005858996960996098,0.9243213135015105,0.5475113122171946,0.9906340287281916,0.974349886339567,221,48620
1,resnet18,pretrained,gs30,blind,test,raw,1337,3,1,slice_level,0.7142857142857143,0.8285714285714286,0.9932773087705885,0.0028382863317217145,0.006622161503349031,0.8569882653061224,0.41904761904761906,0.9849645055475689,0.9691816032443727,210,14000
1,resnet18,pretrained,gs30,blind,test,raw,1337,3,1,subject_level,0.6,0.7571428571428571,0.9922652295657567,0.0031652748584747314,0.018345184650804314,0.9173824312333629,0.5285714285714286,0.9899545073509216,0.9740744526588645,70,4830
2,resnet18,pretrained,gs30,adaptive,train,gs30,1337,3,1,slice_level,0.23423423423423423,0.5045045045045045,0.8357269302144781,0.00930109539547482,0.006801399541809014,0.8626727741254769,0.1996996996996997,0.7877420612999627,0.7190487214010041,666,44400
2,resnet18,pretrained,gs30,adaptive,train,gs30,1337,3,1,subject_level,0.36936936936936937,0.581081081081081,0.8668127932527043,0.008436052648870795,0.014524627355271363,0.9240241066552672,0.2747747747747748,0.8502131579695521,0.7761886297409992,222,49062
2,resnet18,pretrained,gs30,adaptive,test,gs30,1337,3,1,slice_level,0.4492753623188406,0.7391304347826086,0.8308789159940637,0.012129677378613016,0.01832864019155934,0.8342214520758945,0.17391304347826086,0.7875601030202304,0.7272051041411317,207,13800
2,resnet18,pretrained,gs30,adaptive,test,gs30,1337,3,1,subject_level,0.463768115942029,0.6956521739130435,0.8635012740674226,0.010714088661083277,0.03884685806174209,0.8945012787723784,0.2463768115942029,0.8506780975106834,0.7857226087360024,69,4692
2,resnet18,pretrained,gs30,blind,train,raw,1337,3,1,slice_level,0.6711711711711712,0.7927927927927928,0.9930480976362486,0.002781620165249249,0.0022457699618629507,0.8702050699347996,0.4264264264264264,0.9838494179664073,0.9638230441081095,666,44400
2,resnet18,pretrained,gs30,blind,train,raw,1337,3,1,subject_level,0.5540540540540541,0.7162162162162162,0.9919030561640456,0.002500514994870435,0.006164520311899282,0.9357055477882187,0.536036036036036,0.9893310241871052,0.969142909795878,222,49062
2,resnet18,pretrained,gs30,blind,test,raw,1337,3,1,slice_level,0.7681159420289855,0.8840579710144928,0.9925582616225533,0.00295930582544078,0.007000174366639576,0.8622946859903382,0.4106280193236715,0.9846254857841897,0.9653900915427485,207,13800
2,resnet18,pretrained,gs30,blind,test,raw,1337,3,1,subject_level,0.6521739130434783,0.8115942028985508,0.9916796554689822,0.0035230431003846984,0.019341237897026367,0.9188164868972165,0.5217391304347826,0.9897880001344542,0.9704580204489895,69,4692
3,resnet18,pretrained,gs30,adaptive,train,gs30,1337,3,1,slice_level,0.2927927927927928,0.5495495495495496,0.9048286144797867,0.005644980583105002,0.005428256618010031,0.873988650812975,0.21021021021021022,0.8743611707522705,0.8030207554969164,666,44400
3,resnet18,pretrained,gs30,adaptive,train,gs30,1337,3,1,subject_level,0.35585585585585583,0.6801801801801802,0.9230865065578941,0.006280281790741929,0.012907901380278237,0.9195119358076433,0.27927927927927926,0.9133848104927991,0.8388833291599322,222,49062
3,resnet18,pretrained,gs30,adaptive,test,gs30,1337,3,1,slice_level,0.4057971014492754,0.7246376811594203,0.8963604802670686,0.007138242756111034,0.013464356354181316,0.85714625778898,0.19806763285024154,0.8697877218181961,0.8176096717300623,207,13800
3,resnet18,pretrained,gs30,adaptive,test,gs30,1337,3,1,subject_level,0.5652173913043478,0.782608695652174,0.9160495063532954,0.00725721708242444,0.03186247292636098,0.9158048852811446,0.2753623188405797,0.9099377454191014,0.8554295158523428,69,4692
3,resnet18,pretrained,gs30,blind,train,raw,1337,3,1,slice_level,0.6891891891891891,0.7972972972972973,0.9944493308797613,0.002129703491657704,0.001998040038538543,0.8753557442577713,0.43843843843843844,0.987824340124388,0.9739701745155696,666,44400
3,resnet18,pretrained,gs30,blind,train,raw,1337,3,1,subject_level,0.6081081081081081,0.7567567567567568,0.9937561046969783,0.0018943717350830903,0.005610728718189371,0.9359759814847255,0.5945945945945946,0.9919406264214903,0.9780952628235865,222,49062
3,resnet18,pretrained,gs30,blind,test,raw,1337,3,1,slice_level,0.7971014492753623,0.927536231884058,0.9947226513987002,0.0028069788131161013,0.0063301471696383714,0.8623792270531401,0.4782608695652174,0.9883217837499536,0.9752720232113548,207,13800
3,resnet18,pretrained,gs30,blind,test,raw,1337,3,1,subject_level,0.7536231884057971,0.8695652173913043,0.9936441658199697,0.0028246200602987537,0.017716319610675175,0.9252041711454588,0.6956521739130435,0.9922706838967144,0.9791726465801449,69,4692
4,resnet18,pretrained,gs30,adaptive,train,gs30,1337,3,1,slice_level,0.2702702702702703,0.5045045045045045,0.8393911332697481,0.008682091493864317,0.006286377665116913,0.825457129426724,0.16516516516516516,0.7897822270701239,0.7294338500687668,666,44400
4,resnet18,pretrained,gs30,adaptive,train,gs30,1337,3,1,subject_level,0.30180180180180183,0.5990990990990991,0.8691811403175732,0.007489369259224282,0.013107032838134884,0.8932116046583456,0.24324324324324326,0.8525991842553422,0.7876917284961084,222,49062
4,resnet18,pretrained,gs30,adaptive,test,gs30,1337,3,1,slice_level,0.37681159420289856,0.5652173913043478,0.8284138587937839,0.00977155177489571,0.018371788082995277,0.8258518868585031,0.13526570048309178,0.7858781970065573,0.7243669929063838,207,13800
4,resnet18,pretrained,gs30,adaptive,test,gs30,1337,3,1,subject_level,0.42028985507246375,0.6956521739130435,0.8592191701350005,0.00939493507578753,0.03901483080741288,0.8953290831140269,0.2318840579710145,0.8473249656566675,0.7810401185546689,69,4692
4,resnet18,pretrained,gs30,blind,train,raw,1337,3,1,slice_level,0.6756756756756757,0.7927927927927928,0.9931535949041178,0.0026707098827705726,0.002118346058482489,0.854310983280578,0.4159159159159159,0.9844993177476946,0.968442447130476,666,44400
4,resnet18,pretrained,gs30,blind,train,raw,1337,3,1,subject_level,0.545045045045045,0.7162162162162162,0.9921919110122027,0.002071163407317153,0.0058381977419763266,0.923942164005757,0.5720720720720721,0.9897135767313812,0.9735934690827334,222,49062
4,resnet18,pretrained,gs30,blind,test,raw,1337,3,1,slice_level,0.6956521739130435,0.8985507246376812,0.9920336655948473,0.0032950242360432944,0.006939274596347325,0.8709243506266191,0.37681159420289856,0.9841978040294371,0.9658530140916507,207,13800
4,resnet18,pretrained,gs30,blind,test,raw,1337,3,1,subject_level,0.7536231884057971,0.8405797101449275,0.9911077074382616,0.0030777238417362823,0.019180117147988167,0.9311038214907892,0.6086956521739131,0.9892619623654131,0.9708410455874673,69,4692
0,resnet18,pretrained,gs40,adaptive,train,gs40,1337,3,1,slice_level,0.2669683257918552,0.5248868778280543,0.8664711775822876,0.006713449415578022,0.005701806025402579,0.8691789855517565,0.18099547511312217,0.8299338947054488,0.7627880625905494,663,44200
0,resnet18,pretrained,gs40,adaptive,train,gs40,1337,3,1,subject_level,0.3257918552036199,0.579185520361991,0.8933107402529652,0.006675141968878146,0.012882322846275515,0.9194713457955406,0.27601809954751133,0.8819902439462654,0.8108750587723864,221,48620
0,resnet18,pretrained,gs40,adaptive,test,gs40,1337,3,1,slice_level,0.3,0.7285714285714285,0.8595579717840467,0.00735911386353629,0.015155876600848777,0.8544210884353742,0.14285714285714285,0.8273234438328516,0.7702322670647076,210,14000
0,resnet18,pretrained,gs40,adaptive,test,gs40,1337,3,1,subject_level,0.44285714285714284,0.8285714285714286,0.8875680582863944,0.007737599951880319,0.03415309137531689,0.9181632653061226,0.2,0.8809597168649946,0.8202621716890276,70,4830
0,resnet18,pretrained,gs40,blind,train,raw,1337,3,1,slice_level,0.6561085972850679,0.7873303167420814,0.9942100919209994,0.002283364399525914,0.0020369074246277233,0.869710130832702,0.39215686274509803,0.9869093558727167,0.9727201148651844,663,44200
0,resnet18,pretrained,gs40,blind,train,raw,1337,3,1,subject_level,0.5429864253393665,0.7104072398190046,0.9934838244278507,0.0020572092738086823,0.005683320770419426,0.9377647970873948,0.5384615384615384,0.9914453385642211,0.9771421482819483,221,48620
0,resnet18,pretrained,gs40,blind,test,raw,1337,3,1,slice_level,0.8285714285714286,0.9142857142857143,0.9941981281552996,0.0032255079065050397,0.006410415131332618,0.8818812925170068,0.43333333333333335,0.9873032743022555,0.9727656442480428,210,14000
0,resnet18,pretrained,gs40,blind,test,raw,1337,3,1,subject_level,0.6428571428571429,0.8714285714285714,0.992811575957707,0.00277560864176069,0.017772274278104305,0.9518189884649512,0.5571428571428572,0.9916322214262826,0.9770283093240197,70,4830
1,resnet18,pretrained,gs40,adaptive,train,gs40,1337,3,1,slice_level,0.16289592760180996,0.3574660633484163,0.832915294763729,0.006571313105017891,0.005486290958790083,0.8302024255577622,0.14328808446455504,0.7868566044675099,0.7343245008493441,663,44200
1,resnet18,pretrained,gs40,adaptive,train,gs40,1337,3,1,subject_level,0.23529411764705882,0.4660633484162896,0.8654467363702766,0.00643396242711339,0.01189068879729887,0.8955767881306875,0.2081447963800905,0.8480171216019677,0.7916601338745978,221,48620
1,resnet18,pretrained,gs40,adaptive,test,gs40,1337,3,1,slice_level,0.2571428571428571,0.5857142857142857,0.8230886331626347,0.009135251385825022,0.01457952761224338,0.8102312925170069,0.14761904761904762,0.7834618937401544,0.7371619520017079,210,14000
1,resnet18,pretrained,gs40,adaptive,test,gs40,1337,3,1,subject_level,0.4,0.7285714285714285,0.861235386133194,0.009417285237993513,0.03258166169481618,0.8761520260278025,0.2714285714285714,0.8488857064928327,0.7988390253320737,70,4830
1,resnet18,pretrained,gs40,blind,train,raw,1337,3,1,slice_level,0.6334841628959276,0.8054298642533937,0.9937715411725627,0.0023040145770456995,0.0020438695275877936,0.8657533629532563,0.4117647058823529,0.9865521126023604,0.9719892565252015,663,44200
1,resnet18,pretrained,gs40,blind,train,raw,1337,3,1,subject_level,0.5248868778280543,0.7420814479638009,0.9928535438770623,0.0018853013871482055,0.0057050313766860315,0.927373518150734,0.5339366515837104,0.9908847571498128,0.9762552515082965,221,48620
1,resnet18,pretrained,gs40,blind,test,raw,1337,3,1,slice_level,0.7142857142857143,0.8285714285714286,0.9929284172398704,0.0025863332407815116,0.006402296699317438,0.8533301020408163,0.36666666666666664,0.9855504305589766,0.97145141351223,210,14000
1,resnet18,pretrained,gs40,blind,test,raw,1337,3,1,subject_level,0.6428571428571429,0.7285714285714285,0.9923704079219273,0.0033252486160823278,0.01785130857356957,0.9207216799763385,0.5142857142857142,0.9904823541641236,0.976308888949716,70,4830
2,resnet18,pretrained,gs40,adaptive,train,gs40,1337,3,1,slice_level,0.14864864864864866,0.45045045045045046,0.8856482669576868,0.005360444655289521,0.005227255809062102,0.8544159531152774,0.14714714714714713,0.8516456353234815,0.7871824274071165,666,44400
2,resnet18,pretrained,gs40,adaptive,train,gs40,1337,3,1,subject_level,0.24324324324324326,0.5855855855855856,0.9083880339119885,0.005325553921965865,0.01230892423657818,0.8985861243412913,0.22972972972972974,0.8966925697283702,0.829208662824476,222,49062
2,resnet18,pretrained,gs40,adaptive,test,gs40,1337,3,1,slice_level,0.391304347826087,0.6086956521739131,0.8826645457226298,0.007491354493127353,0.013306695873430674,0.7876522789329973,0.13526570048309178,0.8501509632465344,0.8034499230548955,207,13800
2,resnet18,pretrained,gs40,adaptive,test,gs40,1337,3,1,subject_level,0.43478260869565216,0.7536231884057971,0.9049640211506166,0.007365004739899567,0.030779206855357556,0.8515944500043243,0.2608695652173913,0.8960458264834639,0.8468381178907523,69,4692
2,resnet18,pretrained,gs40,blind,train,raw,1337,3,1,slice_level,0.6846846846846847,0.8063063063063063,0.9955102573106954,0.0018044879307618012,0.001911227721385322,0.8884118747125503,0.45045045045045046,0.9903330693731794,0.9783006703840182,666,44400
2,resnet18,pretrained,gs40,blind,train,raw,1337,3,1,subject_level,0.5900900900900901,0.7747747747747747,0.9949057341158927,0.0016850549895484168,0.005431703056905184,0.9480683294276299,0.6036036036036037,0.9936521453363402,0.9815845683081589,222,49062
2,resnet18,pretrained,gs40,blind,test,raw,1337,3,1,slice_level,0.7536231884057971,0.8985507246376812,0.995322679263958,0.001997553783914317,0.005984019035932379,0.8771422320240846,0.4492753623188406,0.9909495296685592,0.9799968357319417,207,13800
2,resnet18,pretrained,gs40,blind,test,raw,1337,3,1,subject_level,0.6956521739130435,0.855072463768116,0.9947587502175483,0.002167630886686021,0.017070703883317932,0.9260350643092776,0.5507246376811594,0.9939714307370393,0.9829881861996468,69,4692
3,resnet18,pretrained,gs40,adaptive,train,gs40,1337,3,1,slice_level,0.24324324324324326,0.43243243243243246,0.9698447896553589,0.0019419555728499953,0.00582931095918825,0.8602054419284149,0.12462462462462462,0.9453486341076929,0.8174601750411429,666,44400
3,resnet18,pretrained,gs40,adaptive,train,gs40,1337,3,1,subject_level,0.25225225225225223,0.45045045045045046,0.9752306452205589,0.00251332274428359,0.015739556771140913,0.889413689095724,0.14864864864864866,0.9622909520660434,0.8324840174013954,222,49062
3,resnet18,pretrained,gs40,adaptive,test,gs40,1337,3,1,slice_level,0.2608695652173913,0.5072463768115942,0.9642707498177238,0.0026508060054502625,0.014573733349317226,0.795220716936218,0.12560386473429952,0.9305058605429055,0.8491935122293839,207,13800
3,resnet18,pretrained,gs40,adaptive,test,gs40,1337,3,1,subject_level,0.2753623188405797,0.5362318840579711,0.9702730040619338,0.0035828369251195936,0.03841153553862502,0.8487743553628131,0.17391304347826086,0.953480285146962,0.8703699553447306,69,4692
3,resnet18,pretrained,gs40,blind,train,raw,1337,3,1,slice_level,0.7297297297297297,0.8333333333333334,0.9973043007356627,0.0011120403672123815,0.0017938476191154001,0.8902799251954656,0.43543543543543545,0.9939816602178522,0.9845835768438137,666,44400
3,resnet18,pretrained,gs40,blind,train,raw,1337,3,1,subject_level,0.6081081081081081,0.7477477477477478,0.9969716488241075,0.0011856198847830833,0.005203879679561601,0.9482791309102915,0.5495495495495496,0.9960952624007389,0.9866860910365072,222,49062
3,resnet18,pretrained,gs40,blind,test,raw,1337,3,1,slice_level,0.855072463768116,0.927536231884058,0.9973997473716736,0.0013057883234991543,0.005689068825618512,0.888471609605825,0.5024154589371981,0.9942941780827471,0.9856504989059075,207,13800
3,resnet18,pretrained,gs40,blind,test,raw,1337,3,1,subject_level,0.7246376811594203,0.855072463768116,0.9970219593117202,0.0017240686693053315,0.016529988753946796,0.9362992203812841,0.6231884057971014,0.9962180835613306,0.9875576480371975,69,4692
4,resnet18,pretrained,gs40,adaptive,train,gs40,1337,3,1,slice_level,0.19369369369369369,0.42342342342342343,0.8393283242040926,0.007269304346393894,0.0066126511413352315,0.8312995427860294,0.15165165165165165,0.7891975668099549,0.722182368364957,666,44400
4,resnet18,pretrained,gs40,adaptive,train,gs40,1337,3,1,subject_level,0.25675675675675674,0.4864864864864865,0.8709881152655627,0.006904205223461529,0.01422150089061475,0.8887333126204351,0.21171171171171171,0.8516603984811284,0.7796665436835875,222,49062
4,resnet18,pretrained,gs40,adaptive,test,gs40,1337,3,1,slice_level,0.36231884057971014,0.6521739130434783,0.8326179238333218,0.011946990870047306,0.019730141561856304,0.8255133725407827,0.11594202898550725,0.7857779489047285,0.7208235103755758,207,13800
4,resnet18,pretrained,gs40,adaptive,test,gs40,1337,3,1,subject_level,0.3333333333333333,0.6666666666666666,0.8631837834482607,0.011189455571381943,0.04193215774021287,0.8832116337398224,0.13043478260869565,0.8467854917913243,0.7769682219494944,69,4692
4,resnet18,pretrained,gs40,blind,train,raw,1337,3,1,slice_level,0.7072072072072072,0.8063063063063063,0.9945750314373154,0.001982536401834574,0.0020068798215245945,0.8661871499878258,0.4264264264264264,0.987662204303541,0.9737038649618626,666,44400
4,resnet18,pretrained,gs40,blind,train,raw,1337,3,1,subject_level,0.536036036036036,0.7297297297297297,0.9938457323624207,0.0019675678498036154,0.005626268586278096,0.933702153296748,0.5855855855855856,0.9918970033392176,0.9779164524245731,222,49062
4,resnet18,pretrained,gs40,blind,test,raw,1337,3,1,slice_level,0.7391304347826086,0.8695652173913043,0.9939462456150331,0.0026428552641384845,0.006432685947072679,0.8744258909192746,0.42028985507246375,0.9875372783573353,0.9733430409647417,207,13800
4,resnet18,pretrained,gs40,blind,test,raw,1337,3,1,subject_level,0.7101449275362319,0.8840579710144928,0.992912365042645,0.002636193365290545,0.01796737459042798,0.9441942498486477,0.4782608695652174,0.9916618984678517,0.977419114567638,69,4692
0,resnet18,pretrained,gs50,adaptive,train,gs50,1337,3,1,slice_level,0.19909502262443438,0.40271493212669685,0.8408379258073833,0.007292381508857416,0.006136146283443023,0.8387589661691338,0.1583710407239819,0.794495701789856,0.7328282096280772,663,44200
0,resnet18,pretrained,gs50,adaptive,train,gs50,1337,3,1,subject_level,0.25339366515837103,0.48868778280542985,0.8717860843800851,0.00613942701892076,0.013116863813268114,0.8961074991019095,0.2398190045248869,0.855643363290243,0.7893194048812192,221,48620
0,resnet18,pretrained,gs50,adaptive,test,gs50,1337,3,1,slice_level,0.22857142857142856,0.5857142857142857,0.8319805315562657,0.01006179622241429,0.014966768558536257,0.7963309523809524,0.16666666666666666,0.7899617422194708,0.7441079933430468,210,14000
0,resnet18,pretrained,gs50,adaptive,test,gs50,1337,3,1,subject_level,0.32857142857142857,0.6285714285714286,0.8642463624477387,0.007621117149080549,0.03173645545861551,0.8712688553682342,0.18571428571428572,0.8521538811070578,0.8027390849392854,70,4830
0,resnet18,pretrained,gs50,blind,train,raw,1337,3,1,slice_level,0.6380090497737556,0.7918552036199095,0.9946689468163711,0.0020761646296643564,0.002002744919123187,0.8830078212976802,0.3996983408748115,0.9881666647003426,0.9744019608516499,663,44200
0,resnet18,pretrained,gs50,blind,train,raw,1337,3,1,subject_level,0.5520361990950227,0.7420814479638009,0.9939991238430075,0.0019107768438520474,0.0056250907535500385,0.949477432336096,0.5565610859728507,0.9922920511319087,0.9784657627172502,221,48620
0,resnet18,pretrained,gs50,blind,test,raw,1337,3,1,slice_level,0.7285714285714285,0.9,0.9940299485410963,0.00260509763445173,0.006333869549312762,0.878222619047619,0.3904761904761905,0.987337265979676,0.9734597899275167,210,14000
0,resnet18,pretrained,gs50,blind,test,raw,1337,3,1,subject_level,0.6428571428571429,0.9142857142857143,0.9931094637938909,0.0023836570126669746,0.017740173717694624,0.9368027210884353,0.5571428571428572,0.991416324887957,0.9774715121118178,70,4830
1,resnet18,pretrained,gs50,adaptive,train,gs50,1337,3,1,slice_level,0.14027149321266968,0.3393665158371041,0.8270528424379513,0.006190466934739195,0.005277447234965624,0.8323035803252732,0.12066365007541478,0.7814568919473823,0.7318612571310134,663,44200
1,resnet18,pretrained,gs50,adaptive,train,gs50,1337,3,1,subject_level,0.19457013574660634,0.3936651583710407,0.8634152779212365,0.006333209001100981,0.011624361283032063,0.8961218313227896,0.18552036199095023,0.8456050899233754,0.7918417707434999,221,48620
1,resnet18,pretrained,gs50,adaptive,test,gs50,1337,3,1,slice_level,0.21428571428571427,0.5571428571428572,0.8173325955867767,0.007711823497499738,0.01392430386372975,0.8201460884353742,0.1523809523809524,0.778862767843973,0.7357204032540321,210,14000
1,resnet18,pretrained,gs50,adaptive,test,gs50,1337,3,1,subject_level,0.44285714285714284,0.6714285714285714,0.8576021918228695,0.008305855308260236,0.031057752668857574,0.8905368234250222,0.2714285714285714,0.8457700806004661,0.7988656787028224,70,4830
1,resnet18,pretrained,gs50,blind,train,raw,1337,3,1,slice_level,0.6742081447963801,0.755656108597285,0.9942579425837659,0.0022764054898223186,0.0020266838721526423,0.8590044737003747,0.4057315233785822,0.9869886525256242,0.973105170524498,663,44200
1,resnet18,pretrained,gs50,blind,train,raw,1337,3,1,subject_level,0.5294117647058824,0.7104072398190046,0.9933003381366643,0.001979540915510773,0.00566698932952808,0.9201748344814621,0.5248868778280543,0.9911289045174198,0.9771728403587392,221,48620
1,resnet18,pretrained,gs50,blind,test,raw,1337,3,1,slice_level,0.7428571428571429,0.8571428571428571,0.9932960322925023,0.0023215557847704204,0.006386353853823883,0.8735057823129251,0.40476190476190477,0.9866252535865421,0.9720419889773642,210,14000
1,resnet18,pretrained,gs50,blind,test,raw,1337,3,1,subject_level,0.6142857142857143,0.8,0.992648537669863,0.003174747739519392,0.01790282673069409,0.9361579414374446,0.5285714285714286,0.9910307816096715,0.9763764170386036,70,4830
2,resnet18,pretrained,gs50,adaptive,train,gs50,1337,3,1,slice_level,0.13063063063063063,0.3918918918918919,0.8952592068964297,0.004704290145152324,0.005272971203986992,0.8223373542461381,0.14114114114114115,0.8576931414661465,0.7946628273728195,666,44400
2,resnet18,pretrained,gs50,adaptive,train,gs50,1337,3,1,subject_level,0.23423423423423423,0.4774774774774775,0.9162564484385757,0.004966726979693851,0.012429761893308914,0.8717317048000673,0.18468468468468469,0.901292362460145,0.8350212512799264,222,49062
2,resnet18,pretrained,gs50,adaptive,test,gs50,1337,3,1,slice_level,0.21739130434782608,0.5362318840579711,0.8910859443139338,0.006639915963877802,0.012971302656375843,0.7794754253308129,0.10628019323671498,0.858394746331201,0.8142455768801163,207,13800
2,resnet18,pretrained,gs50,adaptive,test,gs50,1337,3,1,subject_level,0.3188405797101449,0.7391304347826086,0.9120957203533339,0.0064822694529657774,0.02989648520082667,0.8460345700977304,0.17391304347826086,0.9025610322537629,0.8563348788383773,69,4692
2,resnet18,pretrained,gs50,blind,train,raw,1337,3,1,slice_level,0.6396396396396397,0.7882882882882883,0.9969319773686899,0.0011918799834208446,0.0018318011949828884,0.8696832812542272,0.4009009009009009,0.9925606892452584,0.9826608228777443,666,44400
2,resnet18,pretrained,gs50,blind,train,raw,1337,3,1,subject_level,0.4864864864864865,0.7252252252252253,0.9964281594431078,0.0011197591687107946,0.005268816404078189,0.9333380249516975,0.5225225225225225,0.995133868477366,0.9852274801340791,222,49062
2,resnet18,pretrained,gs50,blind,test,raw,1337,3,1,slice_level,0.7101449275362319,0.855072463768116,0.9968229946882828,0.0012479130772576816,0.005783816840013732,0.882820660925576,0.3864734299516908,0.9933319325032441,0.9837972023348878,207,13800
2,resnet18,pretrained,gs50,blind,test,raw,1337,3,1,subject_level,0.5942028985507246,0.8115942028985508,0.996554574240809,0.0014735417089600494,0.016736470243853073,0.939283022597823,0.4927536231884058,0.9957027124321979,0.9861345037830659,69,4692
3,resnet18,pretrained,gs50,adaptive,train,gs50,1337,3,1,slice_level,0.0945945945945946,0.2882882882882883,0.8364938572720364,0.007366899434510652,0.0052525648419317365,0.7991645192489787,0.1006006006006006,0.7859627132838195,0.7410713929085582,666,44400
3,resnet18,pretrained,gs50,adaptive,train,gs50,1337,3,1,subject_level,0.16216216216216217,0.4144144144144144,0.8682775779350383,0.00580929125751461,0.010954200388729438,0.8654093129450842,0.17567567567567569,0.8488966146030942,0.8005006220421785,222,49062
3,resnet18,pretrained,gs50,adaptive,test,gs50,1337,3,1,slice_level,0.18840579710144928,0.5217391304347826,0.8322339869927668,0.009939895159956337,0.015208710970330065,0.7796669117132256,0.0966183574879227,0.7855270594214472,0.7440357632308766,207,13800
3,resnet18,pretrained,gs50,adaptive,test,gs50,1337,3,1,subject_level,0.2318840579710145,0.5217391304347826,0.8639058997665626,0.007933791996776194,0.031275022046073624,0.8501782250392281,0.14492753623188406,0.8494759461154109,0.8048044638890847,69,4692
3,resnet18,pretrained,gs50,blind,train,raw,1337,3,1,slice_level,0.6171171171171171,0.7297297297297297,0.9941157456990835,0.002162124391074653,0.0020472530038557475,0.8572510686362038,0.35435435435435436,0.9861638409955366,0.9718510300672806,666,44400
3,resnet18,pretrained,gs50,blind,train,raw,1337,3,1,subject_level,0.5225225225225225,0.7117117117117117,0.9933864028604181,0.0020520888470314646,0.005705530514000906,0.9225647929940458,0.5225225225225225,0.9908372872584575,0.9764508303250439,222,49062
3,resnet18,pretrained,gs50,blind,test,raw,1337,3,1,slice_level,0.8260869565217391,0.8985507246376812,0.994561909765437,0.0030392537946286407,0.006583819820451132,0.8679559616327102,0.42028985507246375,0.9871421819147856,0.972111448187759,207,13800
3,resnet18,pretrained,gs50,blind,test,raw,1337,3,1,subject_level,0.7101449275362319,0.855072463768116,0.9931514332259911,0.0029557684193486753,0.018226588954744133,0.9298991808443605,0.6376811594202898,0.9915861141854438,0.9764877238516511,69,4692
4,resnet18,pretrained,gs50,adaptive,train,gs50,1337,3,1,slice_level,0.17117117117117117,0.4189189189189189,0.8628561630979315,0.006692412200274768,0.0051655657935535185,0.8289259529800072,0.12612612612612611,0.8207703823441858,0.7680351316459008,666,44400
4,resnet18,pretrained,gs50,adaptive,train,gs50,1337,3,1,subject_level,0.21171171171171171,0.4189189189189189,0.890893526442416,0.005352750286325678,0.011492130610890485,0.8844554931597857,0.1891891891891892,0.8751085677125432,0.8189900232682698,222,49062
4,resnet18,pretrained,gs50,adaptive,test,gs50,1337,3,1,slice_level,0.2318840579710145,0.5362318840579711,0.8493958227876304,0.006864097671232362,0.014510132426369017,0.7969432192116501,0.12077294685990338,0.8115282202688392,0.7641018244537754,207,13800
4,resnet18,pretrained,gs50,adaptive,test,gs50,1337,3,1,subject_level,0.2608695652173913,0.6376811594202898,0.8802950053975203,0.006828113742496656,0.03286822277890599,0.852928821181907,0.14492753623188406,0.8667774260907933,0.8163142140767357,69,4692
4,resnet18,pretrained,gs50,blind,train,raw,1337,3,1,slice_level,0.5765765765765766,0.7612612612612613,0.9962740033059507,0.0012148304565532788,0.0019446737358455655,0.8298267186105024,0.33483483483483484,0.9899945251039557,0.977324411643518,666,44400
4,resnet18,pretrained,gs50,blind,train,raw,1337,3,1,subject_level,0.44594594594594594,0.6171171171171171,0.9958200768844502,0.0012443723442318202,0.005545589978479453,0.8953321059839343,0.44144144144144143,0.9934405630773252,0.9807216851480737,222,49062
4,resnet18,pretrained,gs50,blind,test,raw,1337,3,1,slice_level,0.6376811594202898,0.8115942028985508,0.9958194416502247,0.0017505815063697705,0.0061126459673371,0.8405753343135196,0.3188405797101449,0.9902453598192924,0.978461684057678,207,13800
4,resnet18,pretrained,gs50,blind,test,raw,1337,3,1,subject_level,0.5362318840579711,0.7681159420289855,0.9949937851532645,0.0019292935081150222,0.017363202906605125,0.9138651049581773,0.37681159420289856,0.9935299736866052,0.9817279377048684,69,4692
0,resnet18,scratch,raw,adaptive,train,raw,1337,3,1,slice_level,0.6787330316742082,0.7828054298642534,0.9943069980155289,0.0014429211077107563,0.0036452471202753516,0.8979785938043856,0.19607843137254902,0.9886897817636148,0.8369463592592408,663,44200
0,resnet18,scratch,raw,adaptive,train,raw,1337,3,1,subject_level,0.5248868778280543,0.6923076923076923,0.994638287913206,0.001240529355959655,0.010515794478255699,0.9303333544283768,0.23076923076923078,0.9925244081074296,0.8404474131238897,221,48620
0,resnet18,scratch,raw,adaptive,test,raw,1337,3,1,slice_level,0.5571428571428572,0.7,0.992840816293444,0.0019284631524767195,0.010901060766939606,0.8339482993197279,0.3047619047619048,0.9736966158662523,0.8937107901147434,210,14000
0,resnet18,scratch,raw,adaptive,test,raw,1337,3,1,subject_level,0.38571428571428573,0.6285714285714286,0.9927622701440538,0.001878335646220616,0.030831922218203543,0.8798521147589471,0.4,0.9833656830447061,0.9029814850407851,70,4830
1,resnet18,scratch,raw,adaptive,train,raw,1337,3,1,slice_level,0.6470588235294118,0.7239819004524887,0.9940015161199267,0.0013643961686354417,0.003547703628154362,0.881394695713301,0.17043740573152338,0.9885672374908021,0.7982151704379337,663,44200
1,resnet18,scratch,raw,adaptive,train,raw,1337,3,1,subject_level,0.5339366515837104,0.6470588235294118,0.9944736582661107,0.0013808435444378744,0.010259763634767872,0.9094729465370935,0.2171945701357466,0.9922879133289216,0.8019223767664883,221,48620
1,resnet18,scratch,raw,adaptive,test,raw,1337,3,1,slice_level,0.6428571428571429,0.6857142857142857,0.9912245861121587,0.0019153262887682233,0.012807851916711245,0.8017248299319728,0.3619047619047619,0.9669254615193321,0.889893197087305,210,14000
1,resnet18,scratch,raw,adaptive,test,raw,1337,3,1,subject_level,0.44285714285714284,0.6,0.9915538030011314,0.0022428716932024273,0.037602066195436885,0.8411860396332445,0.42857142857142855,0.9777384468487331,0.8999770090816924,70,4830
2,resnet18,scratch,raw,adaptive,train,raw,1337,3,1,slice_level,0.7117117117117117,0.8378378378378378,0.9856520445497187,0.002796491255631318,0.0026732085667013584,0.9242637400914427,0.512012012012012,0.9788693112654013,0.9404747732480367,666,44400
2,resnet18,scratch,raw,adaptive,train,raw,1337,3,1,subject_level,0.6576576576576577,0.7882882882882883,0.9876997586306151,0.002463094286016516,0.007533864432794822,0.9615493872250629,0.6531531531531531,0.9860203607125325,0.9471853423677924,222,49062
2,resnet18,scratch,raw,adaptive,test,raw,1337,3,1,slice_level,0.7536231884057971,0.855072463768116,0.9850421539251355,0.002894996732905291,0.007452845809630294,0.9079452846040748,0.5507246376811594,0.9782681249190068,0.9512080425412759,207,13800
2,resnet18,scratch,raw,adaptive,test,raw,1337,3,1,subject_level,0.6231884057971014,0.7971014492753623,0.987315979556761,0.003415905047154081,0.02107438520676848,0.9448799683704611,0.6231884057971014,0.9853603537531866,0.9580709551987441,69,4692
3,resnet18,scratch,raw,adaptive,train,raw,1337,3,1,slice_level,0.6801801801801802,0.7792792792792793,0.992361487032057,0.0016041679962261303,0.0036368550164289437,0.8916357573790007,0.2852852852852853,0.9868043125033736,0.8307315159589053,666,44400
3,resnet18,scratch,raw,adaptive,train,raw,1337,3,1,subject_level,0.5675675675675675,0.7027027027027027,0.9932003407864958,0.0015014077092076208,0.010387808755711393,0.9293446864988995,0.45045045045045046,0.9913138851926133,0.8348718818627463,222,49062
3,resnet18,scratch,raw,adaptive,test,raw,1337,3,1,slice_level,0.8115942028985508,0.8405797101449275,0.9900670846303304,0.0026457283807837443,0.009142717265564463,0.8174982496674369,0.3864734299516908,0.9754261086528427,0.9308746190217958,207,13800
3,resnet18,scratch,raw,adaptive,test,raw,1337,3,1,subject_level,0.5362318840579711,0.6956521739130435,0.990448906801749,0.0024853815203127656,0.02539727264556332,0.8615744344366606,0.4492753623188406,0.9851074840711511,0.9400896260170274,69,4692
4,resnet18,scratch,raw,adaptive,train,raw,1337,3,1,slice_level,0.7252252252252253,0.8153153153153153,0.9872479578396222,0.0025267034500568836,0.003304262290003936,0.8915296715634553,0.17417417417417416,0.9799077963685846,0.9022976001264813,666,44400
4,resnet18,scratch,raw,adaptive,train,raw,1337,3,1,subject_level,0.5540540540540541,0.7342342342342343,0.9890332299846787,0.0018231382778098992,0.009408809416633737,0.9262942623435468,0.17567567567567569,0.9866444385266518,0.9089618376975375,222,49062
4,resnet18,scratch,raw,adaptive,test,raw,1337,3,1,slice_level,0.6956521739130435,0.782608695652174,0.9858245884162792,0.0031122038329856982,0.008808435602248579,0.855394349926486,0.3285024154589372,0.9729403876452054,0.9324479738655298,207,13800
4,resnet18,scratch,raw,adaptive,test,raw,1337,3,1,subject_level,0.5362318840579711,0.6376811594202898,0.9875637405160544,0.0026065137075341267,0.024686882542311283,0.8946402757700433,0.463768115942029,0.9813109333964362,0.9405176254896048,69,4692
0,resnet18,scratch,gs0,adaptive,train,gs0,1337,3,1,slice_level,0.6018099547511312,0.7239819004524887,0.9933326063652383,0.0017238564081321474,0.0037390562417027773,0.8663249796960204,0.13574660633484162,0.9856663777817428,0.7980486242729344,663,44200
0,resnet18,scratch,gs0,adaptive,train,gs0,1337,3,1,subject_level,0.47058823529411764,0.6063348416289592,0.993406795808093,0.001353603142958421,0.010686362305512795,0.8999939972191768,0.14479638009049775,0.9905469951586486,0.8015213614699773,221,48620
0,resnet18,scratch,gs0,adaptive,test,gs0,1337,3,1,slice_level,0.6142857142857143,0.7428571428571429,0.9918706093515669,0.002494047369275774,0.01314260879797595,0.8098824829931972,0.2523809523809524,0.9607282644226438,0.8637747743938651,210,14000
0,resnet18,scratch,gs0,adaptive,test,gs0,1337,3,1,subject_level,0.4142857142857143,0.5714285714285714,0.9912609262125832,0.0021566782678876604,0.03716536866767066,0.8561047027506654,0.2714285714285714,0.9738457645688738,0.8755347962396732,70,4830
0,resnet18,scratch,gs0,blind,train,raw,1337,3,1,slice_level,0.583710407239819,0.7104072398190046,0.9997616623321809,7.617311779729921e-05,0.0015350379248895594,0.8360645768923649,0.33031674208144796,0.9993918029251502,0.9985209753718312,663,44200
0,resnet18,scratch,gs0,blind,train,raw,1337,3,1,subject_level,0.45248868778280543,0.6063348416289592,0.9997531941573544,5.5207116571486806e-05,0.004590970636830071,0.890212814866794,0.4751131221719457,0.9996006170549004,0.9987311597066081,221,48620
0,resnet18,scratch,gs0,blind,test,raw,1337,3,1,slice_level,0.6714285714285714,0.8285714285714286,0.9997704633644648,8.813823972429548e-05,0.004855343945590513,0.8312790816326532,0.35714285714285715,0.9993504237560998,0.9983919005351407,210,14000
0,resnet18,scratch,gs0,blind,test,raw,1337,3,1,subject_level,0.44285714285714284,0.6428571428571429,0.9997439512184688,9.474498885018485e-05,0.014520771335810423,0.877460810411121,0.4,0.9995437477316175,0.998584763986477,70,4830
1,resnet18,scratch,gs0,adaptive,train,gs0,1337,3,1,slice_level,0.7013574660633484,0.7873303167420814,0.9915014019918658,0.001822796612303721,0.003570880717703255,0.8760036137671219,0.15082956259426847,0.9853123796831249,0.8430949059445664,663,44200
1,resnet18,scratch,gs0,adaptive,train,gs0,1337,3,1,subject_level,0.5972850678733032,0.6923076923076923,0.9922723530104797,0.0016192826210643372,0.010298407449054098,0.9072836532644891,0.17194570135746606,0.990107763946326,0.8477507601772155,221,48620
1,resnet18,scratch,gs0,adaptive,test,gs0,1337,3,1,slice_level,0.5714285714285714,0.7428571428571429,0.9900535098143987,0.001946953364780971,0.011551376325743538,0.8222921768707483,0.23333333333333334,0.968671495006198,0.8857480062735932,210,14000
1,resnet18,scratch,gs0,adaptive,test,gs0,1337,3,1,subject_level,0.4,0.5714285714285714,0.990882796900613,0.0022745115416390555,0.03329059066517012,0.8648728186926945,0.32857142857142857,0.9795260829584939,0.895885341144003,70,4830
1,resnet18,scratch,gs0,blind,train,raw,1337,3,1,slice_level,0.5113122171945701,0.6244343891402715,0.9990364774319921,0.00026013381880332984,0.001631640171741738,0.7804057383482457,0.30618401206636503,0.9969914435980727,0.993404489027429,663,44200
1,resnet18,scratch,gs0,blind,train,raw,1337,3,1,subject_level,0.34841628959276016,0.4841628959276018,0.9990072196425356,0.00020812350700343896,0.004827957448646494,0.8316982658012735,0.40271493212669685,0.9979777147327613,0.9943995066688954,221,48620
1,resnet18,scratch,gs0,blind,test,raw,1337,3,1,slice_level,0.5428571428571428,0.6857142857142857,0.9989365662847246,0.00027541943958827426,0.005149107805586287,0.7560491496598639,0.2761904761904762,0.9968053743952796,0.9932963345050811,210,14000
1,resnet18,scratch,gs0,blind,test,raw,1337,3,1,subject_level,0.5285714285714286,0.6285714285714286,0.9989366778305598,0.000317286593573434,0.015188101160206965,0.8233022774327122,0.4714285714285714,0.9980642003672463,0.9945499868249794,70,4830
2,resnet18,scratch,gs0,adaptive,train,gs0,1337,3,1,slice_level,0.6531531531531531,0.7432432432432432,0.9950871349455,0.0012095967928568523,0.0035424496378615366,0.8745321334848363,0.16966966966966968,0.9892203793511376,0.80345880071255,666,44400
2,resnet18,scratch,gs0,adaptive,train,gs0,1337,3,1,subject_level,0.509009009009009,0.6576576576576577,0.9952764167441978,0.001224040716618031,0.010282522333819454,0.9031728928390295,0.19369369369369369,0.9928428380338995,0.8062406125347504,222,49062
2,resnet18,scratch,gs0,adaptive,test,gs0,1337,3,1,slice_level,0.5942028985507246,0.6956521739130435,0.9932301174039426,0.0014384138411369877,0.012699141423555388,0.8088664846320801,0.28502415458937197,0.9703748951787534,0.8786442052324613,207,13800
2,resnet18,scratch,gs0,adaptive,test,gs0,1337,3,1,subject_level,0.3333333333333333,0.5942028985507246,0.9928821083428203,0.001973762892294621,0.03727715686503528,0.8630091923347789,0.3188405797101449,0.9820279047109078,0.8892571829824699,69,4692
2,resnet18,scratch,gs0,blind,train,raw,1337,3,1,slice_level,0.6036036036036037,0.6846846846846847,0.999870104027224,3.848365835241369e-05,0.0015126666864841707,0.8112433041149257,0.33183183183183185,0.9996920907282615,0.9993494974492907,666,44400
2,resnet18,scratch,gs0,blind,train,raw,1337,3,1,subject_level,0.49099099099099097,0.6036036036036037,0.9998690475214709,3.1833176140312674e-05,0.004531325206059862,0.8685934619956879,0.49099099099099097,0.9997943645125037,0.9994515479923067,222,49062
2,resnet18,scratch,gs0,blind,test,raw,1337,3,1,slice_level,0.6376811594202898,0.7391304347826086,0.9998649453771287,4.105982573136039e-05,0.0048668039355265055,0.811937093047679,0.30434782608695654,0.9996911287307739,0.9993419471080752,207,13800
2,resnet18,scratch,gs0,blind,test,raw,1337,3,1,subject_level,0.4492753623188406,0.6666666666666666,0.9998604845309603,4.2505886243737265e-05,0.014577222151168879,0.8750694984988324,0.4057971014492754,0.9997983030650927,0.9994481923177724,69,4692
3,resnet18,scratch,gs0,adaptive,train,gs0,1337,3,1,slice_level,0.7027027027027027,0.7882882882882883,0.9920556274083283,0.0016528577417940706,0.003497464800471658,0.8709411438465493,0.17267267267267267,0.9863617535646971,0.838819313420503,666,44400
3,resnet18,scratch,gs0,adaptive,train,gs0,1337,3,1,subject_level,0.509009009009009,0.6441441441441441,0.9929717687873153,0.001336246191918313,0.010085398224308281,0.9037645325403671,0.22972972972972974,0.9908671959026439,0.8433433430959795,222,49062
3,resnet18,scratch,gs0,adaptive,test,gs0,1337,3,1,slice_level,0.6666666666666666,0.7391304347826086,0.9894715806712275,0.0026368377865224643,0.009278862831601198,0.7759254008261571,0.3285024154589372,0.9710023570175909,0.9281803989777531,207,13800
3,resnet18,scratch,gs0,adaptive,test,gs0,1337,3,1,subject_level,0.4057971014492754,0.5797101449275363,0.9901014791018721,0.002409445202868918,0.02608806108111057,0.8165239630823975,0.4057971014492754,0.9802804926167363,0.9372257229070936,69,4692
3,resnet18,scratch,gs0,blind,train,raw,1337,3,1,slice_level,0.5855855855855856,0.6936936936936937,0.9988748911801759,0.00033737141806800084,0.001613987238473586,0.7705726672618565,0.34234234234234234,0.996718533672728,0.9937253821218336,666,44400
3,resnet18,scratch,gs0,blind,train,raw,1337,3,1,subject_level,0.36036036036036034,0.5045045045045045,0.9988226691881815,0.0002297810069075576,0.00476630806906132,0.8287478043042431,0.38288288288288286,0.9978118643567369,0.9948059208595448,222,49062
3,resnet18,scratch,gs0,blind,test,raw,1337,3,1,slice_level,0.7101449275362319,0.8695652173913043,0.9989289572273475,0.000407777834629667,0.005194619507191406,0.8082078344885528,0.43478260869565216,0.997318002336843,0.9936962934162306,207,13800
3,resnet18,scratch,gs0,blind,test,raw,1337,3,1,subject_level,0.5217391304347826,0.6521739130434783,0.9989000783450361,0.0004212804462598718,0.01538037322461605,0.8649242620803836,0.5217391304347826,0.9982590822206028,0.9946281434452036,69,4692
4,resnet18,scratch,gs0,adaptive,train,gs0,1337,3,1,slice_level,0.6216216216216216,0.7657657657657657,0.993491377916422,0.0013018919003976357,0.003547414948509352,0.8606436334983633,0.15765765765765766,0.9864705040290191,0.8207612916021734,666,44400
4,resnet18,scratch,gs0,adaptive,train,gs0,1337,3,1,subject_level,0.5045045045045045,0.6576576576576577,0.9940808624834627,0.0012705989249117739,0.010283826470693893,0.8920543081910332,0.17117117117117117,0.9909082828341303,0.8241349016871475,222,49062
4,resnet18,scratch,gs0,adaptive,test,gs0,1337,3,1,slice_level,0.5942028985507246,0.7246376811594203,0.9922050773233607,0.0019339288490405982,0.012623030719333801,0.8209588321781138,0.12560386473429952,0.9682250688041466,0.8523132479363593,207,13800
4,resnet18,scratch,gs0,adaptive,test,gs0,1337,3,1,subject_level,0.2608695652173913,0.5072463768115942,0.9919926394586978,0.0012513718743255172,0.036013759537667465,0.8446816659871258,0.11594202898550725,0.9766342415325884,0.8599772796047517,69,4692
4,resnet18,scratch,gs0,blind,train,raw,1337,3,1,slice_level,0.7162162162162162,0.8198198198198198,0.9995081462301649,0.00017447111842868563,0.0015406334103580128,0.8590125767659551,0.44894894894894893,0.9989438727274313,0.9976928120475631,666,44400
4,resnet18,scratch,gs0,blind,train,raw,1337,3,1,subject_level,0.527027027027027,0.7072072072072072,0.9994924720880147,0.00014661265923096253,0.004597652873427079,0.9125659075977042,0.5855855855855856,0.9992994244571205,0.9980494491183448,222,49062
4,resnet18,scratch,gs0,blind,test,raw,1337,3,1,slice_level,0.6956521739130435,0.8840579710144928,0.9994701561720475,0.00022812166075775588,0.004977283628144558,0.8899686690471189,0.4396135265700483,0.9989824107879601,0.997344592662825,207,13800
4,resnet18,scratch,gs0,blind,test,raw,1337,3,1,subject_level,0.5652173913043478,0.8405797101449275,0.9994220120319421,0.00016256778136543605,0.014851240967602833,0.9493355943511619,0.5797101449275363,0.9993161222209102,0.997678514471546,69,4692
0,resnet18,scratch,gs10,adaptive,train,gs10,1337,3,1,slice_level,0.5746606334841629,0.7330316742081447,0.9903917094161607,0.0011972936030426717,0.003455446509442111,0.8526104604737823,0.16289592760180996,0.9792476582311397,0.8910008475305807,663,44200
0,resnet18,scratch,gs10,adaptive,train,gs10,1337,3,1,subject_level,0.4298642533936652,0.5972850678733032,0.9919138192051676,0.0010956043031960052,0.009986541012715025,0.8815729519349429,0.19457013574660634,0.986518522193529,0.897735292331175,221,48620
0,resnet18,scratch,gs10,adaptive,test,gs10,1337,3,1,slice_level,0.6428571428571429,0.7714285714285715,0.991870460339955,0.001524066925048828,0.010115400475582906,0.7973530612244899,0.1523809523809524,0.9731445823396955,0.9080101557842323,210,14000
0,resnet18,scratch,gs10,adaptive,test,gs10,1337,3,1,subject_level,0.45714285714285713,0.6142857142857143,0.9925213634967804,0.001864124195916312,0.028948072610156878,0.8320910973084885,0.24285714285714285,0.9810369116919381,0.9155247710999989,70,4830
0,resnet18,scratch,gs10,blind,train,raw,1337,3,1,slice_level,0.502262443438914,0.6108597285067874,0.9988218915408553,0.0003029865916498107,0.0017888617061280828,0.783874033428199,0.2669683257918552,0.9952922848195153,0.9859894625849314,663,44200
0,resnet18,scratch,gs10,blind,train,raw,1337,3,1,subject_level,0.2895927601809955,0.4343891402714932,0.998811826986425,0.00018726565719190226,0.005265813152309996,0.8297786323338625,0.3393665158371041,0.9968658788171829,0.9875104934430721,221,48620
0,resnet18,scratch,gs10,blind,test,raw,1337,3,1,slice_level,0.6285714285714286,0.7857142857142857,0.998828548192978,0.00039928555488586424,0.005499195121228695,0.7880899659863945,0.319047619047619,0.9955227922825586,0.9881564257230078,210,14000
0,resnet18,scratch,gs10,blind,test,raw,1337,3,1,subject_level,0.4,0.5428571428571428,0.9987660416534969,0.00046229873384748184,0.016189960057714156,0.8115749778172138,0.34285714285714286,0.9969911302839006,0.9896243522379462,70,4830
1,resnet18,scratch,gs10,adaptive,train,gs10,1337,3,1,slice_level,0.5972850678733032,0.7420814479638009,0.9905038907517135,0.0013080225810745722,0.00366721086823529,0.8489874968434988,0.14027149321266968,0.9803578520072891,0.8345353147933656,663,44200
1,resnet18,scratch,gs10,adaptive,train,gs10,1337,3,1,subject_level,0.4117647058823529,0.579185520361991,0.9917600238485034,0.0012018780363091516,0.010575135478674016,0.8753375982548195,0.1583710407239819,0.9862718598335577,0.8405897082473603,221,48620
1,resnet18,scratch,gs10,adaptive,test,gs10,1337,3,1,slice_level,0.4857142857142857,0.6285714285714286,0.989538506099156,0.0014575200421469553,0.011697351959134851,0.8106511904761904,0.09523809523809523,0.9636276551655361,0.8714661206645625,210,14000
1,resnet18,scratch,gs10,adaptive,test,gs10,1337,3,1,subject_level,0.35714285714285715,0.5285714285714286,0.9911743181092398,0.0017713487148284912,0.03405998639230217,0.8474800354924578,0.15714285714285714,0.975663298368454,0.8826805991045437,70,4830
1,resnet18,scratch,gs10,blind,train,raw,1337,3,1,slice_level,0.6742081447963801,0.746606334841629,0.9990835189819336,0.00032267122786508966,0.0015901041294056164,0.8400133255529848,0.4057315233785822,0.9979954746693688,0.9953180601046635,663,44200
1,resnet18,scratch,gs10,blind,train,raw,1337,3,1,subject_level,0.5067873303167421,0.6425339366515838,0.9990714842377745,0.00022457384955289677,0.0047253166363317506,0.8959565919840075,0.5429864253393665,0.998662597992841,0.9960016567488356,221,48620
1,resnet18,scratch,gs10,blind,test,raw,1337,3,1,slice_level,0.7142857142857143,0.8285714285714286,0.9990220597812107,0.0002891566072191511,0.004991706819938762,0.8415078231292518,0.4523809523809524,0.9979761682805561,0.9956628946193627,210,14000
1,resnet18,scratch,gs10,blind,test,raw,1337,3,1,subject_level,0.6714285714285714,0.8428571428571429,0.999034424339022,0.00033746021134512764,0.014828052943838495,0.9035196687370601,0.5571428571428572,0.9986930191516876,0.9963799927422226,70,4830
2,resnet18,scratch,gs10,adaptive,train,gs10,1337,3,1,slice_level,0.5495495495495496,0.6981981981981982,0.9966898082612871,0.0006387112913904963,0.0033949179153234975,0.8765004024294564,0.13963963963963963,0.9925430911976296,0.77142089464106,666,44400
2,resnet18,scratch,gs10,adaptive,train,gs10,1337,3,1,subject_level,0.43243243243243246,0.5765765765765766,0.9969077894279549,0.000652909010380238,0.009935803612828389,0.9047364595854263,0.16666666666666666,0.9950536763345873,0.7740981768597879,222,49062
2,resnet18,scratch,gs10,adaptive,test,gs10,1337,3,1,slice_level,0.42028985507246375,0.6521739130434783,0.9950986461362977,0.0008377251417740532,0.011614725250156893,0.7620821956171673,0.2946859903381642,0.9704636922781018,0.9046810953988546,207,13800
2,resnet18,scratch,gs10,adaptive,test,gs10,1337,3,1,subject_level,0.2898550724637681,0.463768115942029,0.994968989621038,0.0015206630679144375,0.034026100664683014,0.7941361799918456,0.2898550724637681,0.9803645014762878,0.9139702822393774,69,4692
2,resnet18,scratch,gs10,blind,train,raw,1337,3,1,slice_level,0.45495495495495497,0.5630630630630631,0.9997055683587048,8.309585554105741e-05,0.001631651947333536,0.746563184806428,0.24024024024024024,0.9977940901800677,0.9937229550005616,666,44400
2,resnet18,scratch,gs10,blind,train,raw,1337,3,1,subject_level,0.28378378378378377,0.33783783783783783,0.9996784001857311,7.668244946110356e-05,0.004845958633079856,0.7798565503255488,0.2882882882882883,0.9985649583038984,0.9944479466055615,222,49062
2,resnet18,scratch,gs10,blind,test,raw,1337,3,1,slice_level,0.4927536231884058,0.6376811594202898,0.9996750138807988,8.750480154286261e-05,0.005262827669418808,0.7613743611286146,0.25120772946859904,0.9978043722069782,0.9932802131469699,207,13800
2,resnet18,scratch,gs10,blind,test,raw,1337,3,1,subject_level,0.30434782608695654,0.4057971014492754,0.999647357325623,8.166700169660044e-05,0.015622976290035074,0.7987416138478075,0.2608695652173913,0.9986101846764053,0.9940991807547982,69,4692
3,resnet18,scratch,gs10,adaptive,train,gs10,1337,3,1,slice_level,0.5675675675675675,0.7207207207207207,0.9905172041407576,0.0013009178208875226,0.003670557114706786,0.8682969286854422,0.12012012012012012,0.9828487233714657,0.8281976561442957,666,44400
3,resnet18,scratch,gs10,adaptive,train,gs10,1337,3,1,subject_level,0.4099099099099099,0.545045045045045,0.9918472173514666,0.0010719715474962115,0.010510091864931825,0.9033587672299914,0.13513513513513514,0.9887218056498347,0.8334811888657938,222,49062
3,resnet18,scratch,gs10,adaptive,test,gs10,1337,3,1,slice_level,0.6376811594202898,0.7391304347826086,0.9877925886624102,0.002228311870409095,0.01105479352797071,0.7865012602394456,0.28019323671497587,0.9658117317347135,0.9000298241709453,207,13800
3,resnet18,scratch,gs10,adaptive,test,gs10,1337,3,1,subject_level,0.2753623188405797,0.5362318840579711,0.9886768261591593,0.0017297077870023422,0.031136036189138027,0.8353904888987731,0.30434782608695654,0.9772290777469027,0.9107971782117243,69,4692
3,resnet18,scratch,gs10,blind,train,raw,1337,3,1,slice_level,0.5315315315315315,0.6351351351351351,0.9983046607928233,0.0004419415920704335,0.0017432070658164652,0.7700423396369344,0.2987987987987988,0.9940208807005897,0.9873158230209673,666,44400
3,resnet18,scratch,gs10,blind,train,raw,1337,3,1,subject_level,0.35585585585585583,0.44144144144144143,0.9983120458620088,0.00031964440603513976,0.005097318342089787,0.8135340152430772,0.3738738738738739,0.9960704142445916,0.9893686430459891,222,49062
3,resnet18,scratch,gs10,blind,test,raw,1337,3,1,slice_level,0.6521739130434783,0.8115942028985508,0.9983613473781641,0.0005785468695820242,0.005463713260394507,0.793900441083806,0.34782608695652173,0.995265759707649,0.9893670822744784,207,13800
3,resnet18,scratch,gs10,blind,test,raw,1337,3,1,subject_level,0.42028985507246375,0.5797101449275363,0.9982211322024248,0.0004643314126609028,0.01601319208039322,0.8466168130768377,0.37681159420289856,0.996891320615575,0.9909846818635124,69,4692
4,resnet18,scratch,gs10,adaptive,train,gs10,1337,3,1,slice_level,0.5765765765765766,0.6936936936936937,0.9897606754088187,0.001395565700960589,0.003662177474816909,0.832360789843898,0.14264264264264265,0.9767516805781974,0.8507769063162106,666,44400
4,resnet18,scratch,gs10,adaptive,train,gs10,1337,3,1,subject_level,0.4009009009009009,0.527027027027027,0.9910522148952828,0.0012422083197413264,0.010509799966622178,0.8606460808368598,0.16216216216216217,0.9838665060631864,0.8579041653642167,222,49062
4,resnet18,scratch,gs10,adaptive,test,gs10,1337,3,1,slice_level,0.5507246376811594,0.7391304347826086,0.9890474832576254,0.00169175172197646,0.011933142022378202,0.8097404256808793,0.1111111111111111,0.9646871683102299,0.867813728687124,207,13800
4,resnet18,scratch,gs10,adaptive,test,gs10,1337,3,1,subject_level,0.37681159420289856,0.5072463768115942,0.9902025849922843,0.0018053763154624164,0.03423799768738125,0.843475480929612,0.17391304347826086,0.976272247839665,0.8784902491952147,69,4692
4,resnet18,scratch,gs10,blind,train,raw,1337,3,1,slice_level,0.7297297297297297,0.8333333333333334,0.9993587528263126,0.00022598322447355804,0.0015480891640952512,0.8538466168871575,0.45795795795795796,0.9986480404664805,0.9972018775545262,666,44400
4,resnet18,scratch,gs10,blind,train,raw,1337,3,1,subject_level,0.581081081081081,0.6936936936936937,0.9993465236715369,0.00019302937361571166,0.0046144535299390554,0.9069126910939311,0.5720720720720721,0.9990903262619499,0.9976464090476651,222,49062
4,resnet18,scratch,gs10,blind,test,raw,1337,3,1,slice_level,0.7101449275362319,0.8695652173913043,0.9993085239244544,0.0002912317497142847,0.0050089037842184735,0.8814788559826368,0.41545893719806765,0.9986619287066989,0.9967297475666239,207,13800
4,resnet18,scratch,gs10,blind,test,raw,1337,3,1,subject_level,0.6231884057971014,0.8260869565217391,0.9992570306943811,0.00022567787032196486,0.014921974215278591,0.9436969494792246,0.5652173913043478,0.9991056107092595,0.9971741148273049,69,4692
0,resnet18,scratch,gs20,adaptive,train,gs20,1337,3,1,slice_level,0.5158371040723982,0.7420814479638009,0.9825444849907543,0.0010955641172590298,0.0020220381201442954,0.8900669348839432,0.3891402714932127,0.9776532182506487,0.9606563116576338,663,44200
0,resnet18,scratch,gs20,adaptive,train,gs20,1337,3,1,subject_level,0.4796380090497738,0.7013574660633484,0.9867655926160683,0.0009793633788958934,0.005827576573095306,0.9309994769670042,0.4841628959276018,0.9849676754140206,0.967879359804765,221,48620
0,resnet18,scratch,gs20,adaptive,test,gs20,1337,3,1,slice_level,0.6142857142857143,0.8857142857142857,0.9822842955589295,0.0013633225645337786,0.0061408415237175565,0.8857700680272108,0.3952380952380952,0.9778703681060246,0.9635607959415231,210,14000
0,resnet18,scratch,gs20,adaptive,test,gs20,1337,3,1,subject_level,0.5428571428571428,0.8285714285714286,0.9864580529076713,0.0015430518559047153,0.01771002244204283,0.9368737060041409,0.5571428571428572,0.9850704985005515,0.9706406751034423,70,4830
0,resnet18,scratch,gs20,blind,train,raw,1337,3,1,slice_level,0.6968325791855203,0.7737556561085973,0.9983764271930332,0.0005483907811781939,0.001603285861580856,0.851707615869181,0.4057315233785822,0.9969873167630594,0.9940442164842359,663,44200
0,resnet18,scratch,gs20,blind,train,raw,1337,3,1,subject_level,0.5520361990950227,0.7104072398190046,0.9984248995241536,0.0003500640122599192,0.004745069240131394,0.9125853651272868,0.579185520361991,0.997999803512884,0.9950591500920555,221,48620
0,resnet18,scratch,gs20,blind,test,raw,1337,3,1,slice_level,0.7571428571428571,0.8428571428571429,0.9983912927763803,0.0006190717220306396,0.005045695137232542,0.8496047619047619,0.4,0.9970761066391355,0.9942745684513024,210,14000
0,resnet18,scratch,gs20,blind,test,raw,1337,3,1,subject_level,0.6,0.7857142857142857,0.9983876381601606,0.0005354225635528564,0.014934268008385385,0.9051552795031056,0.5571428571428572,0.9980259614331382,0.9952183340647206,70,4830
1,resnet18,scratch,gs20,adaptive,train,gs20,1337,3,1,slice_level,0.38009049773755654,0.5610859728506787,0.9934769065131969,0.0005876311349653011,0.0034997021490750136,0.8137059369518778,0.11463046757164404,0.9845960622998924,0.7933894023724002,663,44200
1,resnet18,scratch,gs20,adaptive,train,gs20,1337,3,1,subject_level,0.27601809954751133,0.4117647058823529,0.9942005403441002,0.0005823465494009164,0.010062230013445762,0.8358894166786102,0.12669683257918551,0.9896199247416329,0.7980678273174117,221,48620
1,resnet18,scratch,gs20,adaptive,test,gs20,1337,3,1,slice_level,0.34285714285714286,0.42857142857142855,0.9909321265561241,0.0011687185083116803,0.012701836800468819,0.7333243197278911,0.12380952380952381,0.9546375663507553,0.8775447294988803,210,14000
1,resnet18,scratch,gs20,adaptive,test,gs20,1337,3,1,subject_level,0.2857142857142857,0.45714285714285713,0.9915920870644706,0.002517580134528024,0.036678542303187504,0.792818692694469,0.18571428571428572,0.9700546060289655,0.8917101017991949,70,4830
1,resnet18,scratch,gs20,blind,train,raw,1337,3,1,slice_level,0.5972850678733032,0.6968325791855203,0.9989155067038212,0.0003346692922428183,0.0016204594498567654,0.7938034301781973,0.34992458521870284,0.9969069536994485,0.993812676476677,663,44200
1,resnet18,scratch,gs20,blind,train,raw,1337,3,1,subject_level,0.39819004524886875,0.5158371040723982,0.9988555848868185,0.00023085040744073791,0.004791014804610165,0.8526312189274659,0.4298642533936652,0.9979078961173873,0.9947943439360069,221,48620
1,resnet18,scratch,gs20,blind,test,raw,1337,3,1,slice_level,0.6714285714285714,0.7714285714285715,0.9988332654748644,0.00039348602294921877,0.005145461631140539,0.7838069727891157,0.38095238095238093,0.9967910897164117,0.9932802433925015,210,14000
1,resnet18,scratch,gs20,blind,test,raw,1337,3,1,subject_level,0.5,0.6571428571428571,0.9987138884408133,0.0004405932767050607,0.015192582218774727,0.8392191659272404,0.44285714285714284,0.9978379164423261,0.9943205140639042,70,4830
2,resnet18,scratch,gs20,adaptive,train,gs20,1337,3,1,slice_level,0.4369369369369369,0.6801801801801802,0.9810331155050982,0.0009612159149066822,0.0020184502160797515,0.8813001515028542,0.35285285285285284,0.9758868511911627,0.9587967056465578,666,44400
2,resnet18,scratch,gs20,adaptive,train,gs20,1337,3,1,subject_level,0.45495495495495497,0.6216216216216216,0.9857446261354395,0.0010035344072290369,0.005817577576365422,0.9249840980763079,0.46396396396396394,0.9838027564791946,0.9665680296834792,222,49062
2,resnet18,scratch,gs20,adaptive,test,gs20,1337,3,1,slice_level,0.5072463768115942,0.7536231884057971,0.9803627150646155,0.000981466493744781,0.00621426159488982,0.8761315900021004,0.28019323671497587,0.9759165877881257,0.9613924882593362,207,13800
2,resnet18,scratch,gs20,adaptive,test,gs20,1337,3,1,subject_level,0.5362318840579711,0.7391304347826086,0.985350805780162,0.001053424849026445,0.0179563673834006,0.9218713320236727,0.4492753623188406,0.9837921970132468,0.9691431093881604,69,4692
2,resnet18,scratch,gs20,blind,train,raw,1337,3,1,slice_level,0.7432432432432432,0.8288288288288288,0.9973083197533548,0.000823273583575412,0.001603995317169507,0.8706118956794633,0.48348348348348347,0.9957293904758431,0.9926689991260971,666,44400
2,resnet18,scratch,gs20,blind,train,raw,1337,3,1,subject_level,0.6576576576576577,0.7702702702702703,0.9975131846762992,0.0006451158373205511,0.004728483793384454,0.9352468525759463,0.6756756756756757,0.9971689697321471,0.9940913864426789,222,49062
2,resnet18,scratch,gs20,blind,test,raw,1337,3,1,slice_level,0.782608695652174,0.9130434782608695,0.9971374662026115,0.0008293070654938186,0.005139231654828874,0.8809136735979837,0.47342995169082125,0.9957823661214488,0.9927477747029152,207,13800
2,resnet18,scratch,gs20,blind,test,raw,1337,3,1,subject_level,0.7536231884057971,0.8695652173913043,0.9974170508592025,0.0008229475090469139,0.015171088548242182,0.9328428283726848,0.6376811594202898,0.9971953967343206,0.9941555348249551,69,4692
3,resnet18,scratch,gs20,adaptive,train,gs20,1337,3,1,slice_level,0.5855855855855856,0.7432432432432432,0.9910966670727944,0.0013232373439513885,0.0035932813582287447,0.8768952060168276,0.13813813813813813,0.9849836392266614,0.8167224553428791,666,44400
3,resnet18,scratch,gs20,adaptive,train,gs20,1337,3,1,subject_level,0.4594594594594595,0.6576576576576577,0.9923063146101462,0.0012288807748674273,0.01036392193631613,0.9067974664159082,0.16216216216216217,0.9899457113162892,0.8197528454638165,222,49062
3,resnet18,scratch,gs20,adaptive,test,gs20,1337,3,1,slice_level,0.5507246376811594,0.7536231884057971,0.9882550818332727,0.001885577388431715,0.011821337874330904,0.8052119652734019,0.26570048309178745,0.9630750996479089,0.8864115142109601,207,13800
3,resnet18,scratch,gs20,adaptive,test,gs20,1337,3,1,subject_level,0.3188405797101449,0.5797101449275363,0.9891152528748997,0.002196457938871522,0.033404838320785675,0.8439001939780323,0.3188405797101449,0.975563993488533,0.8982244944874791,69,4692
3,resnet18,scratch,gs20,blind,train,raw,1337,3,1,slice_level,0.46396396396396394,0.5675675675675675,0.9996378523809416,9.484199790267257e-05,0.0016730249437780396,0.7438928117306496,0.21171171171171171,0.9971004839953002,0.9916877245392886,666,44400
3,resnet18,scratch,gs20,blind,train,raw,1337,3,1,subject_level,0.27927927927927926,0.3963963963963964,0.9996342860363625,8.392092343923207e-05,0.004959495373170923,0.7819308699674359,0.26126126126126126,0.9981579571156889,0.9926987152092126,222,49062
3,resnet18,scratch,gs20,blind,test,raw,1337,3,1,slice_level,0.463768115942029,0.6086956521739131,0.9996345855187678,0.00010818156643190245,0.005280145416981069,0.7610459987397605,0.27053140096618356,0.9979474345842997,0.9931143842313601,207,13800
3,resnet18,scratch,gs20,blind,test,raw,1337,3,1,subject_level,0.3333333333333333,0.463768115942029,0.9996053222296895,0.00014614626981210017,0.01567940471990817,0.7937531660427246,0.3333333333333333,0.9987346763196199,0.9938906871754191,69,4692
4,resnet18,scratch,gs20,adaptive,train,gs20,1337,3,1,slice_level,0.35135135135135137,0.5045045045045045,0.9932127321088636,0.0005887620620899372,0.003509382433090191,0.8084239983226471,0.0960960960960961,0.9856968862158401,0.8270573237209439,666,44400
4,resnet18,scratch,gs20,adaptive,train,gs20,1337,3,1,subject_level,0.2882882882882883,0.44594594594594594,0.9942338316290228,0.0005120726319046708,0.010065166227234242,0.8458054636512506,0.13963963963963963,0.9904479714664253,0.8311320073238369,222,49062
4,resnet18,scratch,gs20,adaptive,test,gs20,1337,3,1,slice_level,0.42028985507246375,0.6376811594202898,0.9905452123586682,0.000918839288794476,0.011350221533760212,0.744030665826507,0.1497584541062802,0.9665718749525466,0.9055245440312918,207,13800
4,resnet18,scratch,gs20,adaptive,test,gs20,1337,3,1,subject_level,0.34782608695652173,0.4927536231884058,0.9918262509332187,0.0011909802754720051,0.03189193400675836,0.8031678960178906,0.14492753623188406,0.9787650738937267,0.9169045164990608,69,4692
4,resnet18,scratch,gs20,blind,train,raw,1337,3,1,slice_level,0.45495495495495497,0.5675675675675675,0.9984499361063983,0.0003259729694675755,0.0017334405486975368,0.7378341517192869,0.24924924924924924,0.9940831992361281,0.9878362479121299,666,44400
4,resnet18,scratch,gs20,blind,train,raw,1337,3,1,subject_level,0.30180180180180183,0.4369369369369369,0.9985233249965014,0.00032067701623246476,0.005077391571306565,0.7850902296450787,0.35135135135135137,0.996117110993411,0.98993169386545,222,49062
4,resnet18,scratch,gs20,blind,test,raw,1337,3,1,slice_level,0.5362318840579711,0.6666666666666666,0.9983635752097421,0.0004759586375692616,0.005631835274128378,0.7549298116642161,0.28502415458937197,0.9944255222444949,0.9867351164161295,207,13800
4,resnet18,scratch,gs20,blind,test,raw,1337,3,1,subject_level,0.391304347826087,0.6086956521739131,0.9983453405076179,0.00053465711897698,0.016469714123809685,0.8172019595487849,0.4057971014492754,0.9965521459994109,0.9888724974735313,69,4692
0,resnet18,scratch,gs30,adaptive,train,gs30,1337,3,1,slice_level,0.14479638009049775,0.38461538461538464,0.9806191559830403,0.0005922802972577816,0.0018506440332968512,0.8383454304102428,0.13122171945701358,0.9758377370071987,0.9655467186982815,663,44200
0,resnet18,scratch,gs30,adaptive,train,gs30,1337,3,1,subject_level,0.19457013574660634,0.42081447963800905,0.9857151653971608,0.00047521084142486435,0.005349690473861824,0.8899875942529656,0.19004524886877827,0.9837296227524184,0.9733732582720058,221,48620
0,resnet18,scratch,gs30,adaptive,test,gs30,1337,3,1,slice_level,0.22857142857142856,0.6,0.9802895171301705,0.0008210395063672747,0.005642105738765427,0.8154857142857144,0.1619047619047619,0.9759746974422818,0.9678974326934133,210,14000
0,resnet18,scratch,gs30,adaptive,test,gs30,1337,3,1,subject_level,0.42857142857142855,0.7285714285714285,0.9854056494576591,0.0005481294223240444,0.01626124383349504,0.8778955930198166,0.22857142857142856,0.9841136634349823,0.9759375068588533,70,4830
0,resnet18,scratch,gs30,blind,train,raw,1337,3,1,slice_level,0.6877828054298643,0.7963800904977375,0.9970552419645214,0.0009716886740464431,0.0016282337466971232,0.8642902991339243,0.43288084464555054,0.9951136969872729,0.9916578139425403,663,44200
0,resnet18,scratch,gs30,blind,train,raw,1337,3,1,subject_level,0.5882352941176471,0.7375565610859729,0.9972121782971723,0.0006250248235814712,0.004783966340444881,0.9284989232221066,0.6380090497737556,0.9967418164689077,0.9932755602798752,221,48620
0,resnet18,scratch,gs30,blind,test,raw,1337,3,1,slice_level,0.7714285714285715,0.8857142857142857,0.9970395726816995,0.0010468099798474993,0.005135038747851338,0.8653828231292517,0.45714285714285713,0.9951860759939466,0.9916887611576489,210,14000
0,resnet18,scratch,gs30,blind,test,raw,1337,3,1,subject_level,0.7142857142857143,0.8142857142857143,0.9971298745700291,0.0009175947734287806,0.015082275321973222,0.9238864241348714,0.6285714285714286,0.9967675055776324,0.9932668182050219,70,4830
1,resnet18,scratch,gs30,adaptive,train,gs30,1337,3,1,slice_level,0.3755656108597285,0.6380090497737556,0.9826078409522907,0.0008562714266021867,0.002420182980921507,0.8792546733277368,0.16138763197586728,0.9773582210188357,0.9436472605121621,663,44200
1,resnet18,scratch,gs30,adaptive,train,gs30,1337,3,1,subject_level,0.3574660633484163,0.6289592760180995,0.9868917583879842,0.0008478175461022562,0.006997614728109869,0.9134003938568751,0.22624434389140272,0.9848174228927129,0.950917478579398,221,48620
1,resnet18,scratch,gs30,adaptive,test,gs30,1337,3,1,slice_level,0.5142857142857142,0.7285714285714285,0.981784212589264,0.0011502487318856376,0.006458275213039347,0.792221768707483,0.23809523809523808,0.9735246524924324,0.9585962843469211,210,14000
1,resnet18,scratch,gs30,adaptive,test,gs30,1337,3,1,subject_level,0.34285714285714286,0.5428571428571428,0.9858890320573535,0.0012986983571733747,0.018334782469485486,0.8511150547175392,0.3,0.982199272939137,0.967174939598356,70,4830
1,resnet18,scratch,gs30,blind,train,raw,1337,3,1,slice_level,0.7194570135746606,0.832579185520362,0.9974513520482439,0.0008480400521291327,0.001624335646545051,0.8689929396749998,0.46907993966817496,0.9957183614755288,0.9921896809042848,663,44200
1,resnet18,scratch,gs30,blind,train,raw,1337,3,1,subject_level,0.6289592760180995,0.7737556561085973,0.9975346105670497,0.0005731526003703812,0.004782650274186652,0.9286594161760517,0.6787330316742082,0.997124597227951,0.9936158057129074,221,48620
1,resnet18,scratch,gs30,blind,test,raw,1337,3,1,slice_level,0.7571428571428571,0.9,0.997315228836877,0.0008060472352164132,0.005098948907107115,0.8565149659863946,0.46190476190476193,0.9955266120887938,0.9924561301597528,210,14000
1,resnet18,scratch,gs30,blind,test,raw,1337,3,1,subject_level,0.7142857142857143,0.8571428571428571,0.9974904605320521,0.0008350099836077009,0.015007650093840702,0.9201168293404318,0.6142857142857143,0.9970593333244324,0.9939839451332764,70,4830
2,resnet18,scratch,gs30,adaptive,train,gs30,1337,3,1,slice_level,0.5,0.6621621621621622,0.99140250602284,0.0010485933707641052,0.0035121822949951967,0.8495318460352244,0.14864864864864866,0.9843322592633622,0.8095065243904656,666,44400
2,resnet18,scratch,gs30,adaptive,train,gs30,1337,3,1,subject_level,0.38288288288288286,0.5720720720720721,0.9926546132779336,0.0009879692717715426,0.010138217903052768,0.879557618031386,0.17117117117117117,0.9894246459007263,0.8143871524131457,222,49062
2,resnet18,scratch,gs30,adaptive,test,gs30,1337,3,1,slice_level,0.5217391304347826,0.6956521739130435,0.988529818645422,0.0014545537423396456,0.011682285292856935,0.7864265210389975,0.17391304347826086,0.9628246311404279,0.8777961678025515,207,13800
2,resnet18,scratch,gs30,adaptive,test,gs30,1337,3,1,subject_level,0.3188405797101449,0.5072463768115942,0.9900503599125406,0.0016273666119229965,0.033254296910287674,0.8340993612315751,0.2753623188405797,0.9767471214999324,0.8909135434938513,69,4692
2,resnet18,scratch,gs30,blind,train,raw,1337,3,1,slice_level,0.5585585585585585,0.6306306306306306,0.9997978379597535,6.380677223205566e-05,0.001526247814868216,0.7316587026215404,0.3033033033033033,0.9992056618760656,0.9986384174227715,666,44400
2,resnet18,scratch,gs30,blind,train,raw,1337,3,1,subject_level,0.36036036036036034,0.45495495495495497,0.9997780084073007,4.867175677875141e-05,0.004560598667274724,0.7848763065376738,0.3783783783783784,0.9994670112390776,0.998907756363931,222,49062
2,resnet18,scratch,gs30,blind,test,raw,1337,3,1,slice_level,0.5652173913043478,0.6521739130434783,0.9997662763664688,5.240803179533585e-05,0.0049190527786487255,0.774529860673528,0.32367149758454106,0.9992623046976357,0.9984819157356801,207,13800
2,resnet18,scratch,gs30,blind,test,raw,1337,3,1,subject_level,0.391304347826087,0.6086956521739131,0.9997573615848154,5.863887676294299e-05,0.014707123482788818,0.8329611302618085,0.37681159420289856,0.9994943642961807,0.9987144546054513,69,4692
3,resnet18,scratch,gs30,adaptive,train,gs30,1337,3,1,slice_level,0.3783783783783784,0.5315315315315315,0.9912609133097503,0.0008109316632554337,0.0035971603230447384,0.803856051997944,0.1066066066066066,0.9788932461101372,0.820064915472994,666,44400
3,resnet18,scratch,gs30,adaptive,train,gs30,1337,3,1,subject_level,0.3063063063063063,0.44144144144144143,0.9927133069382058,0.0008772565974845542,0.010302248358441232,0.8281314211361905,0.14414414414414414,0.9856238359803552,0.8267036007497738,222,49062
3,resnet18,scratch,gs30,adaptive,test,gs30,1337,3,1,slice_level,0.391304347826087,0.4782608695652174,0.9891757870065994,0.0013331148935400922,0.011297621116366076,0.736810193936848,0.1642512077294686,0.9529077740395127,0.8886143493371598,207,13800
3,resnet18,scratch,gs30,adaptive,test,gs30,1337,3,1,subject_level,0.18840579710144928,0.34782608695652173,0.9908671534579733,0.0013063878252886343,0.03240834565266319,0.7684526236455516,0.21739130434782608,0.9697818773380225,0.9048628142803831,69,4692
3,resnet18,scratch,gs30,blind,train,raw,1337,3,1,slice_level,0.6261261261261262,0.7027027027027027,0.9987820215053387,0.00038190253146059877,0.0015982001776563691,0.8140049678056435,0.34384384384384387,0.9971556221400654,0.9943496386827649,666,44400
3,resnet18,scratch,gs30,blind,train,raw,1337,3,1,subject_level,0.42342342342342343,0.5720720720720721,0.9987533965089299,0.0002680922950710262,0.004726103425176965,0.8839255514533735,0.43243243243243246,0.9981577442036019,0.9953536739796346,222,49062
3,resnet18,scratch,gs30,blind,test,raw,1337,3,1,slice_level,0.782608695652174,0.8260869565217391,0.9988038617631664,0.00042852111484693444,0.005107849971323773,0.8077110901071203,0.42028985507246375,0.9973067923444481,0.994843110671078,207,13800
3,resnet18,scratch,gs30,blind,test,raw,1337,3,1,subject_level,0.5507246376811594,0.6956521739130435,0.9987230914226477,0.00040646566860917687,0.015088177798990753,0.8744239346652334,0.5362318840579711,0.9983254161433898,0.9958612493795913,69,4692
4,resnet18,scratch,gs30,adaptive,train,gs30,1337,3,1,slice_level,0.3333333333333333,0.5135135135135135,0.9919624027905164,0.0005037695974917025,0.0034967853576532222,0.7996741166842518,0.08258258258258258,0.9831585383809006,0.8046802581873563,666,44400
4,resnet18,scratch,gs30,adaptive,train,gs30,1337,3,1,subject_level,0.1981981981981982,0.38288288288288286,0.9935390755936906,0.0005660231585975165,0.010055009932215284,0.8308965379712598,0.11711711711711711,0.9889666193777377,0.8103387993630756,222,49062
4,resnet18,scratch,gs30,adaptive,test,gs30,1337,3,1,slice_level,0.2608695652173913,0.42028985507246375,0.9884218072545701,0.0009662914967191392,0.011122312720703043,0.7360055660575511,0.12077294685990338,0.9575276268277191,0.8942967937174051,207,13800
4,resnet18,scratch,gs30,adaptive,test,gs30,1337,3,1,subject_level,0.2028985507246377,0.5072463768115942,0.9902562490407971,0.001303674518198207,0.031770006470058273,0.7889793913784796,0.18840579710144928,0.971572762814121,0.907575634669414,69,4692
4,resnet18,scratch,gs30,blind,train,raw,1337,3,1,slice_level,0.6756756756756757,0.7702702702702703,0.9992785453796387,0.00022662357167080717,0.0015424198915695284,0.8282984504775046,0.3843843843843844,0.998548229982903,0.9973855599479096,666,44400
4,resnet18,scratch,gs30,blind,train,raw,1337,3,1,subject_level,0.5540540540540541,0.6801801801801802,0.9992770171380257,0.0001537166200242601,0.00459595268953021,0.8911927856681434,0.5540540540540541,0.9990253303502057,0.9978616963861662,222,49062
4,resnet18,scratch,gs30,blind,test,raw,1337,3,1,slice_level,0.7101449275362319,0.8695652173913043,0.9992104457772296,0.00029536347458328026,0.004981459428866704,0.8498141146817895,0.357487922705314,0.9985185527571158,0.9970303740319998,207,13800
4,resnet18,scratch,gs30,blind,test,raw,1337,3,1,subject_level,0.6231884057971014,0.8115942028985508,0.9992016277451446,0.0002149257107057433,0.014840697221781897,0.9187438995762136,0.5797101449275363,0.9990022078804348,0.9975138783632743,69,4692
0,resnet18,scratch,gs40,adaptive,train,gs40,1337,3,1,slice_level,0.12669683257918551,0.3438914027149321,0.9802558724157411,0.0005724713273717268,0.002004637714260473,0.8396766548596466,0.15535444947209653,0.9749597711081238,0.9586979282428236,663,44200
0,resnet18,scratch,gs40,adaptive,train,gs40,1337,3,1,subject_level,0.15384615384615385,0.3891402714932127,0.9854507586535286,0.000514687186452598,0.005783888140516314,0.8802112048186044,0.2171945701357466,0.9832356267385354,0.966854060699007,221,48620
0,resnet18,scratch,gs40,adaptive,test,gs40,1337,3,1,slice_level,0.17142857142857143,0.5142857142857142,0.9795559244496482,0.0006437718868255616,0.005708589870482683,0.7905853741496598,0.11428571428571428,0.9744025905927022,0.9662309474178723,210,14000
0,resnet18,scratch,gs40,adaptive,test,gs40,1337,3,1,subject_level,0.2714285714285714,0.6285714285714286,0.9849669260638101,0.0007883003779820034,0.01643254017191274,0.8588805087252293,0.18571428571428572,0.9829526007175445,0.9747207180436848,70,4830
0,resnet18,scratch,gs40,blind,train,raw,1337,3,1,slice_level,0.7104072398190046,0.832579185520362,0.9968096921346846,0.001004623881292559,0.0016630006563213414,0.8590974625144174,0.42232277526395173,0.9944964736295502,0.9899169569668187,663,44200
0,resnet18,scratch,gs40,blind,train,raw,1337,3,1,subject_level,0.5927601809954751,0.746606334841629,0.9969628919843095,0.0006321978784794181,0.004869430433385647,0.9238606349732248,0.6108597285067874,0.9963815641079553,0.9917593670291011,221,48620
0,resnet18,scratch,gs40,blind,test,raw,1337,3,1,slice_level,0.7285714285714285,0.9,0.996771034172603,0.0010862929480416434,0.00523998949543706,0.8459217687074831,0.41904761904761906,0.9944372514883677,0.9899446319213935,210,14000
0,resnet18,scratch,gs40,blind,test,raw,1337,3,1,subject_level,0.6285714285714286,0.8,0.9968453500952039,0.0008651248046330043,0.015336991886475257,0.8957675244010648,0.5428571428571428,0.9962620956557138,0.9917653177712521,70,4830
1,resnet18,scratch,gs40,adaptive,train,gs40,1337,3,1,slice_level,0.19457013574660634,0.38461538461538464,0.988714209778816,0.0005777896259704866,0.0035619224196224058,0.7767604574025921,0.09351432880844646,0.9712647240086378,0.865475632488323,663,44200
1,resnet18,scratch,gs40,adaptive,train,gs40,1337,3,1,subject_level,0.14479638009049775,0.3076923076923077,0.9909879222714524,0.00054092132128202,0.010236245820222936,0.8052054812368892,0.13122171945701358,0.9807364147712742,0.873428317344223,221,48620
1,resnet18,scratch,gs40,adaptive,test,gs40,1337,3,1,slice_level,0.21428571428571427,0.35714285714285715,0.987651618037905,0.0007046333381107875,0.009640047027330314,0.6679739795918367,0.0761904761904762,0.9537933335417793,0.9121883973117385,210,14000
1,resnet18,scratch,gs40,adaptive,test,gs40,1337,3,1,subject_level,0.21428571428571427,0.2857142857142857,0.9902777663299016,0.0011055886745452881,0.027610768830137595,0.7205708370304644,0.12857142857142856,0.9690973137106215,0.9269745307556098,70,4830
1,resnet18,scratch,gs40,blind,train,raw,1337,3,1,slice_level,0.579185520361991,0.6515837104072398,0.9996480297179243,8.479502406055572e-05,0.0015664617715369724,0.759862717798571,0.277526395173454,0.9988027369634418,0.9969328510518527,663,44200
1,resnet18,scratch,gs40,blind,train,raw,1337,3,1,subject_level,0.416289592760181,0.5384615384615384,0.9996682448624485,6.479375502642463e-05,0.0046763189655319864,0.8133155173280273,0.4072398190045249,0.9991926143611718,0.997328272963296,221,48620
1,resnet18,scratch,gs40,blind,test,raw,1337,3,1,slice_level,0.6428571428571429,0.7,0.9996367343834468,0.00013114213943481444,0.004919749019401414,0.7503641156462586,0.2857142857142857,0.9985729501360938,0.9972949350902013,210,14000
1,resnet18,scratch,gs40,blind,test,raw,1337,3,1,subject_level,0.45714285714285713,0.6,0.9996195980480739,0.00013367618833269392,0.014646851058517183,0.8144957113280095,0.42857142857142855,0.9991335945469992,0.9978528759124116,70,4830
2,resnet18,scratch,gs40,adaptive,train,gs40,1337,3,1,slice_level,0.18018018018018017,0.35585585585585583,0.9897211427624161,0.0004771805561340607,0.0030225550730687543,0.7875727754781809,0.10960960960960961,0.9742194934113247,0.9140741017105075,666,44400
2,resnet18,scratch,gs40,adaptive,train,gs40,1337,3,1,subject_level,0.22072072072072071,0.33783783783783783,0.99190243273168,0.0006763811583991523,0.008736844287832847,0.8158890056743793,0.12612612612612611,0.9829111845643671,0.9230360440522011,222,49062
2,resnet18,scratch,gs40,adaptive,test,gs40,1337,3,1,slice_level,0.2608695652173913,0.43478260869565216,0.9899164118628571,0.000614592130633368,0.008670037463847279,0.7219523209409787,0.04830917874396135,0.9717068916933548,0.9339679881757584,207,13800
2,resnet18,scratch,gs40,adaptive,test,gs40,1337,3,1,subject_level,0.15942028985507245,0.2898550724637681,0.9918125971503879,0.0009684182595515597,0.02486493608549885,0.7621189937852898,0.043478260869565216,0.9810936692832173,0.9430120829476928,69,4692
2,resnet18,scratch,gs40,blind,train,raw,1337,3,1,slice_level,0.5720720720720721,0.6711711711711712,0.9997024656953039,7.984176412359014e-05,0.0015332547718080113,0.7562360333306279,0.2972972972972973,0.9990817062310628,0.9982208566971728,666,44400
2,resnet18,scratch,gs40,blind,train,raw,1337,3,1,subject_level,0.35585585585585583,0.46396396396396394,0.9997008791914931,5.709024162979813e-05,0.00457926414831466,0.8192077518389124,0.36036036036036034,0.9993974708759032,0.9985402010976211,222,49062
2,resnet18,scratch,gs40,blind,test,raw,1337,3,1,slice_level,0.5652173913043478,0.7246376811594203,0.9996735151263251,8.622546126877052e-05,0.0049262271883587045,0.7780706084155988,0.22705314009661837,0.999196075298936,0.998286483231662,207,13800
2,resnet18,scratch,gs40,blind,test,raw,1337,3,1,subject_level,0.4782608695652174,0.6521739130434783,0.9996794185776642,7.528930470563364e-05,0.014718906953930855,0.8420839665418782,0.34782608695652173,0.9994895190432451,0.9985767909963215,69,4692
3,resnet18,scratch,gs40,adaptive,train,gs40,1337,3,1,slice_level,0.30180180180180183,0.527027027027027,0.982155118708138,0.0008371297840599542,0.0020729746246869836,0.8486058693828964,0.21621621621621623,0.9768865394878674,0.9579276372505738,666,44400
3,resnet18,scratch,gs40,adaptive,train,gs40,1337,3,1,subject_level,0.31981981981981983,0.5180180180180181,0.9865106314689189,0.0007159460235286404,0.005976552582085804,0.890828886854324,0.2747747747747748,0.984459585703171,0.9653713971912183,222,49062
3,resnet18,scratch,gs40,adaptive,test,gs40,1337,3,1,slice_level,0.4927536231884058,0.7101449275362319,0.9811223227044811,0.0009972349457118821,0.005830272539532271,0.7823263670097318,0.2028985507246377,0.975634641405465,0.9675070582308631,207,13800
3,resnet18,scratch,gs40,adaptive,test,gs40,1337,3,1,subject_level,0.4057971014492754,0.5652173913043478,0.9857051147930864,0.0009472689766814743,0.01672490486416264,0.8446168007215489,0.2028985507246377,0.9835740604262421,0.9753842148786921,69,4692
3,resnet18,scratch,gs40,blind,train,raw,1337,3,1,slice_level,0.7342342342342343,0.8153153153153153,0.9978026736963976,0.0007249742477863758,0.0016673864316413397,0.8385169798176554,0.44894894894894893,0.9953481054699814,0.9902957715429701,666,44400
3,resnet18,scratch,gs40,blind,train,raw,1337,3,1,subject_level,0.5315315315315315,0.6801801801801802,0.9978201590679787,0.0005584675986487586,0.0048959428016599775,0.9028943337369411,0.5630630630630631,0.9969305957222844,0.9918741757431099,222,49062
3,resnet18,scratch,gs40,blind,test,raw,1337,3,1,slice_level,0.8115942028985508,0.927536231884058,0.9978856988575148,0.0008348269739012787,0.0053195971523182116,0.862381852551985,0.5217391304347826,0.9959126068774052,0.9909625537931055,207,13800
3,resnet18,scratch,gs40,blind,test,raw,1337,3,1,subject_level,0.6521739130434783,0.7681159420289855,0.9978526735651321,0.0007752240567967511,0.015636355656644573,0.9215655386288101,0.6376811594202898,0.9973477755767711,0.9923937350181261,69,4692
4,resnet18,scratch,gs40,adaptive,train,gs40,1337,3,1,slice_level,0.27927927927927926,0.5,0.9829407334327698,0.000851665531192814,0.0027389191636429714,0.8319935645104565,0.21771771771771772,0.9730223462030336,0.933566619731016,666,44400
4,resnet18,scratch,gs40,adaptive,train,gs40,1337,3,1,subject_level,0.2702702702702703,0.43243243243243246,0.9868564608397784,0.0008117159207661947,0.007793422813552457,0.8640597152123386,0.25675675675675674,0.9819515336741198,0.9419018296359886,222,49062
4,resnet18,scratch,gs40,adaptive,test,gs40,1337,3,1,slice_level,0.37681159420289856,0.6376811594202898,0.9819423115771749,0.0012059004410453465,0.007516253159205982,0.8331047399005812,0.178743961352657,0.9723786173235391,0.9474526272865309,207,13800
4,resnet18,scratch,gs40,adaptive,test,gs40,1337,3,1,subject_level,0.34782608695652173,0.5652173913043478,0.9858947456746862,0.0012787183125813801,0.021257993697688198,0.8700563401163868,0.2318840579710145,0.9812036484911821,0.9560801009540363,69,4692
4,resnet18,scratch,gs40,blind,train,raw,1337,3,1,slice_level,0.6711711711711712,0.7342342342342343,0.9988273339228587,0.0003232663279181128,0.0015726337646687957,0.8108106755404052,0.36486486486486486,0.9976230200167533,0.9955538659052806,666,44400
4,resnet18,scratch,gs40,blind,train,raw,1337,3,1,subject_level,0.49099099099099097,0.6216216216216216,0.9988877784024488,0.00025097099510399074,0.004670329989764739,0.8732730529232914,0.5045045045045045,0.9984059532483419,0.9963319931680577,222,49062
4,resnet18,scratch,gs40,blind,test,raw,1337,3,1,slice_level,0.6811594202898551,0.7971014492753623,0.9986902691315913,0.0004200918087060901,0.005087255986164446,0.8306700273051879,0.33816425120772947,0.9976202730395368,0.9949937254017678,207,13800
4,resnet18,scratch,gs40,blind,test,raw,1337,3,1,subject_level,0.5507246376811594,0.7681159420289855,0.9987161289090696,0.00023600243139958036,0.015097255737561247,0.901000160618753,0.43478260869565216,0.9984220914218737,0.9957928041540854,69,4692
0,resnet18,scratch,gs50,adaptive,train,gs50,1337,3,1,slice_level,0.167420814479638,0.28054298642533937,0.9922563468708712,0.0003515543980835789,0.0035618425681934233,0.7373175883649665,0.07993966817496229,0.9807825133451689,0.8561230708065346,663,44200
0,resnet18,scratch,gs50,adaptive,train,gs50,1337,3,1,subject_level,0.1493212669683258,0.27149321266968324,0.9939222014867343,0.00037868152376753175,0.009979165468904363,0.7685905191428215,0.11764705882352941,0.9878104008161105,0.8622428794283035,221,48620
0,resnet18,scratch,gs50,adaptive,test,gs50,1337,3,1,slice_level,0.24285714285714285,0.37142857142857144,0.9898983699934824,0.0005839049816131591,0.008143571099000317,0.6632923469387756,0.07142857142857142,0.967901288043885,0.9456986133115632,210,14000
0,resnet18,scratch,gs50,adaptive,test,gs50,1337,3,1,subject_level,0.11428571428571428,0.3142857142857143,0.9917028767721994,0.000682753324508667,0.02296812872269324,0.723765158237208,0.1,0.9789994733674185,0.9565898216659238,70,4830
0,resnet18,scratch,gs50,blind,train,raw,1337,3,1,slice_level,0.583710407239819,0.6742081447963801,0.9978780109957872,0.00061569359507496,0.0018576206217996135,0.7799950007848597,0.33182503770739064,0.992487291854611,0.9821894442387835,663,44200
0,resnet18,scratch,gs50,blind,train,raw,1337,3,1,subject_level,0.35294117647058826,0.45701357466063347,0.9978578349583829,0.00044318130113420444,0.005412488665886864,0.821349238996298,0.39819004524886875,0.9949592716014224,0.984710144123782,221,48620
0,resnet18,scratch,gs50,blind,test,raw,1337,3,1,slice_level,0.5857142857142857,0.7285714285714285,0.9977751238005502,0.0006743507725851877,0.005704649185229625,0.7805397959183674,0.2857142857142857,0.992793139389583,0.9841645647883415,210,14000
0,resnet18,scratch,gs50,blind,test,raw,1337,3,1,subject_level,0.44285714285714284,0.6,0.9978029668331146,0.0006327978202274868,0.016735218930989504,0.8092265601892932,0.4142857142857143,0.994779577425548,0.9861113211012775,70,4830
1,resnet18,scratch,gs50,adaptive,train,gs50,1337,3,1,slice_level,0.11764705882352941,0.2579185520361991,0.9825612071952129,0.0005096264554364649,0.002224023089369093,0.8038063307467088,0.1085972850678733,0.9761139398067066,0.9528153773022993,663,44200
1,resnet18,scratch,gs50,adaptive,train,gs50,1337,3,1,subject_level,0.11312217194570136,0.28054298642533937,0.9870183613505299,0.0005974694075088155,0.006398053576419661,0.8346496330393057,0.13574660633484162,0.9839148235536809,0.9602547600025603,221,48620
1,resnet18,scratch,gs50,adaptive,test,gs50,1337,3,1,slice_level,0.1,0.4,0.9820101891245161,0.000507277250289917,0.005778925732842513,0.7332571428571429,0.08095238095238096,0.9757596418971107,0.9677701075885977,210,14000
1,resnet18,scratch,gs50,adaptive,test,gs50,1337,3,1,subject_level,0.15714285714285714,0.4857142857142857,0.9867554715701512,0.0007338838917868478,0.016554269367562872,0.8106699201419698,0.1,0.9841110484940665,0.9760162750016088,70,4830
1,resnet18,scratch,gs50,blind,train,raw,1337,3,1,slice_level,0.6787330316742082,0.7692307692307693,0.9975472890953133,0.0007211417634023261,0.0016098403523579173,0.865313159026228,0.43137254901960786,0.9959900941963828,0.9929458422116025,663,44200
1,resnet18,scratch,gs50,blind,train,raw,1337,3,1,subject_level,0.5701357466063348,0.7285067873303167,0.9977280219755561,0.0004695322179147021,0.004752631297090609,0.9250024662587878,0.5972850678733032,0.9973040598010585,0.9942599677674224,221,48620
1,resnet18,scratch,gs50,blind,test,raw,1337,3,1,slice_level,0.6857142857142857,0.8285714285714286,0.9975037685462407,0.0007277786731719971,0.005052161223388144,0.8520190476190477,0.38571428571428573,0.9959899717853182,0.9933001618172441,210,14000
1,resnet18,scratch,gs50,blind,test,raw,1337,3,1,subject_level,0.6714285714285714,0.7857142857142857,0.9977019361087254,0.0006239133221762521,0.014901513127343995,0.9215128660159717,0.5571428571428572,0.9973878715719495,0.9946979225052069,70,4830
2,resnet18,scratch,gs50,adaptive,train,gs50,1337,3,1,slice_level,0.13963963963963963,0.32432432432432434,0.9856925002626471,0.0004905596509710089,0.0025889627081719605,0.8174739435381327,0.09309309309309309,0.9772649001072835,0.9370669120026601,666,44400
2,resnet18,scratch,gs50,adaptive,train,gs50,1337,3,1,subject_level,0.14414414414414414,0.35135135135135137,0.9891534514792331,0.0005223506742769534,0.00746529995933645,0.8480013889393857,0.11711711711711711,0.9847409607053877,0.9441117595082893,222,49062
2,resnet18,scratch,gs50,adaptive,test,gs50,1337,3,1,slice_level,0.2608695652173913,0.4782608695652174,0.9850182982458584,0.0006963740224423616,0.007105770844804204,0.769820940978786,0.0821256038647343,0.975624904828371,0.953209878521553,207,13800
2,resnet18,scratch,gs50,adaptive,test,gs50,1337,3,1,subject_level,0.21739130434782608,0.4492753623188406,0.9886847233426743,0.0006668550380762073,0.020342397760005966,0.813113903406353,0.08695652173913043,0.9837432736935823,0.9611456473465161,69,4692
2,resnet18,scratch,gs50,blind,train,raw,1337,3,1,slice_level,0.5945945945945946,0.7702702702702703,0.9991240603429777,0.00021599729855855307,0.0015552928403800201,0.8272161857803749,0.38288288288288286,0.9983371566902768,0.996641972569732,666,44400
2,resnet18,scratch,gs50,blind,train,raw,1337,3,1,subject_level,0.4954954954954955,0.6441441441441441,0.9991858316971375,0.00016616808401571738,0.004633259080635669,0.8853521339610371,0.509009009009009,0.9988976255193487,0.9971969413820985,222,49062
2,resnet18,scratch,gs50,blind,test,raw,1337,3,1,slice_level,0.7101449275362319,0.8115942028985508,0.9990660107654074,0.00020876397257265836,0.004990332712675782,0.8166813694601975,0.38164251207729466,0.9983051701444359,0.9967570709447929,207,13800
2,resnet18,scratch,gs50,blind,test,raw,1337,3,1,subject_level,0.6376811594202898,0.7391304347826086,0.9991307068562162,0.00022962387057318205,0.01486641659900762,0.8757799275980084,0.5217391304347826,0.9988652035809945,0.9973167457569387,69,4692
3,resnet18,scratch,gs50,adaptive,train,gs50,1337,3,1,slice_level,0.08108108108108109,0.22072072072072071,0.9814108690700015,0.0005365902776116723,0.0022610414931592574,0.7943116765414063,0.09309309309309309,0.9747804508015916,0.9494355048856756,666,44400
3,resnet18,scratch,gs50,adaptive,train,gs50,1337,3,1,subject_level,0.08108108108108109,0.2927927927927928,0.9861944787674122,0.000465941858721209,0.006507073787066179,0.8249665068027549,0.11261261261261261,0.9830131745553231,0.9574624027383055,222,49062
3,resnet18,scratch,gs50,adaptive,test,gs50,1337,3,1,slice_level,0.15942028985507245,0.43478260869565216,0.9809311783832052,0.0007867389830990114,0.005958014275824678,0.7604060771546595,0.12560386473429952,0.9744697051923632,0.9654115516724794,207,13800
3,resnet18,scratch,gs50,adaptive,test,gs50,1337,3,1,subject_level,0.2463768115942029,0.4782608695652174,0.9858374448790066,0.0005652904510498047,0.017021216938029163,0.8169255099645403,0.15942028985507245,0.9832088152567545,0.9740757443334745,69,4692
3,resnet18,scratch,gs50,blind,train,raw,1337,3,1,slice_level,0.6891891891891891,0.7792792792792793,0.9987796875270637,0.00041468777098097243,0.0015714234412387686,0.8352664996077157,0.4084084084084084,0.9976365632481046,0.9955639595290026,666,44400
3,resnet18,scratch,gs50,blind,train,raw,1337,3,1,subject_level,0.536036036036036,0.6981981981981982,0.9987805515259236,0.0002778223505965224,0.004661647965795956,0.9067085919232183,0.536036036036036,0.9984309034304576,0.9963601761325234,222,49062
3,resnet18,scratch,gs50,blind,test,raw,1337,3,1,slice_level,0.7971014492753623,0.855072463768116,0.9988824751066125,0.0004617865534796231,0.005039614233849705,0.8538551074704195,0.4782608695652174,0.997924576634946,0.9958791463271431,207,13800
3,resnet18,scratch,gs50,blind,test,raw,1337,3,1,subject_level,0.6086956521739131,0.7681159420289855,0.9988438806672028,0.0004473199015078337,0.014954005786474201,0.9230528065038239,0.6376811594202898,0.9986585672350897,0.9966127200962027,69,4692
4,resnet18,scratch,gs50,adaptive,train,gs50,1337,3,1,slice_level,0.20270270270270271,0.34234234234234234,0.9917704691221049,0.0004110035595593152,0.0037488592012474933,0.7461994765035306,0.07057057057057058,0.9754791019020138,0.7957956621178367,666,44400
4,resnet18,scratch,gs50,adaptive,train,gs50,1337,3,1,subject_level,0.14414414414414414,0.25675675675675674,0.9931957598205086,0.0004897243804759808,0.010431180273912646,0.7656719333984835,0.08558558558558559,0.9840510071397902,0.8025869186705652,222,49062
4,resnet18,scratch,gs50,adaptive,test,gs50,1337,3,1,slice_level,0.2028985507246377,0.4782608695652174,0.9883733167164568,0.0008029946382494941,0.013000590389297493,0.6825579360078415,0.06763285024154589,0.9421269597062742,0.8703232123281645,207,13800
4,resnet18,scratch,gs50,adaptive,test,gs50,1337,3,1,subject_level,0.13043478260869565,0.2318840579710145,0.9899929373160653,0.0022061691767927528,0.03801741785761239,0.7192723970495571,0.043478260869565216,0.9615755478541056,0.8883897501591018,69,4692
4,resnet18,scratch,gs50,blind,train,raw,1337,3,1,slice_level,0.6891891891891891,0.7972972972972973,0.9992159331167066,0.0002624384454778723,0.0015563479003806908,0.8335145280415551,0.3978978978978979,0.9983094795509143,0.9966837440578787,666,44400
4,resnet18,scratch,gs50,blind,train,raw,1337,3,1,subject_level,0.5045045045045045,0.6216216216216216,0.9992056668878676,0.00019784016652150198,0.004629589336177519,0.8991573357630591,0.5405405405405406,0.9988999033833409,0.9972750939774138,222,49062
4,resnet18,scratch,gs50,blind,test,raw,1337,3,1,slice_level,0.6811594202898551,0.782608695652174,0.9991375527520111,0.0003119767576024152,0.005025082031615834,0.8544614226703073,0.34299516908212563,0.9983303135143962,0.9963341417606326,207,13800
4,resnet18,scratch,gs50,blind,test,raw,1337,3,1,subject_level,0.5652173913043478,0.7536231884057971,0.9991139303083005,0.00023151307866193247,0.014953684763631958,0.9207562672201837,0.463768115942029,0.9988789454750393,0.9968813044945602,69,4692
0,densenet121,pretrained,raw,adaptive,train,raw,1337,5,1,slice_level,0.8416289592760181,0.9366515837104072,0.9168925336583168,0.015007644487182479,0.0073798692087765055,0.9276087303699759,0.3918552036199095,0.8776515987124378,0.6914930751933231,1105,44200
0,densenet121,pretrained,raw,adaptive,train,raw,1337,5,1,subject_level,0.7782805429864253,0.918552036199095,0.9268564317560843,0.016848394773664517,0.02405646116771984,0.9709083836046839,0.6199095022624435,0.9239580687894001,0.7285926472345089,221,48620
0,densenet121,pretrained,raw,adaptive,test,raw,1337,5,1,slice_level,0.9,0.9428571428571428,0.9065544290202004,0.018179680619921004,0.02062201192602515,0.9166737755102041,0.38857142857142857,0.8624254727363586,0.7185890249865395,350,14000
0,densenet121,pretrained,raw,adaptive,test,raw,1337,5,1,subject_level,0.8,0.9571428571428572,0.9177571407386235,0.0228932329586574,0.06636244250195367,0.9656965394853594,0.6142857142857143,0.9144423799855369,0.7621457296005194,70,4830
1,densenet121,pretrained,raw,adaptive,train,raw,1337,5,1,slice_level,0.8416289592760181,0.9321266968325792,0.9195796318723066,0.015347686827991883,0.00708458117605503,0.9265879486497002,0.36923076923076925,0.8802238183863023,0.6885154527000982,1105,44200
1,densenet121,pretrained,raw,adaptive,train,raw,1337,5,1,subject_level,0.7692307692307693,0.8868778280542986,0.929911093204809,0.016634568369766168,0.023533097282894867,0.968736354143594,0.5565610859728507,0.925815916169283,0.7239460085097629,221,48620
1,densenet121,pretrained,raw,adaptive,test,raw,1337,5,1,slice_level,0.8285714285714286,0.9,0.8981103547981807,0.01966881241117205,0.022797799695815357,0.8939228571428571,0.44571428571428573,0.84653531398092,0.7173570062667132,350,14000
1,densenet121,pretrained,raw,adaptive,test,raw,1337,5,1,subject_level,0.7571428571428571,0.9,0.9106004468032292,0.02833437579018729,0.07106389022831405,0.9455664004732327,0.6,0.9021279394626618,0.7642798779050263,70,4830
2,densenet121,pretrained,raw,adaptive,train,raw,1337,5,1,slice_level,0.7882882882882883,0.8963963963963963,0.8741365574501656,0.02081793868863905,0.007942394801281259,0.9089798717636555,0.44144144144144143,0.8155469180764379,0.7129030810048183,1110,44400
2,densenet121,pretrained,raw,adaptive,train,raw,1337,5,1,subject_level,0.6981981981981982,0.8243243243243243,0.8914984792202443,0.022099006820369412,0.02183417040804351,0.969619659405033,0.6891891891891891,0.8837033021557439,0.7726629870978615,222,49062
2,densenet121,pretrained,raw,adaptive,test,raw,1337,5,1,slice_level,0.8840579710144928,0.927536231884058,0.8754938659460648,0.022930697254512623,0.022346812381368618,0.8967024784709097,0.4318840579710145,0.819971439803856,0.7209587331872056,345,13800
2,densenet121,pretrained,raw,adaptive,test,raw,1337,5,1,subject_level,0.8840579710144928,0.9420289855072463,0.8914386889208918,0.029388064059658325,0.060215869621522186,0.9659272026390897,0.7246376811594203,0.8886509252631146,0.7810544822450793,69,4692
3,densenet121,pretrained,raw,adaptive,train,raw,1337,5,1,slice_level,0.8513513513513513,0.9099099099099099,0.8595693685986974,0.02334048753386145,0.00794626604492969,0.9166925574222872,0.4702702702702703,0.8035636860508103,0.697981325614157,1110,44400
3,densenet121,pretrained,raw,adaptive,train,raw,1337,5,1,subject_level,0.7477477477477478,0.9054054054054054,0.8798619809451403,0.022563068447886286,0.021694588378440956,0.9755443654489759,0.7027027027027027,0.8749727051000338,0.760497683263827,222,49062
3,densenet121,pretrained,raw,adaptive,test,raw,1337,5,1,slice_level,0.9130434782608695,1.0,0.86000264727551,0.023934647656869198,0.02280217886942884,0.9155896870405377,0.4782608695652174,0.8038182374359905,0.7042865313524785,345,13800
3,densenet121,pretrained,raw,adaptive,test,raw,1337,5,1,subject_level,0.855072463768116,0.9565217391304348,0.8806308646132981,0.03279787388400755,0.06085106430818205,0.9884447162607954,0.7681159420289855,0.8788987674574921,0.7702071694284043,69,4692
4,densenet121,pretrained,raw,adaptive,train,raw,1337,5,1,slice_level,0.8558558558558559,0.9504504504504504,0.9373158076861957,0.01262209651706455,0.00563866399891406,0.9244825095365634,0.32342342342342345,0.9043120639818208,0.7109887450020592,1110,44400
4,densenet121,pretrained,raw,adaptive,train,raw,1337,5,1,subject_level,0.8153153153153153,0.9099099099099099,0.9446252651579745,0.014305672667047999,0.020059452719382337,0.9683720194451515,0.5135135135135135,0.9415582410387091,0.7403888742058544,222,49062
4,densenet121,pretrained,raw,adaptive,test,raw,1337,5,1,slice_level,0.855072463768116,0.9420289855072463,0.9237557243609774,0.015407383441925049,0.018169272610026856,0.8630463137996219,0.3391304347826087,0.875328727044921,0.7393166458887467,345,13800
4,densenet121,pretrained,raw,adaptive,test,raw,1337,5,1,subject_level,0.6956521739130435,0.8405797101449275,0.9299798512804336,0.016364018122355144,0.059949878090317696,0.9246265613996071,0.42028985507246375,0.9211293631705685,0.7792363373494412,69,4692
0,densenet121,pretrained,gs0,adaptive,train,gs0,1337,5,1,slice_level,0.7104072398190046,0.8733031674208145,0.8570794751741228,0.01600169650030352,0.00823952399860073,0.9218444339796483,0.3918552036199095,0.8027086175944471,0.6733009510315382,1105,44200
0,densenet121,pretrained,gs0,adaptive,train,gs0,1337,5,1,subject_level,0.6470588235294118,0.8416289592760181,0.8822611813092124,0.016686099956477927,0.024323046578271355,0.9690645526951089,0.5701357466063348,0.8750692549334392,0.7346628244345642,221,48620
0,densenet121,pretrained,gs0,adaptive,test,gs0,1337,5,1,slice_level,0.8285714285714286,0.9571428571428572,0.8537688323429653,0.01963139431817191,0.022579007915088108,0.9114997959183674,0.38571428571428573,0.7999551376274654,0.6879325076767376,350,14000
0,densenet121,pretrained,gs0,adaptive,test,gs0,1337,5,1,subject_level,0.7857142857142857,0.9571428571428572,0.8760940245219639,0.02024150916508266,0.06224681937268802,0.9729458740017747,0.5714285714285714,0.8719253301620483,0.7501835643998338,70,4830
0,densenet121,pretrained,gs0,blind,train,raw,1337,5,1,slice_level,0.8144796380090498,0.8868778280542986,0.9899075077130244,0.00389787918841677,0.0014903872785879072,0.8675415224913495,0.3375565610859729,0.9769334110739004,0.9539585277397709,1105,44200
0,densenet121,pretrained,gs0,blind,train,raw,1337,5,1,subject_level,0.6289592760180995,0.7873303167420814,0.9880651062969709,0.003932735768917998,0.006409062432942752,0.9478406275651419,0.45701357466063347,0.9862042978338527,0.963023938149741,221,48620
0,densenet121,pretrained,gs0,blind,test,raw,1337,5,1,slice_level,0.8571428571428571,0.9142857142857143,0.9904042150293078,0.0052366273743765695,0.004783907622498061,0.8625115306122448,0.4142857142857143,0.9771653636864254,0.9529956426365035,350,14000
0,densenet121,pretrained,gs0,blind,test,raw,1337,5,1,subject_level,0.7714285714285715,0.9285714285714286,0.9876260348728725,0.006067946127482823,0.020335896792156357,0.9499230996746525,0.5428571428571428,0.986478237594877,0.9620188728869579,70,4830
1,densenet121,pretrained,gs0,adaptive,train,gs0,1337,5,1,slice_level,0.6832579185520362,0.832579185520362,0.837339912065014,0.017689720268163206,0.007568499379964099,0.8842479883704265,0.3900452488687783,0.7737720994388356,0.67978191902802,1105,44200
1,densenet121,pretrained,gs0,adaptive,train,gs0,1337,5,1,subject_level,0.5882352941176471,0.751131221719457,0.865101520562064,0.018823478016918062,0.02066289311131606,0.9587738785037162,0.6289592760180995,0.8543386653537663,0.7507926254263144,221,48620
1,densenet121,pretrained,gs0,adaptive,test,gs0,1337,5,1,slice_level,0.8142857142857143,0.9,0.8275562737669263,0.020316501174654278,0.021104886934959464,0.8926219387755103,0.4342857142857143,0.7691058989933559,0.6773278569621699,350,14000
1,densenet121,pretrained,gs0,adaptive,test,gs0,1337,5,1,subject_level,0.7142857142857143,0.9,0.8585252480847495,0.027198869841439384,0.058826880981879576,0.96824016563147,0.6571428571428571,0.8521855771541595,0.7505391574794461,70,4830
1,densenet121,pretrained,gs0,blind,train,raw,1337,5,1,slice_level,0.7104072398190046,0.8280542986425339,0.9824742448275985,0.005691378095031324,0.0018838204725801406,0.8494367641940174,0.31493212669683257,0.9607541209432334,0.9290685471663108,1105,44200
1,densenet121,pretrained,gs0,blind,train,raw,1337,5,1,subject_level,0.5701357466063348,0.7239819004524887,0.9801952992629142,0.005210751591764424,0.007483225003963682,0.9271089769958549,0.497737556561086,0.975847800123206,0.9436392378838943,221,48620
1,densenet121,pretrained,gs0,blind,test,raw,1337,5,1,slice_level,0.7857142857142857,0.8714285714285714,0.9799225108964102,0.00788459096636091,0.0060513747190790515,0.8628913265306122,0.30857142857142855,0.9588404624802725,0.9252624016702176,350,14000
1,densenet121,pretrained,gs0,blind,test,raw,1337,5,1,subject_level,0.7428571428571429,0.9,0.9770975964409965,0.0072187866483415875,0.02341209538280964,0.9364537119195504,0.5142857142857142,0.9749694049358368,0.9407995445387703,70,4830
2,densenet121,pretrained,gs0,adaptive,train,gs0,1337,5,1,slice_level,0.7072072072072072,0.8558558558558559,0.8439070222614048,0.01951488745105159,0.007504596224952456,0.8923910802694587,0.4009009009009009,0.7814305097670169,0.6838652889282854,1110,44400
2,densenet121,pretrained,gs0,adaptive,train,gs0,1337,5,1,subject_level,0.6216216216216216,0.8288288288288288,0.8683830386883503,0.018177561126313767,0.02005050017137651,0.9661760023445238,0.6396396396396397,0.8600093185364663,0.7527401829243562,222,49062
2,densenet121,pretrained,gs0,adaptive,test,gs0,1337,5,1,slice_level,0.8115942028985508,0.927536231884058,0.843949121841486,0.02215749716413194,0.02352651676999918,0.8768077084646082,0.39420289855072466,0.7825948316117991,0.6878964157056981,345,13800
2,densenet121,pretrained,gs0,adaptive,test,gs0,1337,5,1,subject_level,0.8260869565217391,0.9130434782608695,0.8676830132802328,0.02624330831610638,0.058930231150293694,0.9559086079296244,0.6811594202898551,0.8630883063095204,0.7589278930364667,69,4692
2,densenet121,pretrained,gs0,blind,train,raw,1337,5,1,slice_level,0.7792792792792793,0.8828828828828829,0.9839624142324602,0.006325653544417373,0.0018514704299033493,0.8554765846928009,0.35135135135135137,0.9634149210410076,0.9313581817778381,1110,44400
2,densenet121,pretrained,gs0,blind,train,raw,1337,5,1,subject_level,0.6261261261261262,0.7657657657657657,0.9814331013340134,0.005504281671197565,0.007379709986281824,0.9422536606558864,0.5135135135135135,0.9779656400551667,0.945394683537095,222,49062
2,densenet121,pretrained,gs0,blind,test,raw,1337,5,1,slice_level,0.8405797101449275,0.9565217391304348,0.9846406665401183,0.0061353211817534075,0.005838489794320818,0.8507201218231464,0.3681159420289855,0.965438144967176,0.9332815795100253,345,13800
2,densenet121,pretrained,gs0,blind,test,raw,1337,5,1,subject_level,0.7246376811594203,0.9130434782608695,0.9821344225302987,0.007998504500458206,0.02346008570621843,0.9251532055796483,0.5507246376811594,0.9795087014419445,0.9467517181227376,69,4692
3,densenet121,pretrained,gs0,adaptive,train,gs0,1337,5,1,slice_level,0.6891891891891891,0.8423423423423423,0.8951046053353731,0.013379583487639556,0.007195891105561509,0.9094271771771771,0.35765765765765767,0.8498165841038162,0.693272548229979,1110,44400
3,densenet121,pretrained,gs0,adaptive,train,gs0,1337,5,1,subject_level,0.6126126126126126,0.8288288288288288,0.9125394031808183,0.013247095249794625,0.023185452983320295,0.9593778381536728,0.5135135135135135,0.9054468778876571,0.7390607629065644,222,49062
3,densenet121,pretrained,gs0,adaptive,test,gs0,1337,5,1,slice_level,0.7971014492753623,0.9565217391304348,0.8835226331931957,0.017996524555095726,0.018747835946471794,0.871535811804243,0.35942028985507246,0.8299481455830561,0.7237660680884036,345,13800
3,densenet121,pretrained,gs0,adaptive,test,gs0,1337,5,1,subject_level,0.6811594202898551,0.8840579710144928,0.9013835355855416,0.017701296702675198,0.05745427990737169,0.9519533711405168,0.5362318840579711,0.8945439138274262,0.7812335736420758,69,4692
3,densenet121,pretrained,gs0,blind,train,raw,1337,5,1,slice_level,0.7972972972972973,0.8783783783783784,0.9929559013328036,0.0025187787171956654,0.0012616170433912058,0.8620903538673808,0.34954954954954953,0.9839578908842963,0.9688727353137355,1110,44400
3,densenet121,pretrained,gs0,blind,train,raw,1337,5,1,subject_level,0.6351351351351351,0.7612612612612613,0.9918412974288872,0.0024931739579449903,0.005691883772997571,0.9401411011108944,0.536036036036036,0.9903110579864399,0.9751173596829024,222,49062
3,densenet121,pretrained,gs0,blind,test,raw,1337,5,1,slice_level,0.9420289855072463,0.9565217391304348,0.9936585625012716,0.0035833008047463236,0.004060272798886982,0.8789860323461458,0.4318840579710145,0.984877301990122,0.9694121110309725,345,13800
3,densenet121,pretrained,gs0,blind,test,raw,1337,5,1,subject_level,0.8260869565217391,0.8985507246376812,0.9919768442278323,0.0036190368127131806,0.0181494927222746,0.9604476321089241,0.6521739130434783,0.9912978350252345,0.975699663314673,69,4692
4,densenet121,pretrained,gs0,adaptive,train,gs0,1337,5,1,slice_level,0.7477477477477478,0.8963963963963963,0.900155422118333,0.012513195072208438,0.007307052846184118,0.9149351615128641,0.3387387387387387,0.8559108564982543,0.6779730207003183,1110,44400
4,densenet121,pretrained,gs0,adaptive,train,gs0,1337,5,1,subject_level,0.6666666666666666,0.8378378378378378,0.9172526925533742,0.013834109982928715,0.024239900198907736,0.9615224402585292,0.5135135135135135,0.9107404984869398,0.7229124716197977,222,49062
4,densenet121,pretrained,gs0,adaptive,test,gs0,1337,5,1,slice_level,0.7971014492753623,0.927536231884058,0.8872484728909921,0.01747994319252346,0.0222340342251287,0.8926336904011762,0.336231884057971,0.8355379085609879,0.7053078682029593,345,13800
4,densenet121,pretrained,gs0,adaptive,test,gs0,1337,5,1,subject_level,0.6521739130434783,0.8840579710144928,0.9036921711935513,0.018734731535980667,0.06784827947832536,0.9551889123639373,0.43478260869565216,0.8963359706643699,0.7568559985661852,69,4692
4,densenet121,pretrained,gs0,blind,train,raw,1337,5,1,slice_level,0.8468468468468469,0.9054054054054054,0.9892002830097267,0.003981354805800292,0.0014676997817733937,0.8736984924113302,0.36486486486486486,0.9764900159191441,0.9540721984878854,1110,44400
4,densenet121,pretrained,gs0,blind,train,raw,1337,5,1,subject_level,0.6486486486486487,0.8468468468468469,0.9873587365622993,0.003827964937364733,0.006305568939628634,0.9503643303325338,0.527027027027027,0.9858158716747353,0.9631755473860992,222,49062
4,densenet121,pretrained,gs0,blind,test,raw,1337,5,1,slice_level,0.8985507246376812,0.9565217391304348,0.9896337934162306,0.005737867044365924,0.0047110712148951015,0.8904544213400546,0.3391304347826087,0.9771797904069873,0.9544877539812655,345,13800
4,densenet121,pretrained,gs0,blind,test,raw,1337,5,1,subject_level,0.7681159420289855,0.9565217391304348,0.9871699170789857,0.004901079164035078,0.020124867396510166,0.9655704436784165,0.4927536231884058,0.9862163524696792,0.9633135578618127,69,4692
0,densenet121,pretrained,gs10,adaptive,train,gs10,1337,5,1,slice_level,0.5565610859728507,0.7918552036199095,0.8241637322158296,0.012306457730979402,0.005409442419312658,0.8965433754427632,0.3384615384615385,0.7736918928396648,0.6869875094058557,1105,44200
0,densenet121,pretrained,gs10,adaptive,train,gs10,1337,5,1,subject_level,0.5113122171945701,0.8009049773755657,0.863104643864869,0.011294704486881446,0.016731803120025413,0.9605316695548263,0.5113122171945701,0.8547368168291463,0.7594110585519288,221,48620
0,densenet121,pretrained,gs10,adaptive,test,gs10,1337,5,1,slice_level,0.6714285714285714,0.9285714285714286,0.8201578029564449,0.013034371818814958,0.013981641197044934,0.8846054081632654,0.3514285714285714,0.7760434903417315,0.7018995955437421,350,14000
0,densenet121,pretrained,gs10,adaptive,test,gs10,1337,5,1,subject_level,0.6714285714285714,0.9142857142857143,0.8615708385195051,0.017089922087533134,0.044892373441585476,0.9580627033422066,0.5714285714285714,0.8560849819864546,0.7741967697568068,70,4830
0,densenet121,pretrained,gs10,blind,train,raw,1337,5,1,slice_level,0.8642533936651584,0.9411764705882353,0.9974459773814517,0.0014357167671169091,0.0011675201764127989,0.89651921541328,0.485972850678733,0.992355616923371,0.9790974533018483,1105,44200
0,densenet121,pretrained,gs10,blind,train,raw,1337,5,1,subject_level,0.6923076923076923,0.832579185520362,0.9963463520572197,0.001812288933749652,0.005513904852227927,0.9603493060040837,0.6606334841628959,0.9954383804787338,0.9822117682642919,221,48620
0,densenet121,pretrained,gs10,blind,test,raw,1337,5,1,slice_level,0.9285714285714286,0.9714285714285714,0.9972675885472979,0.001454075745173863,0.0036640018823423555,0.908830918367347,0.5257142857142857,0.9928059182848249,0.9793267228901387,350,14000
0,densenet121,pretrained,gs10,blind,test,raw,1337,5,1,subject_level,0.7857142857142857,0.9571428571428572,0.9960532622677939,0.0022471862179892403,0.01732484315122877,0.9678009464655428,0.6571428571428571,0.9956554668290275,0.9821382505799919,70,4830
1,densenet121,pretrained,gs10,adaptive,train,gs10,1337,5,1,slice_level,0.5294117647058824,0.7330316742081447,0.8480325484167937,0.010618300189799312,0.006216444408023789,0.8985683954054995,0.21900452488687783,0.799889461541068,0.6724609981457033,1105,44200
1,densenet121,pretrained,gs10,adaptive,train,gs10,1337,5,1,subject_level,0.5158371040723982,0.751131221719457,0.8816880726706389,0.010591418764709887,0.020183316423511344,0.9483727810650889,0.3031674208144796,0.8729594047792357,0.734354392721397,221,48620
1,densenet121,pretrained,gs10,adaptive,test,gs10,1337,5,1,slice_level,0.5428571428571428,0.8142857142857143,0.8368850486619132,0.010799935034343174,0.016484404408505984,0.8851583673469388,0.22285714285714286,0.7876199352741241,0.682747927855168,350,14000
1,densenet121,pretrained,gs10,adaptive,test,gs10,1337,5,1,subject_level,0.6,0.8285714285714286,0.8745099748883929,0.014949842861720493,0.053961230096008096,0.9480834072759539,0.44285714285714284,0.865386997801917,0.7512210802508684,70,4830
1,densenet121,pretrained,gs10,blind,train,raw,1337,5,1,slice_level,0.8597285067873304,0.9230769230769231,0.9975597731667946,0.0011383432608384353,0.001135574937671659,0.9042857742470465,0.45339366515837104,0.9934468612411982,0.9811538842118164,1105,44200
1,densenet121,pretrained,gs10,blind,train,raw,1337,5,1,subject_level,0.665158371040724,0.8190045248868778,0.9967212755216193,0.0014030218663798198,0.005417946266743662,0.9609524226106606,0.6244343891402715,0.9960448728427628,0.9837856938408903,221,48620
1,densenet121,pretrained,gs10,blind,test,raw,1337,5,1,slice_level,0.8857142857142857,0.9571428571428572,0.9972493299416133,0.001450981412615095,0.0035875996608021004,0.9040857142857143,0.48857142857142855,0.9927831487996238,0.9808261523672512,350,14000
1,densenet121,pretrained,gs10,blind,test,raw,1337,5,1,subject_level,0.8428571428571429,0.9428571428571428,0.9964162571089609,0.00250456588608878,0.017017315115247456,0.9598314108251995,0.7714285714285715,0.9957806672368731,0.9837312438473198,70,4830
2,densenet121,pretrained,gs10,adaptive,train,gs10,1337,5,1,slice_level,0.5225225225225225,0.7612612612612613,0.811776317991652,0.012042416108621133,0.005523598851501808,0.875267236831426,0.3216216216216216,0.7539904030056687,0.6744888952052271,1110,44400
2,densenet121,pretrained,gs10,adaptive,train,gs10,1337,5,1,subject_level,0.527027027027027,0.7657657657657657,0.8518094393584106,0.01235727039543358,0.016230676058881188,0.9546411857620125,0.5765765765765766,0.8420908088619644,0.7535316996240843,222,49062
2,densenet121,pretrained,gs10,adaptive,test,gs10,1337,5,1,slice_level,0.6956521739130435,0.855072463768116,0.8045767070590586,0.013114189756089363,0.015014735401432583,0.8576867254778408,0.3101449275362319,0.7527602166369342,0.678622822670833,345,13800
2,densenet121,pretrained,gs10,adaptive,test,gs10,1337,5,1,subject_level,0.6521739130434783,0.8260869565217391,0.8487488515135171,0.016334615755772244,0.046803742998104164,0.94056488379851,0.5072463768115942,0.8403689956319504,0.7575603737626844,69,4692
2,densenet121,pretrained,gs10,blind,train,raw,1337,5,1,slice_level,0.8873873873873874,0.9369369369369369,0.9957029489246575,0.00227200072090905,0.0012475379253947387,0.9094504098693288,0.4756756756756757,0.9892582833229958,0.9723329876014242,1110,44400
2,densenet121,pretrained,gs10,blind,train,raw,1337,5,1,subject_level,0.7387387387387387,0.8513513513513513,0.9944974925066974,0.0026430194979315405,0.005783949324206726,0.9644781139216752,0.6891891891891891,0.9935718710358078,0.9766211392152402,222,49062
2,densenet121,pretrained,gs10,blind,test,raw,1337,5,1,slice_level,0.8985507246376812,0.9710144927536232,0.995817508386529,0.001852224702420442,0.0039056959508013897,0.8943658895190086,0.5130434782608696,0.9899309645528379,0.9742616073852,345,13800
2,densenet121,pretrained,gs10,blind,test,raw,1337,5,1,subject_level,0.8260869565217391,0.8985507246376812,0.994629871154177,0.003422697385152181,0.018121801613681557,0.9657634950640622,0.6521739130434783,0.9942137814950252,0.9784994916664873,69,4692
3,densenet121,pretrained,gs10,adaptive,train,gs10,1337,5,1,slice_level,0.5540540540540541,0.7522522522522522,0.837807330730799,0.011457000229809736,0.006408170369025823,0.8945421130590051,0.31261261261261264,0.7840976143742466,0.6759796376788133,1110,44400
3,densenet121,pretrained,gs10,adaptive,train,gs10,1337,5,1,subject_level,0.5045045045045045,0.7432432432432432,0.8722445465422966,0.010950173343624081,0.019758386214406374,0.9513806028114455,0.44594594594594594,0.8622066220184704,0.7435819869567536,222,49062
3,densenet121,pretrained,gs10,adaptive,test,gs10,1337,5,1,slice_level,0.6956521739130435,0.855072463768116,0.8258315964021544,0.013913520004438318,0.014792272227181904,0.8677199117832387,0.3101449275362319,0.7751914596212083,0.6992654274404049,345,13800
3,densenet121,pretrained,gs10,adaptive,test,gs10,1337,5,1,subject_level,0.6376811594202898,0.855072463768116,0.8622329718824746,0.014052921447201052,0.045332120488519256,0.9488614601480163,0.4782608695652174,0.8551043989001841,0.7711746450402446,69,4692
3,densenet121,pretrained,gs10,blind,train,raw,1337,5,1,slice_level,0.8828828828828829,0.9324324324324325,0.9953272079562282,0.0022983677215404337,0.0012727953411789763,0.8866273334144956,0.4477477477477477,0.987857852379481,0.9705009317317524,1110,44400
3,densenet121,pretrained,gs10,blind,train,raw,1337,5,1,subject_level,0.6846846846846847,0.8198198198198198,0.9939204027523866,0.002573874619630006,0.0058463803609950585,0.9529998997407583,0.6081081081081081,0.9926671860991297,0.9752258130942879,222,49062
3,densenet121,pretrained,gs10,blind,test,raw,1337,5,1,slice_level,0.9420289855072463,1.0,0.9949521050936934,0.002471008162567581,0.0040868525325820065,0.8719981096408318,0.43768115942028984,0.9872232862140822,0.9698832327170649,345,13800
3,densenet121,pretrained,gs10,blind,test,raw,1337,5,1,subject_level,0.8115942028985508,0.8840579710144928,0.9933110777882562,0.003570865893709487,0.0186972184025723,0.9364443950232897,0.5797101449275363,0.9921899455181067,0.974778073256278,69,4692
4,densenet121,pretrained,gs10,adaptive,train,gs10,1337,5,1,slice_level,0.5225225225225225,0.8018018018018018,0.8229852592622912,0.011801772020958565,0.005827780968199174,0.8825639355571789,0.3144144144144144,0.7668456978626079,0.67986833169318,1110,44400
4,densenet121,pretrained,gs10,adaptive,train,gs10,1337,5,1,subject_level,0.4864864864864865,0.7477477477477478,0.85976512340812,0.01123290609669041,0.017248510819364776,0.9533670119918133,0.4864864864864865,0.849641986258395,0.7537799819943704,222,49062
4,densenet121,pretrained,gs10,adaptive,test,gs10,1337,5,1,slice_level,0.6521739130434783,0.855072463768116,0.8141090999478879,0.013745398625083591,0.016229635657931583,0.8743064482251628,0.3101449275362319,0.7627427320549454,0.6849846151384754,345,13800
4,densenet121,pretrained,gs10,adaptive,test,gs10,1337,5,1,subject_level,0.5652173913043478,0.8695652173913043,0.8555123771446339,0.0165676966957424,0.04863939995782963,0.953800486798374,0.5507246376811594,0.8476439170215441,0.7609685321877578,69,4692
4,densenet121,pretrained,gs10,blind,train,raw,1337,5,1,slice_level,0.8648648648648649,0.9279279279279279,0.996097994280291,0.0019110991611137047,0.0011825448070938052,0.8920989469198929,0.43783783783783786,0.9901173899302611,0.9766752202312151,1110,44400
4,densenet121,pretrained,gs10,blind,train,raw,1337,5,1,subject_level,0.7117117117117117,0.8648648648648649,0.994853062672658,0.002103540274473998,0.0055007186785407435,0.956980292632121,0.6261261261261262,0.9940931394293502,0.9806072799865744,222,49062
4,densenet121,pretrained,gs10,blind,test,raw,1337,5,1,slice_level,0.8985507246376812,0.9565217391304348,0.9961482010025909,0.0023204442383586497,0.0038511554467613282,0.8987843940348667,0.4434782608695652,0.9900845646858215,0.9756367491639178,345,13800
4,densenet121,pretrained,gs10,blind,test,raw,1337,5,1,subject_level,0.7971014492753623,0.8985507246376812,0.9946450314660004,0.0027897072874981423,0.017882948660332222,0.9591657709082373,0.5797101449275363,0.9939490297566289,0.9795014487812891,69,4692
0,densenet121,pretrained,gs20,adaptive,train,gs20,1337,5,1,slice_level,0.3574660633484163,0.665158371040724,0.8164257463826313,0.009110103904931255,0.003890623121492868,0.8239596138490202,0.23619909502262443,0.7622152119740102,0.7061346272402759,1105,44200
0,densenet121,pretrained,gs20,adaptive,train,gs20,1337,5,1,subject_level,0.40271493212669685,0.6877828054298643,0.8587102110569294,0.00806122991294343,0.012047015846921848,0.9167592056599243,0.334841628959276,0.8469221378883086,0.7845908718337644,221,48620
0,densenet121,pretrained,gs20,adaptive,test,gs20,1337,5,1,slice_level,0.6285714285714286,0.8714285714285714,0.8167824753693171,0.013108461243765695,0.011400745935471995,0.8322647959183673,0.23714285714285716,0.7677394241946084,0.7128997641461237,350,14000
0,densenet121,pretrained,gs20,adaptive,test,gs20,1337,5,1,subject_level,0.5714285714285714,0.8857142857142857,0.8581752700465066,0.010733579737799509,0.03506570221590144,0.9279148181011535,0.42857142857142855,0.8504104478018625,0.7899302424974817,70,4830
0,densenet121,pretrained,gs20,blind,train,raw,1337,5,1,slice_level,0.8642533936651584,0.9276018099547512,0.9985019184345574,0.0008443874471327838,0.0010761010762919332,0.8884590815093876,0.4461538461538462,0.9951072713368618,0.9860544760653336,1105,44200
0,densenet121,pretrained,gs20,blind,train,raw,1337,5,1,subject_level,0.6018099547511312,0.8009049773755657,0.9977768228064835,0.0008726114601031687,0.005182154278578531,0.9536887320823972,0.5701357466063348,0.9971154156853171,0.9881051743915669,221,48620
0,densenet121,pretrained,gs20,blind,test,raw,1337,5,1,slice_level,0.8571428571428571,0.9142857142857143,0.9985063740185329,0.0009028307029179164,0.0033932086845327703,0.8973351020408162,0.49714285714285716,0.9953467409951346,0.986101828609194,350,14000
0,densenet121,pretrained,gs20,blind,test,raw,1337,5,1,subject_level,0.7571428571428571,0.9428571428571428,0.9977491838591439,0.0013421297073364258,0.016351077519357205,0.956030760130139,0.6571428571428571,0.9973035105637141,0.9880571217887396,70,4830
1,densenet121,pretrained,gs20,adaptive,train,gs20,1337,5,1,slice_level,0.3574660633484163,0.6561085972850679,0.8330864164624279,0.007516696981714861,0.005289725153348767,0.876854282262853,0.19004524886877827,0.7840518721627974,0.6764969718827112,1105,44200
1,densenet121,pretrained,gs20,adaptive,train,gs20,1337,5,1,subject_level,0.39819004524886875,0.6425339366515838,0.8734923663182496,0.008971541445719171,0.01773464256619436,0.92835225062401,0.27601809954751133,0.8612615935403297,0.7439244195831161,221,48620
1,densenet121,pretrained,gs20,adaptive,test,gs20,1337,5,1,slice_level,0.5,0.7714285714285715,0.818866525377546,0.007632508448192052,0.01353183132596314,0.8593778571428572,0.1742857142857143,0.77181482059615,0.6881746796263116,350,14000
1,densenet121,pretrained,gs20,adaptive,test,gs20,1337,5,1,subject_level,0.5142857142857142,0.8428571428571429,0.8624406107834407,0.011289125680923462,0.04540695481534515,0.9364596273291925,0.37142857142857144,0.8549179519925799,0.7622686290099261,70,4830
1,densenet121,pretrained,gs20,blind,train,raw,1337,5,1,slice_level,0.8416289592760181,0.9366515837104072,0.9979492571558888,0.0009636922119969156,0.0011030366155424269,0.921317376794087,0.5067873303167421,0.9945875790324147,0.9837453393644877,1105,44200
1,densenet121,pretrained,gs20,blind,train,raw,1337,5,1,subject_level,0.6787330316742082,0.8642533936651584,0.9972541561493506,0.0014772291097166312,0.005305417861823178,0.9686677642293826,0.6923076923076923,0.9966998809603005,0.985905109619908,221,48620
1,densenet121,pretrained,gs20,blind,test,raw,1337,5,1,slice_level,0.8857142857142857,0.9428571428571428,0.997878909111023,0.0013531276157924107,0.003535113047941455,0.9205399999999999,0.54,0.9939393399442945,0.9825386324567454,350,14000
1,densenet121,pretrained,gs20,blind,test,raw,1337,5,1,subject_level,0.8428571428571429,0.9714285714285714,0.9969082977090563,0.0024639104093824114,0.01685123664460012,0.9647471162377994,0.7571428571428571,0.9964045873710088,0.9850020599291192,70,4830
2,densenet121,pretrained,gs20,adaptive,train,gs20,1337,5,1,slice_level,0.4009009009009009,0.6666666666666666,0.8073784335776493,0.009341877591502559,0.004286322260258702,0.8702076333089847,0.26306306306306304,0.756216956312592,0.6901763689692493,1110,44400
2,densenet121,pretrained,gs20,adaptive,train,gs20,1337,5,1,subject_level,0.4189189189189189,0.7072072072072072,0.8527112423299669,0.009358116366841772,0.01341287857592777,0.9463891248469944,0.45045045045045046,0.8432420664005451,0.7697682309265381,222,49062
2,densenet121,pretrained,gs20,adaptive,test,gs20,1337,5,1,slice_level,0.5217391304347826,0.8405797101449275,0.7998405781345092,0.012396334737971209,0.011559638417447391,0.8562034236504936,0.24347826086956523,0.7542088845501775,0.6960076773857725,345,13800
2,densenet121,pretrained,gs20,adaptive,test,gs20,1337,5,1,subject_level,0.6086956521739131,0.8260869565217391,0.849639704262001,0.013364977594734966,0.037471811462571655,0.9383718200575756,0.4057971014492754,0.8423345417216204,0.7776019739372956,69,4692
2,densenet121,pretrained,gs20,blind,train,raw,1337,5,1,slice_level,0.8693693693693694,0.9369369369369369,0.9972785789150376,0.0014271387108811388,0.0011491331781537549,0.9066744582420259,0.45675675675675675,0.992747808630402,0.9798549432139676,1110,44400
2,densenet121,pretrained,gs20,blind,train,raw,1337,5,1,subject_level,0.7072072072072072,0.8468468468468469,0.9963297451938595,0.00163993239402771,0.005448451481742767,0.9666813842092061,0.6441441441441441,0.9956772032084765,0.9827348074008763,222,49062
2,densenet121,pretrained,gs20,blind,test,raw,1337,5,1,slice_level,0.927536231884058,0.9710144927536232,0.9973724432613539,0.00114715790403062,0.0035814184870948825,0.889664986347406,0.45217391304347826,0.9933763595594876,0.9821672150579052,345,13800
2,densenet121,pretrained,gs20,blind,test,raw,1337,5,1,subject_level,0.7681159420289855,0.8840579710144928,0.9965608897416488,0.0020969458248304286,0.01703164167702198,0.9611426170972485,0.5797101449275363,0.9962308182232622,0.9849781457903237,69,4692
3,densenet121,pretrained,gs20,adaptive,train,gs20,1337,5,1,slice_level,0.38288288288288286,0.6621621621621622,0.8148772252035571,0.009723646952225282,0.005162440667239328,0.8788481657333008,0.23783783783783785,0.7633002783801105,0.6771021223202482,1110,44400
3,densenet121,pretrained,gs20,adaptive,train,gs20,1337,5,1,subject_level,0.42792792792792794,0.7027027027027027,0.8573074603939915,0.009432847435409958,0.016347413056169276,0.9377615049316163,0.36486486486486486,0.8466562580417942,0.7517488231381845,222,49062
3,densenet121,pretrained,gs20,adaptive,test,gs20,1337,5,1,slice_level,0.5072463768115942,0.8840579710144928,0.8077691698419875,0.012202256831569948,0.012446721664805344,0.8705985087166561,0.2608695652173913,0.7619342422139818,0.6960641822737196,345,13800
3,densenet121,pretrained,gs20,adaptive,test,gs20,1337,5,1,subject_level,0.6376811594202898,0.8985507246376812,0.8553242536558621,0.014914570511251257,0.04055246521813282,0.9596661600998306,0.42028985507246375,0.8494642860647561,0.7761170730845905,69,4692
3,densenet121,pretrained,gs20,blind,train,raw,1337,5,1,slice_level,0.8153153153153153,0.9234234234234234,0.9971118964053489,0.0013556021290856439,0.0011457849429240702,0.8709970883045208,0.4207207207207207,0.9917310201369964,0.9799444996209832,1110,44400
3,densenet121,pretrained,gs20,blind,train,raw,1337,5,1,subject_level,0.6081081081081081,0.8063063063063063,0.9960900628351951,0.0014487821776587684,0.005404581661915054,0.9384601061866562,0.5720720720720721,0.9949655232128797,0.9831228653031038,222,49062
3,densenet121,pretrained,gs20,blind,test,raw,1337,5,1,slice_level,0.9420289855072463,0.9565217391304348,0.9972863879756652,0.001738763373831044,0.0036353715627953625,0.8709396135265701,0.4289855072463768,0.9918305397033691,0.9809524708899899,345,13800
3,densenet121,pretrained,gs20,blind,test,raw,1337,5,1,subject_level,0.7101449275362319,0.8985507246376812,0.9959244857663694,0.0023531430009482565,0.017051123595540073,0.9462668495249391,0.5797101449275363,0.9951371930647588,0.9841930884026302,69,4692
4,densenet121,pretrained,gs20,adaptive,train,gs20,1337,5,1,slice_level,0.27927927927927926,0.581081081081081,0.810922953728083,0.008269280732214989,0.004000932343203474,0.8066399947244542,0.218018018018018,0.7512817234069378,0.6994141046071912,1110,44400
4,densenet121,pretrained,gs20,adaptive,train,gs20,1337,5,1,subject_level,0.31981981981981983,0.6216216216216216,0.8545464078585306,0.007041388535284781,0.011852904172563876,0.9055151213338813,0.2972972972972973,0.8396410037268389,0.7816186231664612,222,49062
4,densenet121,pretrained,gs20,adaptive,test,gs20,1337,5,1,slice_level,0.5797101449275363,0.8260869565217391,0.8025729336600372,0.01278408282045005,0.013468747816817917,0.8336568998109641,0.19710144927536233,0.7483881701593814,0.6884243334505868,345,13800
4,densenet121,pretrained,gs20,adaptive,test,gs20,1337,5,1,subject_level,0.5072463768115942,0.8695652173913043,0.8452114462852478,0.011124120242353798,0.039059924609635185,0.9142450300851278,0.3188405797101449,0.8353883909142535,0.7687284628092887,69,4692
4,densenet121,pretrained,gs20,blind,train,raw,1337,5,1,slice_level,0.8648648648648649,0.918918918918919,0.9979064367912911,0.0009715549043706946,0.0010964977423878605,0.877714674133593,0.4963963963963964,0.9935070888953166,0.9839074775818232,1110,44400
4,densenet121,pretrained,gs20,blind,train,raw,1337,5,1,subject_level,0.6531531531531531,0.7747747747747747,0.9971073763864534,0.0011686341719584423,0.0052368217651304364,0.9389395051159757,0.6396396396396397,0.9960410855374895,0.9863515111330082,222,49062
4,densenet121,pretrained,gs20,blind,test,raw,1337,5,1,slice_level,0.8985507246376812,0.9710144927536232,0.997933364432791,0.001411425030749777,0.003618006618099584,0.8950749842470069,0.42318840579710143,0.9936573674713356,0.9817422816286916,345,13800
4,densenet121,pretrained,gs20,blind,test,raw,1337,5,1,subject_level,0.6231884057971014,0.8840579710144928,0.9968158930972002,0.0015574520912723265,0.01726257439324821,0.9492043194089229,0.5942028985507246,0.9959923573162245,0.9840843331224371,69,4692
0,densenet121,pretrained,gs30,adaptive,train,gs30,1337,5,1,slice_level,0.26244343891402716,0.497737556561086,0.8181619274670182,0.0069927219891440275,0.003424373634446126,0.8163314837943532,0.18642533936651584,0.7664357636309317,0.718645095964093,1105,44200
0,densenet121,pretrained,gs30,adaptive,train,gs30,1337,5,1,subject_level,0.33031674208144796,0.5429864253393665,0.8612234516920547,0.00602713915017935,0.010793544558546931,0.9076368866693594,0.2579185520361991,0.8489921497543473,0.7961946253200854,221,48620
0,densenet121,pretrained,gs30,adaptive,test,gs30,1337,5,1,slice_level,0.37142857142857144,0.6714285714285714,0.8137027144432067,0.0076627177851540705,0.009687098913959094,0.8143853061224492,0.16857142857142857,0.7709039463315691,0.7219693145879678,350,14000
0,densenet121,pretrained,gs30,adaptive,test,gs30,1337,5,1,subject_level,0.5285714285714286,0.8714285714285714,0.8594733323369708,0.009569684948240008,0.03263072076120547,0.8883081928423543,0.3142857142857143,0.8518357941082546,0.7972947440409018,70,4830
0,densenet121,pretrained,gs30,blind,train,raw,1337,5,1,slice_level,0.7782805429864253,0.8778280542986425,0.9982121834927554,0.0009373127065632678,0.0010877604568924975,0.8884606068671813,0.41357466063348414,0.9942974703344285,0.985049351034391,1105,44200
0,densenet121,pretrained,gs30,blind,train,raw,1337,5,1,subject_level,0.5565610859728507,0.7873303167420814,0.9973619016586925,0.0009287854665005369,0.005206661749782875,0.9538850555885424,0.5384615384615384,0.9966060592038599,0.9873593952063914,221,48620
0,densenet121,pretrained,gs30,blind,test,raw,1337,5,1,slice_level,0.8285714285714286,0.8857142857142857,0.9981751646314349,0.000997769832611084,0.0034071080719253848,0.8883975510204081,0.4714285714285714,0.9944408747128078,0.9854570838127817,350,14000
0,densenet121,pretrained,gs30,blind,test,raw,1337,5,1,subject_level,0.7142857142857143,0.9,0.9972731675420489,0.0013903515679495675,0.01629869198160512,0.9484087548062703,0.5857142857142857,0.9967491669314248,0.9878007191678752,70,4830
1,densenet121,pretrained,gs30,adaptive,train,gs30,1337,5,1,slice_level,0.28054298642533937,0.502262443438914,0.7992674055682049,0.007590918519378248,0.0035416135286313916,0.8350556806781189,0.16832579185520363,0.7476974351373733,0.6969033383581433,1105,44200
1,densenet121,pretrained,gs30,adaptive,train,gs30,1337,5,1,subject_level,0.33031674208144796,0.5701357466063348,0.8490911660151245,0.007364451615519113,0.011429719763862737,0.9203398411543207,0.2986425339366516,0.8362999776909255,0.7794375990960687,221,48620
1,densenet121,pretrained,gs30,adaptive,test,gs30,1337,5,1,slice_level,0.4,0.7,0.7935137357030596,0.010231633697237287,0.010492248613653438,0.8319738775510204,0.19428571428571428,0.7464009284973144,0.6969743515380791,350,14000
1,densenet121,pretrained,gs30,adaptive,test,gs30,1337,5,1,subject_level,0.4714285714285714,0.7571428571428571,0.8443275349480766,0.009670702900205339,0.032965150821421825,0.9355338657202011,0.37142857142857144,0.8373362932886396,0.782033269820006,70,4830
1,densenet121,pretrained,gs30,blind,train,raw,1337,5,1,slice_level,0.7149321266968326,0.8280542986425339,0.998704549953409,0.0005135749260224907,0.001039704843108201,0.8617814848180831,0.36561085972850677,0.9956194400247945,0.988827679089831,1105,44200
1,densenet121,pretrained,gs30,blind,train,raw,1337,5,1,subject_level,0.5656108597285068,0.7013574660633484,0.9981845663144038,0.0006362366999975697,0.005038549582056735,0.9267649571615502,0.5113122171945701,0.9973564352924468,0.9905571098498777,221,48620
1,densenet121,pretrained,gs30,blind,test,raw,1337,5,1,slice_level,0.7571428571428571,0.8428571428571429,0.9984749112810407,0.0007453126566750662,0.003252322459593415,0.8364973469387755,0.35428571428571426,0.99494445170675,0.989221267419202,350,14000
1,densenet121,pretrained,gs30,blind,test,raw,1337,5,1,subject_level,0.6142857142857143,0.8142857142857143,0.9975932623658862,0.0008811303547450474,0.01562289328181318,0.9100916888494528,0.4857142857142857,0.9969313323497773,0.9911683579902965,70,4830
2,densenet121,pretrained,gs30,adaptive,train,gs30,1337,5,1,slice_level,0.23873873873873874,0.5585585585585585,0.7936575710773468,0.008633791057913153,0.003983027515681209,0.8333767449882314,0.209009009009009,0.7378335457664352,0.6817082340485072,1110,44400
2,densenet121,pretrained,gs30,adaptive,train,gs30,1337,5,1,subject_level,0.34684684684684686,0.6531531531531531,0.8427021339669958,0.007173906843941491,0.01219467897186274,0.9202976671180169,0.32882882882882886,0.8301598725018201,0.7670463916711716,222,49062
2,densenet121,pretrained,gs30,adaptive,test,gs30,1337,5,1,slice_level,0.34782608695652173,0.6666666666666666,0.79274289590725,0.01202715566192848,0.011550966191335001,0.8112385003150597,0.15072463768115943,0.7384850652321525,0.6863331962625185,345,13800
2,densenet121,pretrained,gs30,adaptive,test,gs30,1337,5,1,subject_level,0.4057971014492754,0.6811594202898551,0.8424263354660808,0.010556479295094809,0.03651855208411597,0.8956997417744665,0.2028985507246377,0.829592424026434,0.7709545177444879,69,4692
2,densenet121,pretrained,gs30,blind,train,raw,1337,5,1,slice_level,0.8243243243243243,0.9054054054054054,0.9977968431807853,0.0010402594600711858,0.0011273152572480408,0.8768683244054865,0.43783783783783786,0.9930238268933854,0.9816917895237067,1110,44400
2,densenet121,pretrained,gs30,blind,train,raw,1337,5,1,subject_level,0.5675675675675675,0.7477477477477478,0.9969525807075672,0.0011098575484645259,0.005363012443774858,0.944029727416055,0.5540540540540541,0.9958482873332393,0.9844478324124313,222,49062
2,densenet121,pretrained,gs30,blind,test,raw,1337,5,1,slice_level,0.8405797101449275,0.927536231884058,0.9977409779161647,0.0011171750400377357,0.003578566817863696,0.8691697122453266,0.4028985507246377,0.9934172163838926,0.9825026779762213,345,13800
2,densenet121,pretrained,gs30,blind,test,raw,1337,5,1,subject_level,0.6811594202898551,0.8115942028985508,0.9968957883724268,0.0016915210779162421,0.017038247413069443,0.9299841234540445,0.5507246376811594,0.9961737178374028,0.9852595099479037,69,4692
3,densenet121,pretrained,gs30,adaptive,train,gs30,1337,5,1,slice_level,0.22072072072072071,0.46846846846846846,0.8743286530176798,0.005040119360159109,0.004836262545657453,0.8551870079538999,0.0990990990990991,0.8314999233495007,0.6724686741087217,1110,44400
3,densenet121,pretrained,gs30,adaptive,train,gs30,1337,5,1,subject_level,0.30180180180180183,0.5540540540540541,0.9044257920604568,0.005521862088023005,0.016953847375236922,0.9005943848948618,0.13063063063063063,0.8933585935884768,0.7241871132319888,222,49062
3,densenet121,pretrained,gs30,adaptive,test,gs30,1337,5,1,slice_level,0.3333333333333333,0.6231884057971014,0.8543053468068441,0.007247610368590424,0.013071731967932505,0.7907878596933419,0.16521739130434782,0.80070733125659,0.7241514813856802,345,13800
3,densenet121,pretrained,gs30,adaptive,test,gs30,1337,5,1,subject_level,0.463768115942029,0.7246376811594203,0.8899291485979937,0.0073016355003135795,0.045348931022960205,0.8660655818723204,0.3188405797101449,0.8743511274241019,0.7918538622691503,69,4692
3,densenet121,pretrained,gs30,blind,train,raw,1337,5,1,slice_level,0.8468468468468469,0.9324324324324325,0.9988468173924867,0.0006161412677249393,0.0010397138135918827,0.8850754707410112,0.5036036036036036,0.9960218022535513,0.9886514180160321,1110,44400
3,densenet121,pretrained,gs30,blind,train,raw,1337,5,1,subject_level,0.6126126126126126,0.7882882882882883,0.9982792831755973,0.0007376034517545957,0.005048252012882684,0.9449292603108184,0.6666666666666666,0.9975771364328023,0.9901733981837004,222,49062
3,densenet121,pretrained,gs30,blind,test,raw,1337,5,1,slice_level,0.8695652173913043,0.9710144927536232,0.9987580741661183,0.0006756324698959572,0.0033081283090987067,0.8817289434992649,0.5014492753623189,0.9959252965623054,0.9892385543515717,345,13800
3,densenet121,pretrained,gs30,blind,test,raw,1337,5,1,subject_level,0.7246376811594203,0.8695652173913043,0.9981080881063489,0.001006224881047788,0.01604550952712695,0.9333154181647454,0.6956521739130435,0.9974683592284935,0.9907990113624832,69,4692
4,densenet121,pretrained,gs30,adaptive,train,gs30,1337,5,1,slice_level,0.26126126126126126,0.5315315315315315,0.8151363088740958,0.007824572088482144,0.003243494316356609,0.8024942273354435,0.16216216216216217,0.7639919294967308,0.7197077465500381,1110,44400
4,densenet121,pretrained,gs30,adaptive,train,gs30,1337,5,1,subject_level,0.31981981981981983,0.6261261261261262,0.860806174106426,0.006498809064830745,0.010302796886461947,0.8997367644029011,0.2747747747747748,0.848705116692964,0.7993460696090823,222,49062
4,densenet121,pretrained,gs30,adaptive,test,gs30,1337,5,1,slice_level,0.30434782608695654,0.5942028985507246,0.8084694596304409,0.009511247061300968,0.010141978148316992,0.7993217811384165,0.16521739130434782,0.7590847480124322,0.7141900085063948,345,13800
4,densenet121,pretrained,gs30,adaptive,test,gs30,1337,5,1,subject_level,0.391304347826087,0.7536231884057971,0.8550455069196397,0.009705869184024092,0.032967568388667656,0.8936456750311971,0.2753623188405797,0.8428257651951002,0.7931697107438642,69,4692
4,densenet121,pretrained,gs30,blind,train,raw,1337,5,1,slice_level,0.7702702702702703,0.9009009009009009,0.998768016830221,0.0005270779669821799,0.0010072861455678772,0.8771409788166544,0.42702702702702705,0.9962832563095264,0.9908704132700825,1110,44400
4,densenet121,pretrained,gs30,blind,train,raw,1337,5,1,subject_level,0.5765765765765766,0.7927927927927928,0.9983050619159732,0.0006301650055893906,0.004899024501912766,0.9434713697432299,0.5945945945945946,0.9977951570674106,0.9923624236676235,222,49062
4,densenet121,pretrained,gs30,blind,test,raw,1337,5,1,slice_level,0.8405797101449275,0.9565217391304348,0.9987330022065536,0.0007162534672281016,0.0032881275460501943,0.8912225372820836,0.43768115942028984,0.9962777531665304,0.9896687344580457,345,13800
4,densenet121,pretrained,gs30,blind,test,raw,1337,5,1,subject_level,0.6376811594202898,0.8985507246376812,0.998121882694355,0.0009599250295887823,0.015978811362731285,0.9490498783004065,0.5797101449275363,0.9977202881937441,0.9911319607740168,69,4692
0,densenet121,pretrained,gs40,adaptive,train,gs40,1337,5,1,slice_level,0.22171945701357465,0.47058823529411764,0.8029620218600623,0.007662401210128992,0.0038372046404783677,0.8516358592166418,0.16108597285067874,0.7515590667185201,0.6921856651094435,1105,44200
0,densenet121,pretrained,gs40,adaptive,train,gs40,1337,5,1,subject_level,0.29411764705882354,0.579185520361991,0.8523656469664422,0.005959702832666457,0.012272582817148435,0.9190222074970544,0.248868778280543,0.8397152698957003,0.7733984495891264,221,48620
0,densenet121,pretrained,gs40,adaptive,test,gs40,1337,5,1,slice_level,0.2571428571428571,0.6,0.7955150050776345,0.009949723311832973,0.009731050647263016,0.8393965306122448,0.11428571428571428,0.7506596733842578,0.703217603730304,350,14000
0,densenet121,pretrained,gs40,adaptive,test,gs40,1337,5,1,subject_level,0.4,0.8285714285714286,0.8481419725077493,0.008546427318028042,0.03188261961830514,0.9202425317953269,0.3,0.8398938289710454,0.7869753747746564,70,4830
0,densenet121,pretrained,gs40,blind,train,raw,1337,5,1,slice_level,0.8190045248868778,0.9004524886877828,0.9990000759854036,0.0005726846634532531,0.0010300648974979558,0.8795886857353453,0.43529411764705883,0.9963520589457379,0.9897666233359959,1105,44200
0,densenet121,pretrained,gs40,blind,train,raw,1337,5,1,subject_level,0.5701357466063348,0.7375565610859729,0.9983950734677898,0.0006419808616465573,0.005003348256280115,0.9505470906522278,0.5475113122171946,0.9978351992179905,0.9912496694330324,221,48620
0,densenet121,pretrained,gs40,blind,test,raw,1337,5,1,slice_level,0.8428571428571429,0.9428571428571428,0.9989616692066192,0.0005956275122506278,0.0032301911119637745,0.8972938775510203,0.46,0.9967051804065704,0.990137976454837,350,14000
0,densenet121,pretrained,gs40,blind,test,raw,1337,5,1,subject_level,0.6714285714285714,0.8571428571428571,0.9984232357570103,0.0009109854698181152,0.015732854551502636,0.9617006802721089,0.6,0.9980670707566398,0.9915008229868753,70,4830
1,densenet121,pretrained,gs40,adaptive,train,gs40,1337,5,1,slice_level,0.22624434389140272,0.4253393665158371,0.8139869295633756,0.006880608619068543,0.0044085037003258635,0.8420943469625929,0.13665158371040723,0.7633772851654846,0.6816236753310013,1105,44200
1,densenet121,pretrained,gs40,adaptive,train,gs40,1337,5,1,subject_level,0.27601809954751133,0.5701357466063348,0.8610742885063137,0.006261883008534013,0.014563673293866992,0.8936567823977992,0.20361990950226244,0.8476723346235525,0.7577733902235376,221,48620
1,densenet121,pretrained,gs40,adaptive,test,gs40,1337,5,1,slice_level,0.2857142857142857,0.5428571428571428,0.7951975669179644,0.0074433250086648126,0.009992453129962086,0.8009917346938776,0.14857142857142858,0.7487139221600124,0.6954568563465561,350,14000
1,densenet121,pretrained,gs40,adaptive,test,gs40,1337,5,1,subject_level,0.4142857142857143,0.7285714285714285,0.8484361793313707,0.00883075339453561,0.03362598419189453,0.8987607216799763,0.21428571428571427,0.8383286799703326,0.779473208295139,70,4830
1,densenet121,pretrained,gs40,blind,train,raw,1337,5,1,slice_level,0.669683257918552,0.8144796380090498,0.9992343902048482,0.00031473841602446266,0.0010039426177756953,0.8801142789869167,0.3746606334841629,0.9972320992482734,0.9918208091979113,1105,44200
1,densenet121,pretrained,gs40,blind,train,raw,1337,5,1,subject_level,0.4796380090497738,0.6832579185520362,0.9989185929298401,0.0004013744414661804,0.004921738909582746,0.9396602798319594,0.5429864253393665,0.9983406849036929,0.9929416612581381,221,48620
1,densenet121,pretrained,gs40,blind,test,raw,1337,5,1,slice_level,0.8142857142857143,0.9,0.9991336490426744,0.0004808851650782994,0.003220349214305835,0.8746467346938775,0.36857142857142855,0.996799372945513,0.9905242252733026,350,14000
1,densenet121,pretrained,gs40,blind,test,raw,1337,5,1,subject_level,0.5857142857142857,0.7857142857142857,0.9985735109874181,0.0007023589951651437,0.015693778624492033,0.9466992014196984,0.44285714285714284,0.9980929681232997,0.9918024067306124,70,4830
2,densenet121,pretrained,gs40,adaptive,train,gs40,1337,5,1,slice_level,0.21171171171171171,0.44594594594594594,0.7965275277425578,0.00675897850646629,0.003683534073265823,0.8534741396802208,0.16396396396396395,0.7476137124740325,0.6909565170028725,1110,44400
2,densenet121,pretrained,gs40,adaptive,train,gs40,1337,5,1,subject_level,0.3108108108108108,0.6216216216216216,0.8479774376830539,0.006552808725082122,0.011825423819843578,0.927711525883227,0.2702702702702703,0.8371853541146528,0.7739678032960181,222,49062
2,densenet121,pretrained,gs40,adaptive,test,gs40,1337,5,1,slice_level,0.30434782608695654,0.6376811594202898,0.7921877857567607,0.010096112887064615,0.00997170155355032,0.8210730938878387,0.15072463768115943,0.7469310876251994,0.7002423898832522,345,13800
2,densenet121,pretrained,gs40,adaptive,test,gs40,1337,5,1,subject_level,0.4927536231884058,0.7391304347826086,0.8449353696643442,0.009406127791473831,0.032004203539395676,0.9120040896005537,0.34782608695652173,0.8375561513762543,0.7853536504842437,69,4692
2,densenet121,pretrained,gs40,blind,train,raw,1337,5,1,slice_level,0.7027027027027027,0.8378378378378378,0.9990773313754314,0.0004121975318805591,0.000997600942978065,0.8608112572031491,0.390990990990991,0.9967311832818899,0.9918700969702489,1110,44400
2,densenet121,pretrained,gs40,blind,train,raw,1337,5,1,subject_level,0.46396396396396394,0.6891891891891891,0.998657916848724,0.00045374304324656995,0.004869942513487495,0.9311869959723696,0.509009009009009,0.9980184852002977,0.993125093212373,222,49062
2,densenet121,pretrained,gs40,blind,test,raw,1337,5,1,slice_level,0.8115942028985508,0.8985507246376812,0.9991209394689919,0.00047791349715080815,0.0031846308493581805,0.8662033186305398,0.3507246376811594,0.9970836654953334,0.9924231230607932,345,13800
2,densenet121,pretrained,gs40,blind,test,raw,1337,5,1,subject_level,0.6376811594202898,0.8695652173913043,0.9987121405808822,0.0007714162702145784,0.015553712142982346,0.9390652606348148,0.5362318840579711,0.9983424907145293,0.9936656700883884,69,4692
3,densenet121,pretrained,gs40,adaptive,train,gs40,1337,5,1,slice_level,0.16666666666666666,0.4009009009009009,0.8650268855932597,0.0054361291296847235,0.004306604020163283,0.8386694261829397,0.08738738738738738,0.8200563156926954,0.6757117639730374,1110,44400
3,densenet121,pretrained,gs40,adaptive,train,gs40,1337,5,1,subject_level,0.23873873873873874,0.5135135135135135,0.8979213022970939,0.004491844424256333,0.01445905905351177,0.8874707531305305,0.11711711711711711,0.8868770062386453,0.7324169021676724,222,49062
3,densenet121,pretrained,gs40,adaptive,test,gs40,1337,5,1,slice_level,0.2898550724637681,0.42028985507246375,0.8396040244378905,0.007356329240660736,0.010623986380633669,0.7257485822306238,0.10144927536231885,0.7813342230907385,0.7264530203718206,345,13800
3,densenet121,pretrained,gs40,adaptive,test,gs40,1337,5,1,subject_level,0.3188405797101449,0.5652173913043478,0.8798042751740718,0.00759597014689791,0.03720554434086965,0.8213008265688129,0.11594202898550725,0.8614795942237412,0.80159651646859,69,4692
3,densenet121,pretrained,gs40,blind,train,raw,1337,5,1,slice_level,0.8153153153153153,0.9099099099099099,0.999288622860436,0.00034927650614901705,0.0009787475482061472,0.8725062900738576,0.4036036036036036,0.9974722920237361,0.9934044235233251,1110,44400
3,densenet121,pretrained,gs40,blind,train,raw,1337,5,1,subject_level,0.5,0.7387387387387387,0.9989411908764023,0.0004146963626414806,0.004799715975333039,0.945454152330146,0.5135135135135135,0.9985119705801612,0.9944504123015728,222,49062
3,densenet121,pretrained,gs40,blind,test,raw,1337,5,1,slice_level,0.9130434782608695,0.927536231884058,0.9993080850960552,0.00046742653501206553,0.0031428275582637043,0.874685150178534,0.43768115942028984,0.9975240189096202,0.993552473174489,345,13800
3,densenet121,pretrained,gs40,blind,test,raw,1337,5,1,subject_level,0.7246376811594203,0.8695652173913043,0.9989068914150846,0.0006080805391505145,0.015409815692059372,0.9397216353460098,0.6086956521739131,0.998520320740299,0.9945312516616128,69,4692
4,densenet121,pretrained,gs40,adaptive,train,gs40,1337,5,1,slice_level,0.22072072072072071,0.46846846846846846,0.7947335213691264,0.007780191329148438,0.0034400184768847786,0.8068897005113221,0.15045045045045044,0.7405367418989405,0.6954109255875554,1110,44400
4,densenet121,pretrained,gs40,adaptive,train,gs40,1337,5,1,subject_level,0.2702702702702703,0.6306306306306306,0.8454421111592302,0.00649416742024121,0.010589825731979028,0.9011478305993409,0.24324324324324326,0.8325040603543187,0.7816933357141209,222,49062
4,densenet121,pretrained,gs40,adaptive,test,gs40,1337,5,1,slice_level,0.2608695652173913,0.5942028985507246,0.7894690866055696,0.009217703687971916,0.010046117203445106,0.8084859273261921,0.13333333333333333,0.7396035317061604,0.6951830184934796,345,13800
4,densenet121,pretrained,gs40,adaptive,test,gs40,1337,5,1,subject_level,0.36231884057971014,0.6666666666666666,0.8423936090607574,0.007940773514733799,0.032577937873809235,0.8970989782176262,0.15942028985507245,0.8304059280865435,0.7806779494269324,69,4692
4,densenet121,pretrained,gs40,blind,train,raw,1337,5,1,slice_level,0.7162162162162162,0.8693693693693694,0.9986039426949647,0.0005636940131316314,0.0010569304123474704,0.8610951931661392,0.39369369369369367,0.9949882899318729,0.9872128849134252,1110,44400
4,densenet121,pretrained,gs40,blind,train,raw,1337,5,1,subject_level,0.5225225225225225,0.7297297297297297,0.998094261766554,0.0007220853019405056,0.005103773087145643,0.9260171263350914,0.536036036036036,0.99702932410412,0.9891804721689191,222,49062
4,densenet121,pretrained,gs40,blind,test,raw,1337,5,1,slice_level,0.7536231884057971,0.9130434782608695,0.9986507296562195,0.0008161119792772376,0.0034477668341951094,0.8790495694181895,0.3710144927536232,0.9952400395835655,0.986086205455704,345,13800
4,densenet121,pretrained,gs40,blind,test,raw,1337,5,1,subject_level,0.6086956521739131,0.8405797101449275,0.9979694442472596,0.0010656265244967697,0.016671499804310177,0.9299825790429593,0.5797101449275363,0.9970163711603137,0.9877948201906955,69,4692
0,densenet121,pretrained,gs50,adaptive,train,gs50,1337,5,1,slice_level,0.12217194570135746,0.3212669683257919,0.8235561863869024,0.006571015621202564,0.0042918466065264395,0.8254644356176164,0.09954751131221719,0.7712275748878582,0.685255213576744,1105,44200
0,densenet121,pretrained,gs50,adaptive,train,gs50,1337,5,1,subject_level,0.2081447963800905,0.43891402714932126,0.8684065379708061,0.005036409624022057,0.014001834652980797,0.8654303109719665,0.13122171945701358,0.8531006569236652,0.7591414907987791,221,48620
0,densenet121,pretrained,gs50,adaptive,test,gs50,1337,5,1,slice_level,0.12857142857142856,0.42857142857142855,0.8095991849899292,0.007921814067023141,0.011075567986283983,0.7727538775510205,0.08571428571428572,0.7537449203218732,0.7021586293556861,350,14000
0,densenet121,pretrained,gs50,adaptive,test,gs50,1337,5,1,subject_level,0.2571428571428571,0.5714285714285714,0.8572658930506025,0.0070230518068586075,0.03545634405953543,0.8528601005619639,0.15714285714285714,0.8396274438926152,0.7823817151673832,70,4830
0,densenet121,pretrained,gs50,blind,train,raw,1337,5,1,slice_level,0.8280542986425339,0.918552036199095,0.9991524939623354,0.0004965120850645039,0.0010063865799372553,0.8870781720275998,0.4090497737556561,0.9969761146679184,0.9916241686511363,1105,44200
0,densenet121,pretrained,gs50,blind,train,raw,1337,5,1,subject_level,0.583710407239819,0.7647058823529411,0.9986842069690584,0.0005561601522281698,0.004912349370169154,0.9528749597487952,0.583710407239819,0.9982309797230888,0.9928649439727363,221,48620
0,densenet121,pretrained,gs50,blind,test,raw,1337,5,1,slice_level,0.8,0.9142857142857143,0.9990643927029201,0.0004963108471461705,0.003153093561663159,0.8883085714285714,0.49142857142857144,0.9971598422527314,0.9920126649950232,350,14000
0,densenet121,pretrained,gs50,blind,test,raw,1337,5,1,subject_level,0.6857142857142857,0.8714285714285714,0.9986298816544669,0.0008096507617405482,0.015416988078504801,0.9532386867790594,0.6428571428571429,0.9983307429722377,0.9931964392864433,70,4830
1,densenet121,pretrained,gs50,adaptive,train,gs50,1337,5,1,slice_level,0.10407239819004525,0.3076923076923077,0.8170170382137212,0.006075770337117743,0.002898016726973201,0.7613677750250815,0.10135746606334842,0.7641890079727001,0.7299446147113904,1105,44200
1,densenet121,pretrained,gs50,adaptive,train,gs50,1337,5,1,subject_level,0.17647058823529413,0.4343891402714932,0.8630301963150232,0.004691082427943994,0.009233296680268389,0.8496275483898587,0.14027149321266968,0.8481306142397056,0.8101321183472983,221,48620
1,densenet121,pretrained,gs50,adaptive,test,gs50,1337,5,1,slice_level,0.2714285714285714,0.5285714285714286,0.8076806494167873,0.006396771328789848,0.008077143086120486,0.7698440816326532,0.12857142857142856,0.7623722490242549,0.7293966219212328,350,14000
1,densenet121,pretrained,gs50,adaptive,test,gs50,1337,5,1,subject_level,0.38571428571428573,0.6714285714285714,0.8571817713124411,0.005534934146063668,0.026513913992260184,0.8803016858917481,0.24285714285714285,0.8475182277815683,0.8108416020993614,70,4830
1,densenet121,pretrained,gs50,blind,train,raw,1337,5,1,slice_level,0.579185520361991,0.7104072398190046,0.99825296304884,0.000596311567056233,0.0011661354656756868,0.8115725619868553,0.3067873303167421,0.9916517613160664,0.9795397008490239,1105,44200
1,densenet121,pretrained,gs50,blind,train,raw,1337,5,1,subject_level,0.4072398190045249,0.583710407239819,0.9975533679599675,0.0007407495338992296,0.005555063871692073,0.8759595142680051,0.4479638009049774,0.9948082479955923,0.9826649310411322,221,48620
1,densenet121,pretrained,gs50,blind,test,raw,1337,5,1,slice_level,0.6285714285714286,0.7857142857142857,0.9979521249021802,0.0010507830551692418,0.003644691387723599,0.7753838775510205,0.31142857142857144,0.9900152124677386,0.9800129604637623,350,14000
1,densenet121,pretrained,gs50,blind,test,raw,1337,5,1,subject_level,0.44285714285714284,0.6857142857142857,0.9965028320040021,0.001059363569532122,0.01701469799237592,0.835471753918959,0.4142857142857143,0.9938763848372868,0.9837943327476273,70,4830
2,densenet121,pretrained,gs50,adaptive,train,gs50,1337,5,1,slice_level,0.12162162162162163,0.32882882882882886,0.7878220186040208,0.006020566096176972,0.0031699779200124313,0.7947885622108595,0.12342342342342343,0.7335579315284351,0.6935138497897634,1110,44400
2,densenet121,pretrained,gs50,adaptive,train,gs50,1337,5,1,subject_level,0.23423423423423423,0.46846846846846846,0.8418948628880956,0.005192148255872297,0.009987749948023676,0.884548499214636,0.1981981981981982,0.827434263787828,0.7824421077656895,222,49062
2,densenet121,pretrained,gs50,adaptive,test,gs50,1337,5,1,slice_level,0.2318840579710145,0.5797101449275363,0.7855760938879373,0.00936769748079604,0.009659603076136631,0.7747754673387943,0.0927536231884058,0.7341566833896913,0.695537426441476,345,13800
2,densenet121,pretrained,gs50,adaptive,test,gs50,1337,5,1,subject_level,0.3333333333333333,0.6521739130434783,0.8393984670224397,0.007948077243307362,0.03027726113256337,0.8726663948503157,0.17391304347826086,0.8274462136669435,0.7840501078406868,69,4692
2,densenet121,pretrained,gs50,blind,train,raw,1337,5,1,slice_level,0.6666666666666666,0.8063063063063063,0.9991561171707807,0.0003699126007320645,0.0009966942959943332,0.8340745069393718,0.34684684684684686,0.9965905660981531,0.9919535478707906,1110,44400
2,densenet121,pretrained,gs50,blind,train,raw,1337,5,1,subject_level,0.45495495495495497,0.6351351351351351,0.9987473506648261,0.0003704068897006748,0.004862744698871498,0.9052358277318532,0.44594594594594594,0.9979463074658368,0.9933133213323531,222,49062
2,densenet121,pretrained,gs50,blind,test,raw,1337,5,1,slice_level,0.7101449275362319,0.855072463768116,0.9990853779557822,0.00035212610078894573,0.0031814026693557053,0.8337710565007351,0.336231884057971,0.9968654544457145,0.9924345114092896,345,13800
2,densenet121,pretrained,gs50,blind,test,raw,1337,5,1,subject_level,0.5072463768115942,0.8115942028985508,0.998711109161377,0.0006048247434090877,0.015530385630394238,0.9167948527867353,0.36231884057971014,0.9982194503148397,0.9937660793082285,69,4692
3,densenet121,pretrained,gs50,adaptive,train,gs50,1337,5,1,slice_level,0.11711711711711711,0.32882882882882886,0.8045740369203929,0.006514877080917358,0.00395014738403932,0.8256717494521549,0.14144144144144144,0.7504781586092871,0.6872992536579972,1110,44400
3,densenet121,pretrained,gs50,adaptive,train,gs50,1337,5,1,subject_level,0.1891891891891892,0.3963963963963964,0.8545597426526181,0.005083734924728806,0.012763711791653354,0.8832907139743389,0.18018018018018017,0.8382529036418812,0.7681928296186558,222,49062
3,densenet121,pretrained,gs50,adaptive,test,gs50,1337,5,1,slice_level,0.2028985507246377,0.5507246376811594,0.7923579717027969,0.00735640439434328,0.00911430528630381,0.7647834488552826,0.1072463768115942,0.7419060320094012,0.7042027625571127,345,13800
3,densenet121,pretrained,gs50,adaptive,test,gs50,1337,5,1,subject_level,0.2318840579710145,0.6231884057971014,0.8448744563088901,0.004919872767683389,0.029057443330901257,0.866865586814436,0.17391304347826086,0.8330182001210641,0.7910594156890066,69,4692
3,densenet121,pretrained,gs50,blind,train,raw,1337,5,1,slice_level,0.6801801801801802,0.8108108108108109,0.999073721535571,0.0003760580543999199,0.0009907345572771789,0.8288680910640371,0.34684684684684686,0.9966152444079116,0.9923324548432956,1110,44400
3,densenet121,pretrained,gs50,blind,train,raw,1337,5,1,subject_level,0.44594594594594594,0.6396396396396397,0.998723793137181,0.00045728737169557863,0.004840210847858642,0.9005112027767036,0.45045045045045046,0.9979232930922294,0.9936336736197788,222,49062
3,densenet121,pretrained,gs50,blind,test,raw,1337,5,1,slice_level,0.8695652173913043,0.9130434782608695,0.9990144320156263,0.00048532002214072406,0.003172647980703176,0.843838059231254,0.3536231884057971,0.9967634985412377,0.99257227504167,345,13800
3,densenet121,pretrained,gs50,blind,test,raw,1337,5,1,subject_level,0.6521739130434783,0.8115942028985508,0.9985660452773606,0.0007693456566852072,0.015475607450133648,0.9110867094159654,0.4782608695652174,0.9980898784554523,0.9938844765162529,69,4692
4,densenet121,pretrained,gs50,adaptive,train,gs50,1337,5,1,slice_level,0.11261261261261261,0.23423423423423423,0.8152334945158916,0.0066569758965088445,0.0029530091382151988,0.7492483158834511,0.07927927927927927,0.7592830504383052,0.7261525438188969,1110,44400
4,densenet121,pretrained,gs50,adaptive,train,gs50,1337,5,1,subject_level,0.13063063063063063,0.38288288288288286,0.8615262578199575,0.004887080407357431,0.009209181624674448,0.8461309389369803,0.13963963963963963,0.8450270026653737,0.8081949297782917,222,49062
4,densenet121,pretrained,gs50,adaptive,test,gs50,1337,5,1,slice_level,0.2463768115942029,0.6376811594202898,0.8100804125053295,0.009055028791012972,0.009503332351374886,0.7721761184625079,0.11594202898550725,0.7602560680845509,0.7197854281853938,345,13800
4,densenet121,pretrained,gs50,adaptive,test,gs50,1337,5,1,subject_level,0.2753623188405797,0.7101449275362319,0.856704718824746,0.007121774597444396,0.030371367580432823,0.8684903072760295,0.17391304347826086,0.8452592828999395,0.8003329246321602,69,4692
4,densenet121,pretrained,gs50,blind,train,raw,1337,5,1,slice_level,0.6036036036036037,0.7432432432432432,0.9989479608363934,0.000385629432695406,0.0010149133074944755,0.7938189980521061,0.30180180180180183,0.9953687363379711,0.9904783543273136,1110,44400
4,densenet121,pretrained,gs50,blind,train,raw,1337,5,1,subject_level,0.35585585585585583,0.5945945945945946,0.9984784596138172,0.0004991738645880072,0.004915249540244002,0.8713682650487101,0.38738738738738737,0.9972237165983733,0.9923117610401435,222,49062
4,densenet121,pretrained,gs50,blind,test,raw,1337,5,1,slice_level,0.8115942028985508,0.8840579710144928,0.9989290107851443,0.0006580793339273204,0.0032634871026528053,0.8021505986137366,0.34202898550724636,0.9951572008754896,0.990435192135797,345,13800
4,densenet121,pretrained,gs50,blind,test,raw,1337,5,1,subject_level,0.4492753623188406,0.7246376811594203,0.9982876648073611,0.0007116449052009029,0.015774004417809025,0.8651821787316061,0.4057971014492754,0.996941423934439,0.992222500731573,69,4692
0,densenet121,scratch,raw,adaptive,train,raw,1337,5,1,slice_level,0.8461538461538461,0.9004524886877828,0.9845080273183762,0.004490539768702304,0.0025152007330681,0.9167864294342867,0.4678733031674208,0.9661524299043336,0.9023824142587131,1105,44200
0,densenet121,scratch,raw,adaptive,train,raw,1337,5,1,subject_level,0.5972850678733032,0.7737556561085973,0.9839628265993627,0.004147793912240283,0.010665030418831973,0.9653036011100957,0.6470588235294118,0.9798880133154165,0.9152476620509858,221,48620
0,densenet121,scratch,raw,adaptive,test,raw,1337,5,1,slice_level,0.8428571428571429,0.9,0.9851610575403486,0.004523588078362601,0.008032623339178306,0.9063644897959183,0.49142857142857144,0.9659343487875802,0.9010659983285836,350,14000
0,densenet121,scratch,raw,adaptive,test,raw,1337,5,1,subject_level,0.6571428571428571,0.8857142857142857,0.9843511053494045,0.007645618064062936,0.03410170410892793,0.9528512274475008,0.6285714285714286,0.978878082547869,0.9125951396135563,70,4830
1,densenet121,scratch,raw,adaptive,train,raw,1337,5,1,slice_level,0.7737556561085973,0.8506787330316742,0.9898918573133546,0.002819681059720829,0.0037148464897782353,0.9177361642882005,0.43619909502262444,0.9710590080438156,0.7996849296811749,1105,44200
1,densenet121,scratch,raw,adaptive,train,raw,1337,5,1,subject_level,0.5610859728506787,0.7647058823529411,0.9878323552835041,0.004033803939819336,0.01599529962902425,0.9480051223729691,0.6063348416289592,0.9820165653034573,0.8080194374162539,221,48620
1,densenet121,scratch,raw,adaptive,test,raw,1337,5,1,slice_level,0.8428571428571429,0.9428571428571428,0.9874579812799181,0.00463458810533796,0.010478474213076489,0.8781135714285715,0.44571428571428573,0.9635498573098864,0.8723390655198268,350,14000
1,densenet121,scratch,raw,adaptive,test,raw,1337,5,1,subject_level,0.6571428571428571,0.8714285714285714,0.9855146663529533,0.007824510335922241,0.04644446399595056,0.9448742975451051,0.6571428571428571,0.9804517294679369,0.8869159291928352,70,4830
2,densenet121,scratch,raw,adaptive,train,raw,1337,5,1,slice_level,0.6936936936936937,0.8333333333333334,0.9914304418069823,0.0027284439619597012,0.004454665475415888,0.8985267125233342,0.14684684684684685,0.9640820897377289,0.717479238311114,1110,44400
2,densenet121,scratch,raw,adaptive,train,raw,1337,5,1,subject_level,0.46396396396396394,0.6801801801801802,0.9889419009019663,0.003356946481240762,0.019710656876365345,0.9327733781231397,0.1891891891891892,0.9794229650282645,0.7296379246420548,222,49062
2,densenet121,scratch,raw,adaptive,test,raw,1337,5,1,slice_level,0.7536231884057971,0.8840579710144928,0.9897901001183883,0.0030718065690303192,0.013607933833871199,0.8647328292375552,0.3739130434782609,0.9436235514239989,0.7698093738698442,345,13800
2,densenet121,scratch,raw,adaptive,test,raw,1337,5,1,subject_level,0.4492753623188406,0.6666666666666666,0.9855014871859896,0.004312032374782839,0.05907946209544721,0.9065445964144953,0.43478260869565216,0.9656778902247332,0.7884405092332267,69,4692
3,densenet121,scratch,raw,adaptive,train,raw,1337,5,1,slice_level,0.6756756756756757,0.8198198198198198,0.988128352272618,0.0028754185448895703,0.004117098262508375,0.9009528041555068,0.22072072072072071,0.9610756555656055,0.7884692477750349,1110,44400
3,densenet121,scratch,raw,adaptive,train,raw,1337,5,1,subject_level,0.44594594594594594,0.6486486486486487,0.9871387127283457,0.003319214324693422,0.018007625725019624,0.9340877198587849,0.2702702702702703,0.9762549521149816,0.8021987008409919,222,49062
3,densenet121,scratch,raw,adaptive,test,raw,1337,5,1,slice_level,0.6666666666666666,0.8405797101449275,0.9870317699252695,0.0033346276352370996,0.011747510685328987,0.8630696282293636,0.2463768115942029,0.9509640145992887,0.823106552325729,345,13800
3,densenet121,scratch,raw,adaptive,test,raw,1337,5,1,subject_level,0.37681159420289856,0.6521739130434783,0.9845604119093522,0.004867044048032899,0.049984920661950455,0.9193693860657055,0.3188405797101449,0.9713664573171864,0.8416417602509997,69,4692
4,densenet121,scratch,raw,adaptive,train,raw,1337,5,1,slice_level,0.7702702702702703,0.8828828828828829,0.9835296155096175,0.0036797950396666654,0.002506732849429387,0.8891886514893271,0.46306306306306305,0.961413739930402,0.9005488221347332,1110,44400
4,densenet121,scratch,raw,adaptive,train,raw,1337,5,1,subject_level,0.536036036036036,0.6846846846846847,0.9840564821754489,0.004603594810039074,0.010690245716538918,0.943305740006853,0.5990990990990991,0.9769538788645117,0.9152070055114941,222,49062
4,densenet121,scratch,raw,adaptive,test,raw,1337,5,1,slice_level,0.7536231884057971,0.855072463768116,0.9834612910298334,0.004808323106903961,0.008063335660035196,0.8750659525309809,0.42028985507246375,0.9585305177647134,0.9009921948741312,345,13800
4,densenet121,scratch,raw,adaptive,test,raw,1337,5,1,subject_level,0.5942028985507246,0.7971014492753623,0.9833557121995566,0.006752748420273048,0.034175861167950905,0.9237987570579588,0.5362318840579711,0.9742836641228717,0.9162011913453425,69,4692
0,densenet121,scratch,gs0,adaptive,train,gs0,1337,5,1,slice_level,0.8597285067873304,0.9004524886877828,0.9870609951235051,0.0034444485854239486,0.00330249539353122,0.9177403615814583,0.5257918552036199,0.9686062825211572,0.8573432199124298,1105,44200
0,densenet121,scratch,gs0,adaptive,train,gs0,1337,5,1,subject_level,0.6244343891402715,0.7692307692307693,0.9868973890041334,0.004513154741865477,0.01459243816083373,0.9513400161190951,0.6515837104072398,0.9809065199545606,0.8686527006557968,221,48620
0,densenet121,scratch,gs0,adaptive,test,gs0,1337,5,1,slice_level,0.9,0.9428571428571428,0.9862654575279781,0.0040935661111559185,0.00919828226656786,0.9144661224489795,0.4857142857142857,0.9679396670205253,0.879452900875892,350,14000
0,densenet121,scratch,gs0,adaptive,test,gs0,1337,5,1,subject_level,0.7142857142857143,0.8142857142857143,0.9859010704926082,0.00862703834261213,0.04055385467197214,0.9548713398402839,0.6857142857142857,0.980437000308718,0.8909026472835067,70,4830
0,densenet121,scratch,gs0,blind,train,raw,1337,5,1,slice_level,0.7737556561085973,0.8687782805429864,0.9976025301946234,0.001084879242996285,0.0012148625951690169,0.8358025429454761,0.38733031674208146,0.9904128245638506,0.9759443863956637,1105,44200
0,densenet121,scratch,gs0,blind,train,raw,1337,5,1,subject_level,0.47058823529411764,0.583710407239819,0.9967831985443426,0.0009073348066925463,0.005723982630086835,0.9007102825308841,0.45248868778280543,0.9941683737940379,0.979671044590688,221,48620
0,densenet121,scratch,gs0,blind,test,raw,1337,5,1,slice_level,0.8142857142857143,0.9142857142857143,0.9975629687309265,0.0011497080326080323,0.0037616117258689233,0.8446734693877551,0.4114285714285714,0.9911082620280129,0.9774442670345307,350,14000
0,densenet121,scratch,gs0,blind,test,raw,1337,5,1,subject_level,0.5857142857142857,0.7428571428571429,0.9966049654143198,0.001592940092086792,0.017738760502210685,0.9047338065661047,0.4857142857142857,0.9945650058133262,0.9808470207218305,70,4830
1,densenet121,scratch,gs0,adaptive,train,gs0,1337,5,1,slice_level,0.8687782805429864,0.9502262443438914,0.9887309896999894,0.003175069573777833,0.0032937534941503634,0.9346050039925473,0.5339366515837104,0.9749719290172353,0.8403849040868595,1105,44200
1,densenet121,scratch,gs0,adaptive,train,gs0,1337,5,1,subject_level,0.6515837104072398,0.8235294117647058,0.9883180444057171,0.004191989542671998,0.01477674638422636,0.9604840661069035,0.7058823529411765,0.9843943976708667,0.8487782783889074,221,48620
1,densenet121,scratch,gs0,adaptive,test,gs0,1337,5,1,slice_level,0.9428571428571428,0.9428571428571428,0.9872600385120937,0.0035779144082750593,0.008980030054226517,0.8907364285714284,0.5171428571428571,0.9648558076790401,0.8842016471241202,350,14000
1,densenet121,scratch,gs0,adaptive,test,gs0,1337,5,1,subject_level,0.6428571428571429,0.8285714285714286,0.9854138263634273,0.007013491221836635,0.03822488627795662,0.9531085477669329,0.6142857142857143,0.9805549451283047,0.8985968471930881,70,4830
1,densenet121,scratch,gs0,blind,train,raw,1337,5,1,slice_level,0.7194570135746606,0.8009049773755657,0.9974980799321136,0.0008735826651974501,0.0012031390918503047,0.8449263016727749,0.38552036199095024,0.9909812552357151,0.976547292152681,1105,44200
1,densenet121,scratch,gs0,blind,train,raw,1337,5,1,subject_level,0.47058823529411764,0.6018099547511312,0.9969691736665787,0.0008232795814583204,0.005713206180687404,0.9046133929950805,0.497737556561086,0.9944234166749463,0.9799894289769836,221,48620
1,densenet121,scratch,gs0,blind,test,raw,1337,5,1,slice_level,0.8,0.9142857142857143,0.9974459026541028,0.00116053649357387,0.003784548710765583,0.8379471428571429,0.4142857142857143,0.9902791845798492,0.9767683324771268,350,14000
1,densenet121,scratch,gs0,blind,test,raw,1337,5,1,subject_level,0.6428571428571429,0.7571428571428571,0.9964249219213214,0.001491004228591919,0.017712197825312616,0.9006388642413486,0.5428571428571428,0.9943354683262962,0.9807668223390915,70,4830
2,densenet121,scratch,gs0,adaptive,train,gs0,1337,5,1,slice_level,0.8648648648648649,0.9279279279279279,0.9850463773216214,0.003826578189660837,0.002506642347004533,0.9088284635987339,0.536036036036036,0.9672133474199621,0.8962947781424264,1110,44400
2,densenet121,scratch,gs0,adaptive,train,gs0,1337,5,1,subject_level,0.6666666666666666,0.7792792792792793,0.9854347813236821,0.004347891957910212,0.011002726978748231,0.9540529890291416,0.6846846846846847,0.9804397743564468,0.9087262650743922,222,49062
2,densenet121,scratch,gs0,adaptive,test,gs0,1337,5,1,slice_level,0.8840579710144928,0.9420289855072463,0.9848468061806499,0.003306013950403186,0.007558374179770117,0.9152235874816216,0.5507246376811594,0.969802781464397,0.8999661166037338,345,13800
2,densenet121,scratch,gs0,adaptive,test,gs0,1337,5,1,subject_level,0.7536231884057971,0.855072463768116,0.9851483400317206,0.005339826362720434,0.03312856301773286,0.959434498437056,0.6231884057971014,0.9820037907448368,0.9110634745767964,69,4692
2,densenet121,scratch,gs0,blind,train,raw,1337,5,1,slice_level,0.7837837837837838,0.8648648648648649,0.996413779688311,0.0015163910281550776,0.0013346470759233442,0.8519678293158023,0.4198198198198198,0.9876641750335693,0.9666359249307765,1110,44400
2,densenet121,scratch,gs0,blind,train,raw,1337,5,1,subject_level,0.5225225225225225,0.6621621621621622,0.9956009046988444,0.001234524153374337,0.0062008020363177535,0.9130566453698409,0.5405405405405406,0.9928098868679356,0.9716190258975346,222,49062
2,densenet121,scratch,gs0,blind,test,raw,1337,5,1,slice_level,0.8405797101449275,0.9130434782608695,0.9961705838424572,0.0012842468593431556,0.004220373952167405,0.8590043058181054,0.4057971014492754,0.988748376265816,0.9671862433094909,345,13800
2,densenet121,scratch,gs0,blind,test,raw,1337,5,1,subject_level,0.6231884057971014,0.7971014492753623,0.9955301898113196,0.0020674354788185892,0.019744247926966003,0.92081495484142,0.5942028985507246,0.9935050909070001,0.9716410840919459,69,4692
3,densenet121,scratch,gs0,adaptive,train,gs0,1337,5,1,slice_level,0.8468468468468469,0.918918918918919,0.9900300100043014,0.003192619965957092,0.0035540666415456784,0.91916454630306,0.4918918918918919,0.9726035714686454,0.8097407332311074,1110,44400
3,densenet121,scratch,gs0,adaptive,train,gs0,1337,5,1,subject_level,0.6081081081081081,0.7477477477477478,0.9889899570125718,0.0035361086463069056,0.01566219846256547,0.9544806057127202,0.6351351351351351,0.9835366714108098,0.8182132532110538,222,49062
3,densenet121,scratch,gs0,adaptive,test,gs0,1337,5,1,slice_level,0.8405797101449275,0.8695652173913043,0.9879241136537082,0.004789468170940012,0.010424076073357592,0.8506012392354547,0.4434782608695652,0.9543902257214422,0.86516137826054,345,13800
3,densenet121,scratch,gs0,adaptive,test,gs0,1337,5,1,subject_level,0.6231884057971014,0.7536231884057971,0.984611848126287,0.006602089474166649,0.043363026842690895,0.9142357636186169,0.5072463768115942,0.9731096919032111,0.8830183658809206,69,4692
3,densenet121,scratch,gs0,blind,train,raw,1337,5,1,slice_level,0.8108108108108109,0.9009009009009009,0.9982133169431944,0.000839992686434909,0.0011460716392517694,0.8296760814868922,0.41711711711711713,0.9920635408646351,0.9807167631978387,1110,44400
3,densenet121,scratch,gs0,blind,train,raw,1337,5,1,subject_level,0.43243243243243246,0.6126126126126126,0.9974874846033148,0.0007736202295836028,0.005440471620458338,0.8956400909898525,0.5225225225225225,0.9952876178530959,0.9838779316340748,222,49062
3,densenet121,scratch,gs0,blind,test,raw,1337,5,1,slice_level,0.8695652173913043,0.9710144927536232,0.9982022599897523,0.0009597082068954689,0.003712455826420067,0.8383926696072254,0.4579710144927536,0.9920501802278602,0.9800722126554752,345,13800
3,densenet121,scratch,gs0,blind,test,raw,1337,5,1,subject_level,0.6086956521739131,0.7536231884057971,0.9972041447957357,0.0014857088310131128,0.01751253859180471,0.9042218021424071,0.5217391304347826,0.9954948943594227,0.9834297494637285,69,4692
4,densenet121,scratch,gs0,adaptive,train,gs0,1337,5,1,slice_level,0.8783783783783784,0.9234234234234234,0.9835763839451043,0.002993802229563395,0.0021796221561679566,0.8912960291372454,0.545045045045045,0.9660379058605916,0.9095984521280001,1110,44400
4,densenet121,scratch,gs0,adaptive,train,gs0,1337,5,1,subject_level,0.6216216216216216,0.7432432432432432,0.9851288032961322,0.003927445357984251,0.00960640820070497,0.9410129525391846,0.6486486486486487,0.9794732649047095,0.9223283612768453,222,49062
4,densenet121,scratch,gs0,adaptive,test,gs0,1337,5,1,slice_level,0.8985507246376812,0.9710144927536232,0.9833293133887692,0.003999402557594189,0.00693730849340774,0.9161144717496326,0.5014492753623189,0.9683692299801371,0.9081047768610111,345,13800
4,densenet121,scratch,gs0,adaptive,test,gs0,1337,5,1,subject_level,0.6376811594202898,0.9130434782608695,0.984174030414526,0.004916484805120938,0.03041217416740846,0.9667488293363975,0.5507246376811594,0.9809564680292986,0.9198726722422768,69,4692
4,densenet121,scratch,gs0,blind,train,raw,1337,5,1,slice_level,0.7297297297297297,0.8378378378378378,0.9958545936120523,0.001203390123607876,0.0012650263798842625,0.8091914414414414,0.35495495495495494,0.9866647085627994,0.9706000351852125,1110,44400
4,densenet121,scratch,gs0,blind,train,raw,1337,5,1,subject_level,0.45045045045045046,0.5855855855855856,0.9953862783071157,0.0009472759457321854,0.005884311407351414,0.8741419663518233,0.46396396396396394,0.9919393049167083,0.9757509431452267,222,49062
4,densenet121,scratch,gs0,blind,test,raw,1337,5,1,slice_level,0.7536231884057971,0.8405797101449275,0.9958476026852926,0.0015591849451479704,0.004221852889041538,0.8382065742491074,0.3681159420289855,0.9874945697577103,0.9671762369983438,345,13800
4,densenet121,scratch,gs0,blind,test,raw,1337,5,1,subject_level,0.5072463768115942,0.7681159420289855,0.9950589753579402,0.0015175610348798227,0.01968014294254607,0.9092256940583416,0.4492753623188406,0.9924202794614045,0.9718670392534414,69,4692
0,densenet121,scratch,gs10,adaptive,train,gs10,1337,5,1,slice_level,0.7420814479638009,0.8280542986425339,0.989657232124881,0.0025710493191334997,0.0044634736783600235,0.8942503122376692,0.3728506787330317,0.9611996879405026,0.7581198005883942,1105,44200
0,densenet121,scratch,gs10,adaptive,train,gs10,1337,5,1,subject_level,0.48868778280542985,0.6244343891402715,0.9879873950556932,0.0034115093326137075,0.019937443820869222,0.9245901822425644,0.46153846153846156,0.9763337732440206,0.7717898025851296,221,48620
0,densenet121,scratch,gs10,adaptive,test,gs10,1337,5,1,slice_level,0.7857142857142857,0.8285714285714286,0.9891220595155443,0.002735940899167742,0.016029020891125713,0.8544252040816327,0.32571428571428573,0.9320138328416007,0.7454980539828538,350,14000
0,densenet121,scratch,gs10,adaptive,test,gs10,1337,5,1,subject_level,0.44285714285714284,0.6714285714285714,0.985846722977502,0.0072347138609204975,0.07081126645207406,0.9095770482105886,0.4142857142857143,0.9603889192853655,0.7681927113120847,70,4830
0,densenet121,scratch,gs10,blind,train,raw,1337,5,1,slice_level,0.7330316742081447,0.8054298642533937,0.9991639531575717,0.00042360724367167615,0.0010808795275444763,0.8226849368358551,0.3574660633484163,0.9950680384269127,0.9861453665745744,1105,44200
0,densenet121,scratch,gs10,blind,train,raw,1337,5,1,subject_level,0.3665158371040724,0.5339366515837104,0.9987167799634631,0.0003658422517560726,0.005236431492736976,0.8828359091002158,0.38461538461538464,0.9970293614119966,0.9881845833452481,221,48620
0,densenet121,scratch,gs10,blind,test,raw,1337,5,1,slice_level,0.8,0.8714285714285714,0.9991651960781642,0.0004695517676217215,0.0033922017651743124,0.8290155102040817,0.38,0.9954048998015268,0.9866581871935299,350,14000
0,densenet121,scratch,gs10,blind,test,raw,1337,5,1,subject_level,0.5428571428571428,0.7,0.9986658258097513,0.0008589727537972586,0.016450204407530172,0.8797352854185153,0.5142857142857142,0.9972245488848005,0.9884679869094991,70,4830
1,densenet121,scratch,gs10,adaptive,train,gs10,1337,5,1,slice_level,0.7737556561085973,0.8868778280542986,0.981750439195072,0.0022159539736234224,0.0020947759698157734,0.9064977273192605,0.45701357466063347,0.9674631500675668,0.911621651990651,1105,44200
1,densenet121,scratch,gs10,adaptive,train,gs10,1337,5,1,subject_level,0.583710407239819,0.7330316742081447,0.9846857586597425,0.003008565481971292,0.009457029558178795,0.9511700769286608,0.583710407239819,0.9800368636441986,0.9233510613698912,221,48620
1,densenet121,scratch,gs10,adaptive,test,gs10,1337,5,1,slice_level,0.8285714285714286,0.9285714285714286,0.9810492370809828,0.0023832414831433976,0.006331619227837239,0.8847105102040818,0.44,0.9640199686799731,0.9149472631301199,350,14000
1,densenet121,scratch,gs10,adaptive,test,gs10,1337,5,1,subject_level,0.6571428571428571,0.8,0.9842381272997175,0.00513597982270377,0.02818529736250639,0.9374948240165631,0.6142857142857143,0.9790013824190412,0.9295044730045287,70,4830
1,densenet121,scratch,gs10,blind,train,raw,1337,5,1,slice_level,0.6832579185520362,0.8009049773755657,0.9961663967344017,0.0011382947140689348,0.0013301782810436857,0.8397136934133208,0.3719457013574661,0.9873367967648744,0.9669198280532436,1105,44200
1,densenet121,scratch,gs10,blind,train,raw,1337,5,1,subject_level,0.45701357466063347,0.6108597285067874,0.9957175222457264,0.0009761282761172472,0.006228428245501011,0.9008665874982085,0.49321266968325794,0.9922184696024899,0.9716800476545073,221,48620
1,densenet121,scratch,gs10,blind,test,raw,1337,5,1,slice_level,0.7571428571428571,0.8714285714285714,0.9960391819477081,0.0014642494065420968,0.0041384463364790595,0.8303321428571429,0.3914285714285714,0.986049154485975,0.968019110415663,350,14000
1,densenet121,scratch,gs10,blind,test,raw,1337,5,1,subject_level,0.6285714285714286,0.7428571428571429,0.9952278486319951,0.0018991308552878245,0.019105053134262563,0.8946509908311151,0.5857142857142857,0.9917885627065386,0.9736265482739632,70,4830
2,densenet121,scratch,gs10,adaptive,train,gs10,1337,5,1,slice_level,0.8513513513513513,0.9099099099099099,0.9846179128230155,0.003154521589880591,0.0030777736641424665,0.9165878378378378,0.4666666666666667,0.9657008073888383,0.8679728653677949,1110,44400
2,densenet121,scratch,gs10,adaptive,train,gs10,1337,5,1,subject_level,0.5945945945945946,0.7387387387387387,0.9859452757749472,0.003720438426679319,0.013774318587001379,0.9538197393920764,0.6351351351351351,0.9796018557505565,0.880178093430338,222,49062
2,densenet121,scratch,gs10,adaptive,test,gs10,1337,5,1,slice_level,0.855072463768116,0.9420289855072463,0.9838370032932447,0.0029089571773142056,0.008528102142061445,0.9121223482461669,0.518840579710145,0.967285704785499,0.8832868717869987,345,13800
2,densenet121,scratch,gs10,adaptive,test,gs10,1337,5,1,subject_level,0.6956521739130435,0.8260869565217391,0.9848963557810023,0.006473161172175753,0.037842764721616455,0.9491209212103241,0.6376811594202898,0.9804351113844609,0.895216340172118,69,4692
2,densenet121,scratch,gs10,blind,train,raw,1337,5,1,slice_level,0.7432432432432432,0.8558558558558559,0.9980045599980397,0.000771897064672934,0.0011668764862340984,0.8362229932635339,0.3927927927927928,0.9922560484559686,0.9790085693482343,1110,44400
2,densenet121,scratch,gs10,blind,train,raw,1337,5,1,subject_level,0.4774774774774775,0.6261261261261262,0.9975016868866242,0.0007750515465263848,0.005560667136566596,0.9008647726851224,0.5135135135135135,0.9955255885918936,0.982231405750479,222,49062
2,densenet121,scratch,gs10,blind,test,raw,1337,5,1,slice_level,0.8260869565217391,0.9420289855072463,0.9979205606640249,0.0008120493612427642,0.0037142270197416992,0.8447892249527411,0.39420289855072466,0.9926905523175779,0.9794700827244399,345,13800
2,densenet121,scratch,gs10,blind,test,raw,1337,5,1,subject_level,0.5652173913043478,0.7246376811594203,0.9973878756813381,0.001302009043486222,0.017736310625205868,0.9076457615182179,0.5217391304347826,0.9957476327384728,0.9823883333372846,69,4692
3,densenet121,scratch,gs10,adaptive,train,gs10,1337,5,1,slice_level,0.7567567567567568,0.8648648648648649,0.9841693400799691,0.0023939824319100596,0.003080117376730987,0.8912644976057138,0.4306306306306306,0.9627634202574824,0.8720577286787935,1110,44400
3,densenet121,scratch,gs10,adaptive,train,gs10,1337,5,1,subject_level,0.5180180180180181,0.6936936936936937,0.9860792895695111,0.003160021595052771,0.013811886170039978,0.9314576592001076,0.5495495495495496,0.9775497129371574,0.8855076836590119,222,49062
3,densenet121,scratch,gs10,adaptive,test,gs10,1337,5,1,slice_level,0.8985507246376812,0.927536231884058,0.983871238819067,0.0034014237099799557,0.007329232086414012,0.846719281663516,0.42318840579710143,0.959698586360268,0.8950797372192576,345,13800
3,densenet121,scratch,gs10,adaptive,test,gs10,1337,5,1,subject_level,0.5362318840579711,0.7391304347826086,0.9843981611555901,0.0046224119006723595,0.032059218599528504,0.9040179398791652,0.5652173913043478,0.9760370720987734,0.9106445646346988,69,4692
3,densenet121,scratch,gs10,blind,train,raw,1337,5,1,slice_level,0.7792792792792793,0.8738738738738738,0.9977093075846767,0.0009325071498080417,0.0011743740068522056,0.8325052856910965,0.4117117117117117,0.9913175987767744,0.9782676209657042,1110,44400
3,densenet121,scratch,gs10,blind,train,raw,1337,5,1,subject_level,0.44144144144144143,0.6036036036036037,0.9970947079830341,0.0008091016395671948,0.0055692094894176395,0.8971181343995334,0.5315315315315315,0.9948247416062398,0.9816492119047228,222,49062
3,densenet121,scratch,gs10,blind,test,raw,1337,5,1,slice_level,0.8840579710144928,0.9130434782608695,0.9976173898448115,0.001048729039620662,0.0037643532977317986,0.835833963453056,0.4434782608695652,0.9912939964861109,0.978198341195998,345,13800
3,densenet121,scratch,gs10,blind,test,raw,1337,5,1,subject_level,0.5942028985507246,0.7681159420289855,0.9968330402305161,0.001288687837296638,0.017781820202219314,0.898315974152736,0.5507246376811594,0.9949056048324143,0.9817526875681483,69,4692
4,densenet121,scratch,gs10,adaptive,train,gs10,1337,5,1,slice_level,0.7927927927927928,0.8918918918918919,0.9820744432844557,0.002252100824235796,0.0021168216895144265,0.8835014203392582,0.49099099099099097,0.9641064245958586,0.9092476763341341,1110,44400
4,densenet121,scratch,gs10,adaptive,train,gs10,1337,5,1,subject_level,0.536036036036036,0.6936936936936937,0.984974295437873,0.003184490912669414,0.009447365191656057,0.9350440846863741,0.6441441441441441,0.9784081618528109,0.9232010015029747,222,49062
4,densenet121,scratch,gs10,adaptive,test,gs10,1337,5,1,slice_level,0.8260869565217391,0.927536231884058,0.9816509675288546,0.0032341618468795996,0.00685382110701091,0.9013442554085276,0.4608695652173913,0.9661268436390421,0.9067882424377013,345,13800
4,densenet121,scratch,gs10,adaptive,test,gs10,1337,5,1,subject_level,0.5652173913043478,0.7971014492753623,0.9832944800888282,0.0041656494140625,0.03020386365444764,0.955925596451561,0.5072463768115942,0.9793790717055832,0.9189493138238293,69,4692
4,densenet121,scratch,gs10,blind,train,raw,1337,5,1,slice_level,0.8153153153153153,0.8558558558558559,0.9975664357881289,0.0009845382458454853,0.0011547866145249558,0.8400259820631442,0.43873873873873875,0.9913541391089156,0.9795687470189086,1110,44400
4,densenet121,scratch,gs10,blind,train,raw,1337,5,1,subject_level,0.5315315315315315,0.6396396396396397,0.996938483672099,0.0009564856688181559,0.005472522518421347,0.902994638884941,0.527027027027027,0.9947735691392744,0.9828887101399331,222,49062
4,densenet121,scratch,gs10,blind,test,raw,1337,5,1,slice_level,0.8405797101449275,0.8695652173913043,0.997491887514142,0.0011447659437207208,0.0038447788700569367,0.8646602604494854,0.43768115942028984,0.9917325156322424,0.9764704504868259,345,13800
4,densenet121,scratch,gs10,blind,test,raw,1337,5,1,subject_level,0.5652173913043478,0.8405797101449275,0.9965565964795541,0.001380642255147298,0.018185831471413807,0.9309184921605694,0.4782608695652174,0.9950175103933915,0.9798508218385578,69,4692
0,densenet121,scratch,gs20,adaptive,train,gs20,1337,5,1,slice_level,0.6425339366515838,0.7782805429864253,0.9870928887328411,0.002043311951926391,0.0037335585223350724,0.897777328474028,0.33122171945701356,0.9642545132076039,0.7890357427332736,1105,44200
0,densenet121,scratch,gs20,adaptive,train,gs20,1337,5,1,subject_level,0.4253393665158371,0.6244343891402715,0.9876352454202747,0.0025148734248062066,0.01646769383492378,0.931157596728531,0.4434389140271493,0.9783540052526137,0.8008103202885927,221,48620
0,densenet121,scratch,gs20,adaptive,test,gs20,1337,5,1,slice_level,0.6714285714285714,0.8142857142857143,0.9859711476734706,0.003603414126804897,0.012914074398577214,0.8724365306122448,0.32285714285714284,0.9467200810568673,0.8092060628001179,350,14000
0,densenet121,scratch,gs20,adaptive,test,gs20,1337,5,1,subject_level,0.45714285714285713,0.7,0.9842035259519305,0.005295297929218837,0.05487821139395237,0.9183643892339545,0.42857142857142855,0.9675758659839631,0.8286491991261764,70,4830
0,densenet121,scratch,gs20,blind,train,raw,1337,5,1,slice_level,0.7918552036199095,0.8642533936651584,0.998050476361184,0.0009996435221503763,0.0012431474485775937,0.8608742449990786,0.4298642533936652,0.9913059067941898,0.974432734361601,1105,44200
0,densenet121,scratch,gs20,blind,train,raw,1337,5,1,subject_level,0.4796380090497738,0.6289592760180995,0.9971380212188307,0.0010087314774008358,0.005881127528424851,0.9243874836901188,0.48868778280542985,0.9947905605195334,0.9779314614099909,221,48620
0,densenet121,scratch,gs20,blind,test,raw,1337,5,1,slice_level,0.8428571428571429,0.9,0.9979540203298841,0.0010396403925759452,0.003884259155685348,0.8716387755102041,0.46285714285714286,0.991887833901814,0.9752093297924315,350,14000
0,densenet121,scratch,gs20,blind,test,raw,1337,5,1,subject_level,0.6714285714285714,0.7714285714285715,0.997013818366187,0.0018891589982169014,0.018414765277079175,0.9173498964803313,0.6,0.9951010269778116,0.9784372435470052,70,4830
1,densenet121,scratch,gs20,adaptive,train,gs20,1337,5,1,slice_level,0.7420814479638009,0.8506787330316742,0.9818568369921516,0.0020414159308731286,0.002414951297429251,0.8836658237955816,0.42081447963800905,0.9616152578888975,0.888079820053475,1105,44200
1,densenet121,scratch,gs20,adaptive,train,gs20,1337,5,1,subject_level,0.4796380090497738,0.665158371040724,0.9849741189188548,0.0028865828233606674,0.010971658936874495,0.9318875627965326,0.5429864253393665,0.9766975932531228,0.9014918270007125,221,48620
1,densenet121,scratch,gs20,adaptive,test,gs20,1337,5,1,slice_level,0.7714285714285715,0.9142857142857143,0.9814853770392281,0.0027034827641078405,0.007364750606939197,0.8516627551020408,0.38,0.9542634696619852,0.8927170997389725,350,14000
1,densenet121,scratch,gs20,adaptive,test,gs20,1337,5,1,subject_level,0.5857142857142857,0.7428571428571429,0.9837318582194192,0.005317174536841256,0.032657678026173795,0.9079917184265011,0.5142857142857142,0.9741829821041652,0.9118349704930008,70,4830
1,densenet121,scratch,gs20,blind,train,raw,1337,5,1,slice_level,0.8416289592760181,0.9095022624434389,0.9977737708329075,0.0009081247705140265,0.0011558862043780642,0.8856233901844761,0.4832579185520362,0.99309950446651,0.9798780797711865,1105,44200
1,densenet121,scratch,gs20,blind,train,raw,1337,5,1,subject_level,0.6108597285067874,0.7239819004524887,0.9972042406306547,0.0012153532710010649,0.005544585839537609,0.9332878859229671,0.6470588235294118,0.9956683033731728,0.9824858003624277,221,48620
1,densenet121,scratch,gs20,blind,test,raw,1337,5,1,slice_level,0.8571428571428571,0.9428571428571428,0.9977292128971644,0.0013401976653507777,0.003685569397306868,0.8858564285714285,0.5057142857142857,0.9925269440242223,0.9792837314605712,350,14000
1,densenet121,scratch,gs20,blind,test,raw,1337,5,1,subject_level,0.7285714285714285,0.8857142857142857,0.9965555429458618,0.0019939030919756207,0.017401081243796006,0.9385359361135759,0.7142857142857143,0.9956129176276071,0.9823119924305389,70,4830
2,densenet121,scratch,gs20,adaptive,train,gs20,1337,5,1,slice_level,0.7387387387387387,0.8693693693693694,0.981636177043657,0.002364670908128893,0.0023938924402443205,0.8712132436490544,0.3927927927927928,0.959489150788333,0.8878481824440999,1110,44400
2,densenet121,scratch,gs20,adaptive,train,gs20,1337,5,1,subject_level,0.47297297297297297,0.6351351351351351,0.9849335685506597,0.0027591067928451674,0.010818089131970663,0.9187308410281383,0.5315315315315315,0.975636297786558,0.9032691397851982,222,49062
2,densenet121,scratch,gs20,adaptive,test,gs20,1337,5,1,slice_level,0.7536231884057971,0.927536231884058,0.9817019709642383,0.0023435889810755634,0.007513123449693987,0.8945379122033186,0.4260869565217391,0.9639225004375844,0.8857328433230304,345,13800
2,densenet121,scratch,gs20,adaptive,test,gs20,1337,5,1,subject_level,0.5942028985507246,0.7536231884057971,0.9846662015154741,0.004148078137549801,0.03382277288946552,0.9325092355782894,0.4927536231884058,0.9785546815913656,0.8995511660388872,69,4692
2,densenet121,scratch,gs20,blind,train,raw,1337,5,1,slice_level,0.8468468468468469,0.8963963963963963,0.997471882147832,0.001187465749345384,0.0011857500371128859,0.8687074811297785,0.49099099099099097,0.9918338763821233,0.9778218688674876,1110,44400
2,densenet121,scratch,gs20,blind,train,raw,1337,5,1,subject_level,0.5945945945945946,0.7477477477477478,0.9966071379614306,0.0015217712870589247,0.005602274471810003,0.9339584937756639,0.6171171171171171,0.9952101417489954,0.9811427699484967,222,49062
2,densenet121,scratch,gs20,blind,test,raw,1337,5,1,slice_level,0.8840579710144928,0.9420289855072463,0.9974522409231766,0.0011615830919016962,0.003701043797764873,0.8710329762654905,0.46956521739130436,0.9925460034522458,0.9796457859571429,345,13800
2,densenet121,scratch,gs20,blind,test,raw,1337,5,1,subject_level,0.7246376811594203,0.8985507246376812,0.9966806207878002,0.0021041346632915993,0.017563577066513077,0.9417509915119167,0.5942028985507246,0.9957465460334999,0.9827696046992844,69,4692
3,densenet121,scratch,gs20,adaptive,train,gs20,1337,5,1,slice_level,0.7387387387387387,0.8648648648648649,0.9811066998554779,0.002042592645765425,0.0026352564224276925,0.8876005295836376,0.44054054054054054,0.9599510113935212,0.8815900451710095,1110,44400
3,densenet121,scratch,gs20,adaptive,train,gs20,1337,5,1,subject_level,0.4774774774774775,0.6621621621621622,0.9845216043360598,0.0027237915777945302,0.011906012286524381,0.9301088877797941,0.5495495495495496,0.9757160173880087,0.8962213017010309,222,49062
3,densenet121,scratch,gs20,adaptive,test,gs20,1337,5,1,slice_level,0.7101449275362319,0.8840579710144928,0.9798420892245527,0.0025911374368529387,0.007204559132240821,0.8490808653644192,0.3710144927536232,0.957051840554113,0.8916091150995614,345,13800
3,densenet121,scratch,gs20,adaptive,test,gs20,1337,5,1,subject_level,0.4927536231884058,0.7391304347826086,0.9825637366460718,0.0036283040392226067,0.03166458221233409,0.8978711837602086,0.5072463768115942,0.9739212385122327,0.9080026438372417,69,4692
3,densenet121,scratch,gs20,blind,train,raw,1337,5,1,slice_level,0.8333333333333334,0.9099099099099099,0.9975657054969856,0.0010431478689382741,0.0011510915570758149,0.8461873630387144,0.4252252252252252,0.9917711762694625,0.9797340978507523,1110,44400
3,densenet121,scratch,gs20,blind,train,raw,1337,5,1,subject_level,0.49099099099099097,0.6576576576576577,0.9968929035706563,0.0009779481737463324,0.005458809074584965,0.9161968621428082,0.545045045045045,0.9950917470562566,0.9830365869018861,222,49062
3,densenet121,scratch,gs20,blind,test,raw,1337,5,1,slice_level,0.927536231884058,0.9710144927536232,0.9975567218186199,0.0011294069497481637,0.0036903159436432347,0.8511319050619618,0.4811594202898551,0.9918305761572244,0.9798733377888583,345,13800
3,densenet121,scratch,gs20,blind,test,raw,1337,5,1,subject_level,0.6666666666666666,0.8115942028985508,0.9966706555822621,0.0014988702276478643,0.01741920317104761,0.9202280786290571,0.5942028985507246,0.9952831579291302,0.9832293508734747,69,4692
4,densenet121,scratch,gs20,adaptive,train,gs20,1337,5,1,slice_level,0.7342342342342343,0.8648648648648649,0.9833743988393663,0.002101125749381813,0.002739783947519656,0.8865643616589562,0.4198198198198198,0.9606036681849677,0.8759648013813002,1110,44400
4,densenet121,scratch,gs20,adaptive,train,gs20,1337,5,1,subject_level,0.46396396396396394,0.6351351351351351,0.9860362252136609,0.0027484917962873304,0.012408425653907092,0.9293757650275933,0.5315315315315315,0.976274707832852,0.8899680005962707,222,49062
4,densenet121,scratch,gs20,adaptive,test,gs20,1337,5,1,slice_level,0.8115942028985508,0.8840579710144928,0.9829350830852122,0.002950243327928626,0.008607058812850628,0.8912632850241546,0.37971014492753624,0.9624547640482585,0.8746137264284535,345,13800
4,densenet121,scratch,gs20,adaptive,test,gs20,1337,5,1,subject_level,0.5652173913043478,0.7101449275362319,0.9843617479006449,0.004066564034724581,0.03798048792109973,0.9381525136834823,0.5507246376811594,0.9776830828708151,0.8885987565518442,69,4692
4,densenet121,scratch,gs20,blind,train,raw,1337,5,1,slice_level,0.8783783783783784,0.9279279279279279,0.9984482910719004,0.0008391968838803403,0.0010976776625407306,0.8813434278873469,0.5126126126126126,0.9944615784529093,0.984264657167164,1110,44400
4,densenet121,scratch,gs20,blind,train,raw,1337,5,1,subject_level,0.6036036036036037,0.7567567567567568,0.9977660697322708,0.001009817595954414,0.00527875660289381,0.9362098738092379,0.6351351351351351,0.996649077346733,0.9863936896075058,222,49062
4,densenet121,scratch,gs20,blind,test,raw,1337,5,1,slice_level,0.8695652173913043,0.9565217391304348,0.9985187813855599,0.001075812008069909,0.003617865050319528,0.8981824196597354,0.5014492753623189,0.9945130878600521,0.9822473022298537,345,13800
4,densenet121,scratch,gs20,blind,test,raw,1337,5,1,subject_level,0.6521739130434783,0.8695652173913043,0.9975258517956388,0.0014390150705973308,0.01733600952918979,0.9527688201934839,0.6376811594202898,0.9966738560925359,0.9844808318959478,69,4692
0,densenet121,scratch,gs30,adaptive,train,gs30,1337,5,1,slice_level,0.5520361990950227,0.7601809954751131,0.9836883280611686,0.0016010611305409426,0.0036545058794538766,0.8793903175610653,0.216289592760181,0.9568677185887126,0.8024948089883338,1105,44200
0,densenet121,scratch,gs30,adaptive,train,gs30,1337,5,1,subject_level,0.3574660633484163,0.5339366515837104,0.9861461245096647,0.002174263895906474,0.01638101203139551,0.9149351978870212,0.3257918552036199,0.9740794182363139,0.8182679828162892,221,48620
0,densenet121,scratch,gs30,adaptive,test,gs30,1337,5,1,slice_level,0.6142857142857143,0.7857142857142857,0.9826828530856542,0.002599500758307321,0.011666041665843554,0.8598189795918368,0.29428571428571426,0.9472571185656956,0.8300225117100136,350,14000
0,densenet121,scratch,gs30,adaptive,test,gs30,1337,5,1,subject_level,0.42857142857142855,0.6857142857142857,0.9839197831494467,0.004695994513375419,0.052285655295210225,0.9153918958887903,0.44285714285714284,0.9681834723268237,0.8471188120713639,70,4830
0,densenet121,scratch,gs30,blind,train,raw,1337,5,1,slice_level,0.7194570135746606,0.8190045248868778,0.9983889145009658,0.0007187184704914352,0.0012154211664184658,0.827952376077476,0.35294117647058826,0.9912999158531293,0.976236182784333,1105,44200
0,densenet121,scratch,gs30,blind,train,raw,1337,5,1,subject_level,0.3665158371040724,0.5248868778280543,0.997699083246257,0.0006146851707907284,0.00576678014516291,0.8915534359172901,0.3755656108597285,0.9948304923950817,0.979769907073443,221,48620
0,densenet121,scratch,gs30,blind,test,raw,1337,5,1,slice_level,0.8,0.9,0.9982994794845581,0.0007698348590305873,0.003773945031155433,0.8342467346938774,0.35714285714285715,0.9919018358843668,0.9774575774201325,350,14000
0,densenet121,scratch,gs30,blind,test,raw,1337,5,1,subject_level,0.5142857142857142,0.7285714285714285,0.9975038170814514,0.0011266563619886127,0.0179322055674025,0.8871783496007098,0.4714285714285714,0.9951863450663431,0.9807162233267759,70,4830
1,densenet121,scratch,gs30,adaptive,train,gs30,1337,5,1,slice_level,0.5610859728506787,0.7737556561085973,0.9810899733418253,0.0015468996574436377,0.0022440245248613313,0.8664110992813415,0.302262443438914,0.9623234663613781,0.8951538204512984,1105,44200
1,densenet121,scratch,gs30,adaptive,train,gs30,1337,5,1,subject_level,0.40271493212669685,0.6153846153846154,0.9851597523257744,0.0019994229752553533,0.010277309341196021,0.916723561240463,0.39819004524886875,0.977186027695151,0.9092225001837578,221,48620
1,densenet121,scratch,gs30,adaptive,test,gs30,1337,5,1,slice_level,0.7142857142857143,0.8428571428571429,0.9802991356168475,0.0020036825111934115,0.006692199136263558,0.8412529591836735,0.2885714285714286,0.957197893857956,0.9006027458821024,350,14000
1,densenet121,scratch,gs30,adaptive,test,gs30,1337,5,1,subject_level,0.45714285714285713,0.7285714285714285,0.984074911900929,0.004008191823959351,0.030056653783789702,0.9044424726412305,0.35714285714285715,0.9759995213576725,0.9188427243173493,70,4830
1,densenet121,scratch,gs30,blind,train,raw,1337,5,1,slice_level,0.7782805429864253,0.8687782805429864,0.9978744778697847,0.0008637214677905604,0.0011511975546405393,0.877414590200856,0.448868778280543,0.9930934309959412,0.9802453219418612,1105,44200
1,densenet121,scratch,gs30,blind,train,raw,1337,5,1,subject_level,0.579185520361991,0.7058823529411765,0.9973578196844903,0.0009981873887696417,0.0055237741239065495,0.929862252466724,0.6244343891402715,0.9957002986610205,0.9828655848516353,221,48620
1,densenet121,scratch,gs30,blind,test,raw,1337,5,1,slice_level,0.8714285714285714,0.9571428571428572,0.9978372207709721,0.0011602537972586495,0.003630376477459712,0.8691997959183674,0.49142857142857144,0.9923748007842472,0.980417411497661,350,14000
1,densenet121,scratch,gs30,blind,test,raw,1337,5,1,subject_level,0.6857142857142857,0.8285714285714286,0.9969446318490165,0.0016052280153547014,0.01719578414091042,0.9296894409937887,0.6714285714285714,0.9955476743834359,0.9835304621460522,70,4830
2,densenet121,scratch,gs30,adaptive,train,gs30,1337,5,1,slice_level,0.545045045045045,0.7477477477477478,0.9837000619720768,0.0016591138130909687,0.003481836136858407,0.8780702966479994,0.23693693693693693,0.9592635076325219,0.8130076458506488,1110,44400
2,densenet121,scratch,gs30,adaptive,train,gs30,1337,5,1,subject_level,0.36036036036036034,0.545045045045045,0.986717074572503,0.0019903838097512184,0.015882894799516007,0.9194686921237001,0.3333333333333333,0.9757746291590167,0.8268174748192123,222,49062
2,densenet121,scratch,gs30,adaptive,test,gs30,1337,5,1,slice_level,0.5797101449275363,0.8260869565217391,0.9814996918042501,0.0022976199785868325,0.009478267282247543,0.8332752572988869,0.22608695652173913,0.9510639385900636,0.8573460700179356,345,13800
2,densenet121,scratch,gs30,adaptive,test,gs30,1337,5,1,subject_level,0.391304347826087,0.6521739130434783,0.9838984703672105,0.003521065781081932,0.04184654730277649,0.8821181906915255,0.2898550724637681,0.9703835318053978,0.874568125971443,69,4692
2,densenet121,scratch,gs30,blind,train,raw,1337,5,1,slice_level,0.8603603603603603,0.9054054054054054,0.997983455657959,0.001000342068371472,0.0011409808260699112,0.8672160336011688,0.49099099099099097,0.9930355149346429,0.9808702454387068,1110,44400
2,densenet121,scratch,gs30,blind,train,raw,1337,5,1,subject_level,0.5900900900900901,0.7477477477477478,0.9973014794491433,0.001092719333665865,0.00543961513300871,0.931957761846474,0.6261261261261262,0.9959684210317629,0.9837553693469605,222,49062
2,densenet121,scratch,gs30,blind,test,raw,1337,5,1,slice_level,0.8985507246376812,0.9420289855072463,0.9978645608045053,0.0008783236793849779,0.0035862184797778077,0.8670914723797523,0.48985507246376814,0.9937593722688979,0.9823054004017857,345,13800
2,densenet121,scratch,gs30,blind,test,raw,1337,5,1,subject_level,0.6521739130434783,0.8405797101449275,0.9972315154213837,0.0017536973607712898,0.017174635946318722,0.9314621248625473,0.6086956521739131,0.9963642488355222,0.9849662128820037,69,4692
3,densenet121,scratch,gs30,adaptive,train,gs30,1337,5,1,slice_level,0.5315315315315315,0.7162162162162162,0.9873532599157041,0.0017430709825979698,0.004551796175472371,0.858002759516273,0.2936936936936937,0.950137607900946,0.7813510121650121,1110,44400
3,densenet121,scratch,gs30,adaptive,train,gs30,1337,5,1,subject_level,0.33783783783783783,0.527027027027027,0.9874486708426261,0.0031840277684701455,0.019619486663859705,0.8953501930449466,0.38738738738738737,0.9692856599618723,0.7975770171693289,222,49062
3,densenet121,scratch,gs30,adaptive,test,gs30,1337,5,1,slice_level,0.6811594202898551,0.782608695652174,0.9857558495756509,0.002934062826460686,0.010421621640199337,0.8018245116572149,0.2956521739130435,0.9405042181844296,0.8537450644913791,345,13800
3,densenet121,scratch,gs30,adaptive,test,gs30,1337,5,1,subject_level,0.463768115942029,0.6376811594202898,0.9842115035955457,0.0052039709644041195,0.042722180458730545,0.8663281317567985,0.36231884057971014,0.9662407576173976,0.8770053938399597,69,4692
3,densenet121,scratch,gs30,blind,train,raw,1337,5,1,slice_level,0.7972972972972973,0.8603603603603603,0.9991729788415067,0.0004290412138174246,0.0010710769822728729,0.8193060831101372,0.42882882882882883,0.9951523381847519,0.9866662292719425,1110,44400
3,densenet121,scratch,gs30,blind,train,raw,1337,5,1,subject_level,0.42792792792792794,0.5540540540540541,0.9987349389372645,0.0005116446598156079,0.005197057760580703,0.8829230967545751,0.46396396396396394,0.9970657411996309,0.9884856542850512,222,49062
3,densenet121,scratch,gs30,blind,test,raw,1337,5,1,slice_level,0.8115942028985508,0.8840579710144928,0.9991291294927183,0.000506583331287771,0.0034183564062729693,0.8150862213820627,0.40869565217391307,0.994788546493088,0.9869199360021647,345,13800
3,densenet121,scratch,gs30,blind,test,raw,1337,5,1,subject_level,0.5217391304347826,0.7246376811594203,0.9985840000968048,0.0006915192673171775,0.016503456818020863,0.8746648627945192,0.4927536231884058,0.99697236392809,0.9891371367227696,69,4692
4,densenet121,scratch,gs30,adaptive,train,gs30,1337,5,1,slice_level,0.6126126126126126,0.8063063063063063,0.9787349931828611,0.0014651592250342841,0.0021542383526737155,0.8672726645564484,0.3747747747747748,0.9595550962933549,0.9022208278901405,1110,44400
4,densenet121,scratch,gs30,adaptive,train,gs30,1337,5,1,subject_level,0.3918918918918919,0.6126126126126126,0.9837227410024351,0.002038698475640099,0.009776850394602563,0.917683719551764,0.47297297297297297,0.9756940847581571,0.9175281136842894,222,49062
4,densenet121,scratch,gs30,adaptive,test,gs30,1337,5,1,slice_level,0.6521739130434783,0.8405797101449275,0.9778174852979356,0.0017839868863423665,0.006761645999453638,0.8775064062171812,0.2811594202898551,0.9611406720202902,0.9015250224479731,345,13800
4,densenet121,scratch,gs30,adaptive,test,gs30,1337,5,1,subject_level,0.5072463768115942,0.8115942028985508,0.9822756639425305,0.0030616254046343374,0.03040976063820763,0.934958671559361,0.391304347826087,0.9763779406962187,0.9156534353434684,69,4692
4,densenet121,scratch,gs30,blind,train,raw,1337,5,1,slice_level,0.8423423423423423,0.9054054054054054,0.9973000390035612,0.0010833036792170893,0.0011789401849471705,0.8644167884100318,0.46216216216216216,0.9914449453353882,0.9776989533020569,1110,44400
4,densenet121,scratch,gs30,blind,train,raw,1337,5,1,subject_level,0.5720720720720721,0.6756756756756757,0.9966690301358163,0.0009965198534029023,0.005591014750419302,0.9230887668884489,0.5720720720720721,0.9948163072805147,0.9810233647443026,222,49062
4,densenet121,scratch,gs30,blind,test,raw,1337,5,1,slice_level,0.8260869565217391,0.8985507246376812,0.9973118305206299,0.0013959692872088888,0.003940219194560811,0.8884243856332702,0.4405797101449275,0.9917885528094527,0.9744532877811487,345,13800
4,densenet121,scratch,gs30,blind,test,raw,1337,5,1,subject_level,0.5797101449275363,0.8260869565217391,0.9964390924011451,0.0016752420992091081,0.018670268410789795,0.9467610610721918,0.5797101449275363,0.9950462311938189,0.9776582630622722,69,4692
0,densenet121,scratch,gs40,adaptive,train,gs40,1337,5,1,slice_level,0.29411764705882354,0.4796380090497738,0.9832022203579208,0.001123367121856137,0.0036571026628002593,0.8338981695706476,0.10950226244343891,0.9422431740825532,0.7987461074195567,1105,44200
0,densenet121,scratch,gs40,adaptive,train,gs40,1337,5,1,subject_level,0.19909502262443438,0.334841628959276,0.9856478202396928,0.001764052863574136,0.016403543674365965,0.8728095433977787,0.13574660633484162,0.9640049777958728,0.818755214391962,221,48620
0,densenet121,scratch,gs40,adaptive,test,gs40,1337,5,1,slice_level,0.3,0.5571428571428572,0.9822208634444646,0.0015828967094421386,0.011061560994546329,0.7883884693877552,0.1,0.929685160773141,0.8225526922302586,350,14000
0,densenet121,scratch,gs40,adaptive,test,gs40,1337,5,1,subject_level,0.22857142857142856,0.45714285714285713,0.9835737143244062,0.0033253627164023265,0.04925766153527158,0.8479828453120378,0.11428571428571428,0.9580306291580201,0.8491403140698407,70,4830
0,densenet121,scratch,gs40,blind,train,raw,1337,5,1,slice_level,0.8416289592760181,0.918552036199095,0.9986144015691939,0.0007157751877383409,0.0010882350400182928,0.8765321553612744,0.4452488687782805,0.995044957566585,0.9852487224407865,1105,44200
0,densenet121,scratch,gs40,blind,train,raw,1337,5,1,subject_level,0.5203619909502263,0.7149321266968326,0.9980432121462413,0.0007477710149946256,0.005256350902309515,0.9416657670250963,0.5384615384615384,0.9970567132013416,0.9872858523047544,221,48620
0,densenet121,scratch,gs40,blind,test,raw,1337,5,1,slice_level,0.8857142857142857,0.9571428571428572,0.9985900717122215,0.0007300129958561489,0.003445662641232567,0.8829089795918368,0.4942857142857143,0.9951488557883671,0.9849218730628491,350,14000
0,densenet121,scratch,gs40,blind,test,raw,1337,5,1,subject_level,0.6714285714285714,0.8,0.9979935331004006,0.0011735660689217704,0.016650023723819424,0.9286187518485656,0.6285714285714286,0.9970986221517836,0.9869004485399827,70,4830
1,densenet121,scratch,gs40,adaptive,train,gs40,1337,5,1,slice_level,0.48868778280542985,0.6968325791855203,0.9773514259994299,0.0012105436346649585,0.002037614788354387,0.8644401936897279,0.27963800904977376,0.9604693936546463,0.9046779618847154,1105,44200
1,densenet121,scratch,gs40,adaptive,train,gs40,1337,5,1,subject_level,0.3031674208144796,0.583710407239819,0.9832709606956033,0.0014412920938897456,0.009363140607446568,0.9153992268046034,0.36199095022624433,0.976026875670679,0.9196290015647167,221,48620
1,densenet121,scratch,gs40,adaptive,test,gs40,1337,5,1,slice_level,0.6142857142857143,0.7571428571428571,0.9765433217797961,0.0015734459672655378,0.00594503568219287,0.8233558163265307,0.2571428571428571,0.9554476029532296,0.9103756472851549,350,14000
1,densenet121,scratch,gs40,adaptive,test,gs40,1337,5,1,subject_level,0.42857142857142855,0.6428571428571429,0.9824709236621857,0.002761178357260568,0.026737163455358575,0.8916918071576456,0.38571428571428573,0.975038777930396,0.9297763134505191,70,4830
1,densenet121,scratch,gs40,blind,train,raw,1337,5,1,slice_level,0.755656108597285,0.8506787330316742,0.9981452110665956,0.0006691678616795604,0.0011006115463760373,0.8496338527057186,0.4153846153846154,0.9936285787038673,0.983963636486239,1105,44200
1,densenet121,scratch,gs40,blind,train,raw,1337,5,1,subject_level,0.5067873303167421,0.6470588235294118,0.9977126798478726,0.000692289609175462,0.005295429909728231,0.9111455353270632,0.5520361990950227,0.996066527668707,0.9863798723697467,221,48620
1,densenet121,scratch,gs40,blind,test,raw,1337,5,1,slice_level,0.8,0.8857142857142857,0.9981023039136614,0.0009083236966814313,0.0034898112528026102,0.8536259183673469,0.42,0.9930329077584403,0.9835430731219905,350,14000
1,densenet121,scratch,gs40,blind,test,raw,1337,5,1,subject_level,0.6571428571428571,0.8,0.997359094449452,0.0012501614434378488,0.01663687243791563,0.9080508725229222,0.6285714285714286,0.9958224901131221,0.9863394209563608,70,4830
2,densenet121,scratch,gs40,adaptive,train,gs40,1337,5,1,slice_level,0.4594594594594595,0.6306306306306306,0.9881707690320574,0.001602199968990979,0.004410668554178833,0.8637319211102996,0.24324324324324326,0.9548397370823869,0.7515350325116972,1110,44400
2,densenet121,scratch,gs40,adaptive,train,gs40,1337,5,1,subject_level,0.3063063063063063,0.49099099099099097,0.9877263594855059,0.00237983116158494,0.0190135474350337,0.903715550575646,0.3333333333333333,0.9731780459751954,0.7671957261494994,222,49062
2,densenet121,scratch,gs40,adaptive,test,gs40,1337,5,1,slice_level,0.5362318840579711,0.7246376811594203,0.9860921407091445,0.002940458663995715,0.013988444298181845,0.7707013232514178,0.21739130434782608,0.9159757009450941,0.7985721648106541,345,13800
2,densenet121,scratch,gs40,adaptive,test,gs40,1337,5,1,subject_level,0.2898550724637681,0.5652173913043478,0.9828335012214772,0.005805501903312794,0.0571688821512288,0.8144976957386608,0.2028985507246377,0.9472253028897272,0.8269953210881807,69,4692
2,densenet121,scratch,gs40,blind,train,raw,1337,5,1,slice_level,0.7792792792792793,0.8738738738738738,0.9990157407146316,0.0005737180645401413,0.0011590265171803735,0.8549130143657171,0.4099099099099099,0.9941356660546483,0.9802810468907291,1110,44400
2,densenet121,scratch,gs40,blind,train,raw,1337,5,1,subject_level,0.4954954954954955,0.6666666666666666,0.9984183026863648,0.0007110775054038108,0.005579173940376521,0.9134808649911987,0.49099099099099097,0.9967225373865248,0.9828201404630975,222,49062
2,densenet121,scratch,gs40,blind,test,raw,1337,5,1,slice_level,0.855072463768116,0.9130434782608695,0.9990054343057715,0.0006002213643944782,0.003605958212679927,0.8557267380802354,0.4289855072463768,0.9950128396352133,0.9829996284669724,345,13800
2,densenet121,scratch,gs40,blind,test,raw,1337,5,1,subject_level,0.6086956521739131,0.7681159420289855,0.9982894468998563,0.0013246458509693975,0.017420194152256718,0.9093708687003472,0.5797101449275363,0.9969930648803711,0.984937122232977,69,4692
3,densenet121,scratch,gs40,adaptive,train,gs40,1337,5,1,slice_level,0.536036036036036,0.7297297297297297,0.9801781639322504,0.00139912291690036,0.0022880316324959938,0.8409760267023781,0.2873873873873874,0.9556044894832748,0.895643708125965,1110,44400
3,densenet121,scratch,gs40,adaptive,train,gs40,1337,5,1,subject_level,0.3063063063063063,0.527027027027027,0.9846022311631624,0.0019392134907009364,0.010376070949106335,0.8917361319984531,0.36936936936936937,0.9729394185113477,0.9120491578033612,222,49062
3,densenet121,scratch,gs40,adaptive,test,gs40,1337,5,1,slice_level,0.6666666666666666,0.8840579710144928,0.9791817906974019,0.0016744706941687543,0.006573381638019413,0.8098009871875657,0.28695652173913044,0.9549845714499985,0.9022091206605883,345,13800
3,densenet121,scratch,gs40,adaptive,test,gs40,1337,5,1,subject_level,0.4057971014492754,0.5797101449275363,0.9834808525831803,0.0027981262276138086,0.02929044363723285,0.8632053325425949,0.30434782608695654,0.9725186626116434,0.9183795226885535,69,4692
3,densenet121,scratch,gs40,blind,train,raw,1337,5,1,slice_level,0.8603603603603603,0.9054054054054054,0.9986597122372808,0.0006697910862999994,0.0010634778378959243,0.8683618922977032,0.47477477477477475,0.995327124724517,0.9867363909584982,1110,44400
3,densenet121,scratch,gs40,blind,train,raw,1337,5,1,subject_level,0.5585585585585585,0.7162162162162162,0.9981592713712572,0.0008121097947026159,0.005152435815968626,0.9322986157246889,0.5765765765765766,0.9971601901290653,0.9885513059183513,222,49062
3,densenet121,scratch,gs40,blind,test,raw,1337,5,1,slice_level,0.9565217391304348,0.9855072463768116,0.9986613971599634,0.0007664509441541588,0.0033897067440430756,0.8607714765805503,0.5014492753623189,0.9951538839201997,0.9873611828339273,345,13800
3,densenet121,scratch,gs40,blind,test,raw,1337,5,1,subject_level,0.6956521739130435,0.8405797101449275,0.9979596414427826,0.001095954922662265,0.01632606342056955,0.9290435771031791,0.6231884057971014,0.9972112265186034,0.9893511898199514,69,4692
4,densenet121,scratch,gs40,adaptive,train,gs40,1337,5,1,slice_level,0.45495495495495497,0.6801801801801802,0.9777736556422603,0.0011619646269995887,0.002023418454939986,0.829468823553283,0.26306306306306304,0.9565107786440634,0.9075828891294496,1110,44400
4,densenet121,scratch,gs40,adaptive,train,gs40,1337,5,1,subject_level,0.34684684684684686,0.5,0.9836657906437779,0.0016364766670776917,0.009214002389444021,0.8770419098320529,0.36936936936936937,0.9734916614519583,0.9235794516629953,222,49062
4,densenet121,scratch,gs40,adaptive,test,gs40,1337,5,1,slice_level,0.5507246376811594,0.7971014492753623,0.9768199920654297,0.0018547384635261867,0.006513669263517511,0.8541396765385423,0.23478260869565218,0.959226163573887,0.9045248912382817,345,13800
4,densenet121,scratch,gs40,adaptive,test,gs40,1337,5,1,subject_level,0.4927536231884058,0.6521739130434783,0.9821723509525907,0.0022925812265147333,0.029368326391862785,0.9095237653977786,0.3333333333333333,0.975504742152449,0.9198044825469136,69,4692
4,densenet121,scratch,gs40,blind,train,raw,1337,5,1,slice_level,0.8513513513513513,0.9279279279279279,0.9989964841185389,0.0004919531109096768,0.0010002323369671766,0.8745789708627545,0.4963963963963964,0.9966885971593428,0.9915483118727938,1110,44400
4,densenet121,scratch,gs40,blind,train,raw,1337,5,1,subject_level,0.6396396396396397,0.7477477477477478,0.9986400333073762,0.0005341553473257804,0.004889067635779177,0.9246187761688556,0.6531531531531531,0.9979635544188388,0.992825662903632,222,49062
4,densenet121,scratch,gs40,blind,test,raw,1337,5,1,slice_level,0.8405797101449275,0.8840579710144928,0.9990245181581249,0.0005872240964917169,0.003267972517515654,0.8970986137366099,0.47246376811594204,0.9968913774559464,0.9904150395073752,345,13800
4,densenet121,scratch,gs40,blind,test,raw,1337,5,1,subject_level,0.6376811594202898,0.8695652173913043,0.9985688976619554,0.0007270142651986384,0.01596479242046674,0.9518220961982777,0.5942028985507246,0.9981150929478632,0.9916108613555897,69,4692
0,densenet121,scratch,gs50,adaptive,train,gs50,1337,5,1,slice_level,0.248868778280543,0.416289592760181,0.9879363683553842,0.001332383889418382,0.005044754303789516,0.7988607419995496,0.13755656108597286,0.9109641024160169,0.7586371922300816,1105,44200
0,densenet121,scratch,gs50,adaptive,train,gs50,1337,5,1,subject_level,0.1085972850678733,0.26244343891402716,0.9870772189144635,0.0025726910090554354,0.02238443149548715,0.8506043730025632,0.13122171945701358,0.9454691790347725,0.7885368961155881,221,48620
0,densenet121,scratch,gs50,adaptive,test,gs50,1337,5,1,slice_level,0.3,0.5142857142857142,0.9864041762692588,0.0021463428224836076,0.015350019672353353,0.7560293877551021,0.07714285714285714,0.91297681587083,0.7919676808544568,350,14000
0,densenet121,scratch,gs50,adaptive,test,gs50,1337,5,1,subject_level,0.15714285714285714,0.4,0.9849794115339007,0.005338081291743687,0.06839695242898805,0.8134072759538598,0.07142857142857142,0.9438736600535257,0.8182857089654753,70,4830
0,densenet121,scratch,gs50,blind,train,raw,1337,5,1,slice_level,0.7782805429864253,0.8687782805429864,0.9988814648999348,0.0005759386455311495,0.0010999881286317338,0.8490654880121209,0.43529411764705883,0.9946722258270057,0.9847351112004319,1105,44200
0,densenet121,scratch,gs50,blind,train,raw,1337,5,1,subject_level,0.4751131221719457,0.6380090497737556,0.9983312557725346,0.000566097136536335,0.005308824473343014,0.9125187761400164,0.49321266968325794,0.9968286690668823,0.9868467090981627,221,48620
0,densenet121,scratch,gs50,blind,test,raw,1337,5,1,slice_level,0.8285714285714286,0.9142857142857143,0.9988570434706552,0.0006192530904497419,0.003451156014177416,0.8574705102040817,0.45714285714285713,0.9948949062824249,0.985187188646623,350,14000
0,densenet121,scratch,gs50,blind,test,raw,1337,5,1,subject_level,0.6142857142857143,0.7428571428571429,0.9982120071138655,0.001217958756855556,0.016660304873117378,0.9046169772256729,0.5714285714285714,0.9968956921781812,0.9871600827321749,70,4830
1,densenet121,scratch,gs50,adaptive,train,gs50,1337,5,1,slice_level,0.2669683257918552,0.4660633484162896,0.9850587728875795,0.0013764104152696704,0.004616176399794235,0.8463008230789706,0.1493212669683258,0.9390811040390671,0.7588904160544344,1105,44200
1,densenet121,scratch,gs50,adaptive,train,gs50,1337,5,1,subject_level,0.19004524886877827,0.33031674208144796,0.984701709779679,0.002368162929742045,0.019208424682497168,0.8848228760858519,0.18552036199095023,0.9635352446482732,0.7783570672720609,221,48620
1,densenet121,scratch,gs50,adaptive,test,gs50,1337,5,1,slice_level,0.32857142857142857,0.5285714285714286,0.9831313857010433,0.002099307094301496,0.013867527286389044,0.7457276530612246,0.11142857142857143,0.8933716821670532,0.7852565608216183,350,14000
1,densenet121,scratch,gs50,adaptive,test,gs50,1337,5,1,subject_level,0.2,0.4142857142857143,0.981627653326307,0.005109331437519619,0.05672888649361474,0.8107275953859805,0.14285714285714285,0.9350775224821908,0.8226023073583903,70,4830
1,densenet121,scratch,gs50,blind,train,raw,1337,5,1,slice_level,0.7737556561085973,0.8778280542986425,0.9993606579249801,0.0002846995629875908,0.0010139439107504635,0.8799836305562949,0.416289592760181,0.9974325809543488,0.9911897515697716,1105,44200
1,densenet121,scratch,gs50,blind,train,raw,1337,5,1,subject_level,0.5475113122171946,0.6787330316742082,0.999111769425923,0.00037297970568971934,0.00498851687474623,0.9244007456477513,0.5475113122171946,0.9983723355094771,0.9921376611288072,221,48620
1,densenet121,scratch,gs50,blind,test,raw,1337,5,1,slice_level,0.8285714285714286,0.9285714285714286,0.9993039565426963,0.0005013355187007359,0.0032213962570364985,0.8753878571428572,0.4828571428571429,0.9970110390867506,0.9906766222672803,350,14000
1,densenet121,scratch,gs50,blind,test,raw,1337,5,1,subject_level,0.6714285714285714,0.8428571428571429,0.9988077436174665,0.0007590651512145996,0.015723607476268497,0.9317051168293404,0.6,0.9982825832707541,0.9919408851158545,70,4830
2,densenet121,scratch,gs50,adaptive,train,gs50,1337,5,1,slice_level,0.35585585585585583,0.5495495495495496,0.9807071406562049,0.0014412513187339715,0.0033715477712485975,0.847804419284149,0.22882882882882882,0.9512654204626341,0.8404776665152193,1110,44400
2,densenet121,scratch,gs50,adaptive,train,gs50,1337,5,1,subject_level,0.22522522522522523,0.44594594594594594,0.9847531369677535,0.0019908923286575454,0.015107384446572076,0.8905910465926364,0.3063063063063063,0.970519313404152,0.8584794406095169,222,49062
2,densenet121,scratch,gs50,adaptive,test,gs50,1337,5,1,slice_level,0.463768115942029,0.7246376811594203,0.9790387119072071,0.0017701525619064553,0.007770429783757182,0.8168240915773997,0.18840579710144928,0.9516519563785498,0.8812987724616044,345,13800
2,densenet121,scratch,gs50,adaptive,test,gs50,1337,5,1,subject_level,0.21739130434782608,0.6086956521739131,0.982519439165143,0.002900085587432419,0.03350850424148898,0.867962118684903,0.18840579710144928,0.9717940394429193,0.9006322774740741,69,4692
2,densenet121,scratch,gs50,blind,train,raw,1337,5,1,slice_level,0.8558558558558559,0.9009009009009009,0.9976561005051071,0.0010816460257177954,0.0012136722646385162,0.873053759840922,0.4900900900900901,0.9918144284067927,0.9756515418879084,1110,44400
2,densenet121,scratch,gs50,blind,train,raw,1337,5,1,subject_level,0.6036036036036037,0.7477477477477478,0.9969366603606457,0.0012664445885666857,0.005754831054054939,0.9347575838036888,0.6216216216216216,0.9953259157167899,0.9791553471114263,222,49062
2,densenet121,scratch,gs50,blind,test,raw,1337,5,1,slice_level,0.8695652173913043,0.927536231884058,0.9975356053614962,0.000991727994835895,0.0038052863319930825,0.8814295316110061,0.4985507246376812,0.9927112318467403,0.9774948751408121,345,13800
2,densenet121,scratch,gs50,blind,test,raw,1337,5,1,subject_level,0.6956521739130435,0.8405797101449275,0.996815940608149,0.0020994587221007414,0.018146646816445434,0.9342497868712702,0.6521739130434783,0.9956878717394843,0.9803913267168954,69,4692
3,densenet121,scratch,gs50,adaptive,train,gs50,1337,5,1,slice_level,0.2972972972972973,0.509009009009009,0.9816326858761074,0.00119044786100989,0.003864377130322192,0.8137104131158185,0.1972972972972973,0.9419004376944121,0.8252882590681851,1110,44400
3,densenet121,scratch,gs50,adaptive,train,gs50,1337,5,1,subject_level,0.19369369369369369,0.3918918918918919,0.9850093969353685,0.001785957329982036,0.017152530044686417,0.8522320626851629,0.24324324324324326,0.9636834902806325,0.8443987944851804,222,49062
3,densenet121,scratch,gs50,adaptive,test,gs50,1337,5,1,slice_level,0.37681159420289856,0.5942028985507246,0.978926816712255,0.0017432276753411777,0.008200288655749266,0.7744798361688722,0.1072463768115942,0.9425897492878679,0.8703045826243317,345,13800
3,densenet121,scratch,gs50,adaptive,test,gs50,1337,5,1,subject_level,0.2608695652173913,0.42028985507246375,0.9823698876560598,0.0024926213250643964,0.035547257117603134,0.8206629847906396,0.18840579710144928,0.9648338953653971,0.8918841272109813,69,4692
3,densenet121,scratch,gs50,blind,train,raw,1337,5,1,slice_level,0.8648648648648649,0.9099099099099099,0.9990881571361611,0.0005054288619273418,0.0010382436044925304,0.8710185455725996,0.4828828828828829,0.9962790514971759,0.9889154221573928,1110,44400
3,densenet121,scratch,gs50,blind,train,raw,1337,5,1,subject_level,0.527027027027027,0.7297297297297297,0.9986114603979094,0.0006074545619724033,0.0050549821693215286,0.9350405039991685,0.5675675675675675,0.997755154564574,0.9903980850381296,222,49062
3,densenet121,scratch,gs50,blind,test,raw,1337,5,1,slice_level,0.8985507246376812,0.9710144927536232,0.9990548033645188,0.0005382437636886818,0.0033166432969164157,0.8599222852341946,0.5072463768115942,0.9961395470992379,0.9893495178049889,345,13800
3,densenet121,scratch,gs50,blind,test,raw,1337,5,1,subject_level,0.6666666666666666,0.8115942028985508,0.9984675153442051,0.0008739863616832788,0.016097997153258842,0.9242929686052115,0.5942028985507246,0.9977211382078088,0.9909004974929269,69,4692
4,densenet121,scratch,gs50,adaptive,train,gs50,1337,5,1,slice_level,0.26576576576576577,0.4144144144144144,0.9857507538688075,0.0009518834921690795,0.003579251970550431,0.7629505214674133,0.14594594594594595,0.9227486912731652,0.8218133384492752,1110,44400
4,densenet121,scratch,gs50,adaptive,train,gs50,1337,5,1,subject_level,0.13063063063063063,0.28378378378378377,0.9876185967041565,0.0017878193039077897,0.016273281713192526,0.8152198762294152,0.15315315315315314,0.952392285471564,0.8512195606452992,222,49062
4,densenet121,scratch,gs50,adaptive,test,gs50,1337,5,1,slice_level,0.3188405797101449,0.5362318840579711,0.9838644378427146,0.0017788764359294505,0.0112419577072496,0.7400309808863683,0.09855072463768116,0.9157899362453515,0.827024775194949,345,13800
4,densenet121,scratch,gs50,adaptive,test,gs50,1337,5,1,subject_level,0.14492753623188406,0.463768115942029,0.9852010080779808,0.004267384176668914,0.049591950559313744,0.794580970384373,0.11594202898550725,0.9464445148689159,0.8553414927304858,69,4692
4,densenet121,scratch,gs50,blind,train,raw,1337,5,1,slice_level,0.8288288288288288,0.9009009009009009,0.9982316185225237,0.0007989409270587268,0.0010953942121862358,0.8565764751237724,0.45585585585585586,0.9936992782193261,0.9841753555270466,1110,44400
4,densenet121,scratch,gs50,blind,train,raw,1337,5,1,subject_level,0.5765765765765766,0.6981981981981982,0.9976875140323295,0.0007930892007844943,0.005263441684865602,0.9105878992603953,0.6126126126126126,0.9961246703122113,0.9864927291393882,222,49062
4,densenet121,scratch,gs50,blind,test,raw,1337,5,1,slice_level,0.8260869565217391,0.8985507246376812,0.9982357353403948,0.0009485422701075457,0.003651318936676219,0.8859110480991389,0.4782608695652174,0.9942223927249079,0.9813200151142867,345,13800
4,densenet121,scratch,gs50,blind,test,raw,1337,5,1,subject_level,0.6376811594202898,0.7971014492753623,0.9975062487781912,0.001095150691875513,0.017530742114868717,0.9434807319273015,0.6086956521739131,0.9965483459873475,0.9835775488223769,69,4692
0,resnet18,pretrained,raw,adaptive,train,raw,1337,5,1,slice_level,0.8642533936651584,0.9276018099547512,0.9083800380585959,0.019274698393377244,0.006719225788977823,0.9206644827091992,0.4298642533936652,0.8610589530672962,0.7595278243005815,1105,44200
0,resnet18,pretrained,raw,adaptive,train,raw,1337,5,1,subject_level,0.7782805429864253,0.9049773755656109,0.9176005019861109,0.021381698312802552,0.019982125285625187,0.9774277758440655,0.6561085972850679,0.9139152967552254,0.8060069734730969,221,48620
0,resnet18,pretrained,raw,adaptive,test,raw,1337,5,1,slice_level,0.9142857142857143,0.9857142857142858,0.9070737072399684,0.021596300601959228,0.018237360786380514,0.9225019387755103,0.4742857142857143,0.8622581136226654,0.7701256510743073,350,14000
0,resnet18,pretrained,raw,adaptive,test,raw,1337,5,1,subject_level,0.8714285714285714,0.9714285714285714,0.9158155347619737,0.02778634514127459,0.05303672291338444,0.9823040520556048,0.7285714285714285,0.9139242282935551,0.816033080769375,70,4830
1,resnet18,pretrained,raw,adaptive,train,raw,1337,5,1,slice_level,0.8054298642533937,0.9049773755656109,0.9049884593324964,0.018444556726050054,0.007128065908159133,0.9214044655105342,0.45701357466063347,0.8517343605805306,0.7512349274700584,1105,44200
1,resnet18,pretrained,raw,adaptive,train,raw,1337,5,1,subject_level,0.6832579185520362,0.8642533936651584,0.9137385803110459,0.02133526305807122,0.020320819985812606,0.9787110680110415,0.7013574660633484,0.9070213402018827,0.8001635923289017,221,48620
1,resnet18,pretrained,raw,adaptive,test,raw,1337,5,1,slice_level,0.8428571428571429,0.9285714285714286,0.899264692408698,0.023771304743630546,0.021337837572874767,0.9227861224489795,0.5142857142857142,0.8469698994500297,0.749975318312645,350,14000
1,resnet18,pretrained,raw,adaptive,test,raw,1337,5,1,subject_level,0.8285714285714286,0.8857142857142857,0.908317140170506,0.032779433046068465,0.060079107939132625,0.9764477965099083,0.7857142857142857,0.9037893448557173,0.8003003947112871,70,4830
2,resnet18,pretrained,raw,adaptive,train,raw,1337,5,1,slice_level,0.8738738738738738,0.9594594594594594,0.9435166305786854,0.01225266746572546,0.00478009891859885,0.9265707734761788,0.43873873873873875,0.9129748224675118,0.8152541366232945,1110,44400
2,resnet18,pretrained,raw,adaptive,train,raw,1337,5,1,subject_level,0.8243243243243243,0.9279279279279279,0.9493836341677485,0.015782140665226155,0.017014810152620345,0.974020645324302,0.7072072072072072,0.9470371781168757,0.8456447337000881,222,49062
2,resnet18,pretrained,raw,adaptive,test,raw,1337,5,1,slice_level,0.8985507246376812,0.9855072463768116,0.9391295849413112,0.010484836239745651,0.01220200050190307,0.8902730518798573,0.4289855072463768,0.9108792899311453,0.8310879030262215,345,13800
2,resnet18,pretrained,raw,adaptive,test,raw,1337,5,1,subject_level,0.8985507246376812,0.9710144927536232,0.9477406334185946,0.022742559080538544,0.04407645794360534,0.9568275325252975,0.6086956521739131,0.946639062701792,0.8638376745396157,69,4692
3,resnet18,pretrained,raw,adaptive,train,raw,1337,5,1,slice_level,0.7657657657657657,0.8918918918918919,0.9004708899034036,0.01867505344184669,0.007608121070121457,0.9132943957470985,0.4153153153153153,0.846282255488473,0.7384807101516305,1110,44400
3,resnet18,pretrained,raw,adaptive,train,raw,1337,5,1,subject_level,0.6981981981981982,0.8513513513513513,0.9094903681192312,0.020733624428242177,0.021907731492139468,0.968762176631811,0.6081081081081081,0.9016846764732052,0.7872143262855812,222,49062
3,resnet18,pretrained,raw,adaptive,test,raw,1337,5,1,slice_level,0.9130434782608695,1.0,0.9044730473255765,0.02452044988024062,0.022437296794268532,0.908095148078135,0.45217391304347826,0.8494406510090482,0.7476139743863672,345,13800
3,resnet18,pretrained,raw,adaptive,test,raw,1337,5,1,subject_level,0.8695652173913043,0.9420289855072463,0.9102346102396647,0.0287167231241862,0.05957337034245332,0.9794933096111791,0.7246376811594203,0.90754525039507,0.7986750955878418,69,4692
4,resnet18,pretrained,raw,adaptive,train,raw,1337,5,1,slice_level,0.7117117117117117,0.8738738738738738,0.9899748714120539,0.001968417081746969,0.0025426902528222954,0.845211863890918,0.24324324324324326,0.9833083973274575,0.8605981550929515,1110,44400
4,resnet18,pretrained,raw,adaptive,train,raw,1337,5,1,subject_level,0.7207207207207207,0.8873873873873874,0.9908788623036565,0.0028147708188306104,0.01174104344183663,0.902043828713145,0.3963963963963964,0.9900122768170124,0.866045132431864,222,49062
4,resnet18,pretrained,raw,adaptive,test,raw,1337,5,1,slice_level,0.7391304347826086,0.855072463768116,0.9852730873702229,0.002900298954784006,0.006824822462015394,0.7928622138206259,0.17101449275362318,0.9694136379421621,0.9058391323253728,345,13800
4,resnet18,pretrained,raw,adaptive,test,raw,1337,5,1,subject_level,0.6231884057971014,0.8405797101449275,0.9856896046279133,0.0034515201181605244,0.030726878755334495,0.84191408132251,0.2753623188405797,0.9803880219874175,0.9157314151906601,69,4692
0,resnet18,pretrained,gs0,adaptive,train,gs0,1337,5,1,slice_level,0.7420814479638009,0.9230769230769231,0.9446569047362556,0.007169359409970935,0.004113456229068238,0.9184281853360907,0.39819004524886875,0.9180742084170899,0.8165380143303407,1105,44200
0,resnet18,pretrained,gs0,adaptive,train,gs0,1337,5,1,subject_level,0.6968325791855203,0.8823529411764706,0.9534616125115442,0.01054688222807457,0.015862760230966284,0.9644193310017106,0.5520361990950227,0.9501489837784572,0.845135435718217,221,48620
0,resnet18,pretrained,gs0,adaptive,test,gs0,1337,5,1,slice_level,0.8,0.9857142857142858,0.9429309563977378,0.008857575484684535,0.011128071469387837,0.9088813265306124,0.38,0.9173866391181946,0.829428149917296,350,14000
0,resnet18,pretrained,gs0,adaptive,test,gs0,1337,5,1,subject_level,0.8,0.9428571428571428,0.9514240724699837,0.01273318954876491,0.04318537600338459,0.9563294883170659,0.6142857142857143,0.9489108519894737,0.8582200024932561,70,4830
0,resnet18,pretrained,gs0,blind,train,raw,1337,5,1,slice_level,0.7601809954751131,0.8506787330316742,0.9752895743059357,0.00893779820446515,0.0022782623742568005,0.8688980569603408,0.3556561085972851,0.9480881969853224,0.9081362195926554,1105,44200
0,resnet18,pretrained,gs0,blind,train,raw,1337,5,1,subject_level,0.6334841628959276,0.7692307692307693,0.972200563590451,0.0072465876108920415,0.008392334924125833,0.9484426273752864,0.5610859728506787,0.968006516473865,0.9273315548774197,221,48620
0,resnet18,pretrained,gs0,blind,test,raw,1337,5,1,slice_level,0.9,0.9571428571428572,0.975614595413208,0.010239055327006748,0.006773083716897028,0.865147857142857,0.3914285714285714,0.9507718638011388,0.9117226808922632,350,14000
0,resnet18,pretrained,gs0,blind,test,raw,1337,5,1,subject_level,0.7714285714285715,0.9142857142857143,0.9727244053568159,0.009048689263207572,0.025239573365875654,0.9492383910085773,0.6142857142857143,0.970225111927305,0.9305950373349476,70,4830
1,resnet18,pretrained,gs0,adaptive,train,gs0,1337,5,1,slice_level,0.5429864253393665,0.7420814479638009,0.9826712918497319,0.00210337913953341,0.00246135915768632,0.8255760733809709,0.15565610859728507,0.9730506060889403,0.8751248683015146,1105,44200
1,resnet18,pretrained,gs0,adaptive,train,gs0,1337,5,1,subject_level,0.583710407239819,0.751131221719457,0.985232032262362,0.002898237014787769,0.0110542490694891,0.88085820221833,0.23529411764705882,0.9835523304896118,0.8846716768037435,221,48620
1,resnet18,pretrained,gs0,adaptive,test,gs0,1337,5,1,slice_level,0.6,0.8142857142857143,0.9769711204937526,0.0024778706686837335,0.006127606398825134,0.8126353061224489,0.13714285714285715,0.9622860966409956,0.9060076244430882,350,14000
1,resnet18,pretrained,gs0,adaptive,test,gs0,1337,5,1,subject_level,0.6142857142857143,0.8142857142857143,0.981152252640043,0.004266149657113211,0.02756841318415744,0.8726205264714582,0.2571428571428571,0.9774968726294381,0.9203256824989003,70,4830
1,resnet18,pretrained,gs0,blind,train,raw,1337,5,1,slice_level,0.751131221719457,0.8733031674208145,0.9898418843476481,0.0030691691113812892,0.0013703611316960053,0.8776111566102252,0.3592760180995475,0.9794813133472771,0.9599588466000772,1105,44200
1,resnet18,pretrained,gs0,blind,train,raw,1337,5,1,subject_level,0.6244343891402715,0.8054298642533937,0.9891080411311188,0.0029283470697532414,0.006073761762992154,0.9515996712895833,0.5429864253393665,0.9876018495581269,0.967992875165088,221,48620
1,resnet18,pretrained,gs0,blind,test,raw,1337,5,1,slice_level,0.8428571428571429,0.9428571428571428,0.9883786967822483,0.004307611499513898,0.004450168896333448,0.8988460204081633,0.39714285714285713,0.978022918019976,0.9564560220496995,350,14000
1,resnet18,pretrained,gs0,blind,test,raw,1337,5,1,subject_level,0.7285714285714285,0.9428571428571428,0.9877183607646397,0.004734687294278826,0.01953085543853896,0.963368825791186,0.6142857142857143,0.9868132310254233,0.9650310528697928,70,4830
2,resnet18,pretrained,gs0,adaptive,train,gs0,1337,5,1,slice_level,0.6711711711711712,0.8918918918918919,0.968651682138443,0.004102068441408174,0.0027480132354482135,0.9019989956172388,0.2828828828828829,0.9547577769369693,0.8679060980006381,1110,44400
2,resnet18,pretrained,gs0,adaptive,train,gs0,1337,5,1,subject_level,0.7477477477477478,0.918918918918919,0.9741062414538753,0.005857728086076341,0.011739458297253461,0.9503908641428515,0.45495495495495497,0.9728080138966844,0.8844585323344917,222,49062
2,resnet18,pretrained,gs0,adaptive,test,gs0,1337,5,1,slice_level,0.8405797101449275,0.8985507246376812,0.9652334840401359,0.004470247289408808,0.0068752324762011785,0.8444103129594623,0.2579710144927536,0.9496177051378333,0.8947788100484488,345,13800
2,resnet18,pretrained,gs0,adaptive,test,gs0,1337,5,1,subject_level,0.7971014492753623,0.9565217391304348,0.9716835324315057,0.008099796115488245,0.02920985902133195,0.9112519614020782,0.37681159420289856,0.9701810116353242,0.9143990566485577,69,4692
2,resnet18,pretrained,gs0,blind,train,raw,1337,5,1,slice_level,0.7972972972972973,0.8873873873873874,0.9855149906497818,0.005097958955678854,0.0016196368294684133,0.8734176000324649,0.4045045045045045,0.9699018365091032,0.9434249020629638,1110,44400
2,resnet18,pretrained,gs0,blind,train,raw,1337,5,1,subject_level,0.6576576576576577,0.8558558558558559,0.9840130040774474,0.004475122636502927,0.006735394893398693,0.9516394681339038,0.5630630630630631,0.9819098850628277,0.9550529581056398,222,49062
2,resnet18,pretrained,gs0,blind,test,raw,1337,5,1,slice_level,0.8695652173913043,0.927536231884058,0.9856663130331731,0.005988114985866823,0.005198913926690601,0.8482515227893301,0.3652173913043478,0.9693531267884848,0.9435197574591291,345,13800
2,resnet18,pretrained,gs0,blind,test,raw,1337,5,1,subject_level,0.7391304347826086,0.8840579710144928,0.9829826380895532,0.005681451680003733,0.021205069119299667,0.9321200439848277,0.5652173913043478,0.9816547468088676,0.9554282191820055,69,4692
3,resnet18,pretrained,gs0,adaptive,train,gs0,1337,5,1,slice_level,0.7252252252252253,0.8783783783783784,0.878780123618272,0.0162838305438961,0.0061351637941206225,0.9041776032789546,0.41081081081081083,0.829014410575231,0.7345076293538552,1110,44400
3,resnet18,pretrained,gs0,adaptive,train,gs0,1337,5,1,subject_level,0.6846846846846847,0.8648648648648649,0.898216404356398,0.017286812936937488,0.01875585513525047,0.9624744439927269,0.6261261261261262,0.8911391185210632,0.789876938630373,222,49062
3,resnet18,pretrained,gs0,adaptive,test,gs0,1337,5,1,slice_level,0.8695652173913043,0.9710144927536232,0.8766542914984883,0.01757112361382747,0.01707169317734846,0.8935410628019324,0.45507246376811594,0.827589528111444,0.7413090090734371,345,13800
3,resnet18,pretrained,gs0,adaptive,test,gs0,1337,5,1,subject_level,0.8115942028985508,0.927536231884058,0.8956075595772784,0.023531214050624683,0.0510490707297256,0.969636878065656,0.7101449275362319,0.8916933450145997,0.7990863722608522,69,4692
3,resnet18,pretrained,gs0,blind,train,raw,1337,5,1,slice_level,0.7297297297297297,0.8198198198198198,0.9630329230347195,0.011000102704709715,0.0028204394332426892,0.8473336884181478,0.30720720720720723,0.9264195651084454,0.8789702810400778,1110,44400
3,resnet18,pretrained,gs0,blind,train,raw,1337,5,1,subject_level,0.5315315315315315,0.7567567567567568,0.9610962352237186,0.008303023136413849,0.009508354090120609,0.9395932100622085,0.4594594594594595,0.9550765038610579,0.906338976321114,222,49062
3,resnet18,pretrained,gs0,blind,test,raw,1337,5,1,slice_level,0.8695652173913043,0.9565217391304348,0.9649634534034176,0.012302018594050753,0.008844771759881489,0.8380426381012392,0.34492753623188405,0.928277039355126,0.8819781581647155,345,13800
3,resnet18,pretrained,gs0,blind,test,raw,1337,5,1,subject_level,0.6956521739130435,0.8840579710144928,0.9616475925929304,0.011480582797009012,0.0291143295665582,0.9399872740526581,0.463768115942029,0.9575700993123262,0.9098535789349906,69,4692
4,resnet18,pretrained,gs0,adaptive,train,gs0,1337,5,1,slice_level,0.7612612612612613,0.9009009009009009,0.8732021319436597,0.01570812673182101,0.006489713941616853,0.9034920055190325,0.42882882882882883,0.8201641444687371,0.7259247252143718,1110,44400
4,resnet18,pretrained,gs0,adaptive,train,gs0,1337,5,1,subject_level,0.7117117117117117,0.8828828828828829,0.8938391624807237,0.017919307356482155,0.01905623746633127,0.9706344169778192,0.6756756756756757,0.8873392824117128,0.7857878677142118,222,49062
4,resnet18,pretrained,gs0,adaptive,test,gs0,1337,5,1,slice_level,0.7971014492753623,0.8985507246376812,0.8688528952391251,0.020924880020860313,0.020051832358096388,0.9066477630749843,0.37971014492753624,0.8139864805815876,0.7237229690992314,345,13800
4,resnet18,pretrained,gs0,adaptive,test,gs0,1337,5,1,subject_level,0.7391304347826086,0.9130434782608695,0.8876544271690258,0.023210854633994724,0.055700791621769684,0.9706067682271396,0.6666666666666666,0.8812677929366844,0.783532063483887,69,4692
4,resnet18,pretrained,gs0,blind,train,raw,1337,5,1,slice_level,0.7162162162162162,0.8333333333333334,0.961715792750453,0.010415745748055948,0.0030206023691314366,0.8284612957552147,0.32432432432432434,0.9212103494652757,0.8732913326774094,1110,44400
4,resnet18,pretrained,gs0,blind,train,raw,1337,5,1,subject_level,0.5765765765765766,0.7702702702702703,0.9587048544540061,0.008574391807521786,0.009732386514729073,0.928497165381108,0.481981981981982,0.9519376397669852,0.9024044585662409,222,49062
4,resnet18,pretrained,gs0,blind,test,raw,1337,5,1,slice_level,0.782608695652174,0.8985507246376812,0.9625686657601509,0.014562069505885027,0.009671613202848728,0.8174963243016173,0.26956521739130435,0.9194720116214475,0.8745490911646165,345,13800
4,resnet18,pretrained,gs0,blind,test,raw,1337,5,1,subject_level,0.5507246376811594,0.855072463768116,0.9561480093693387,0.00927039851313052,0.029266385172588238,0.9381000037065866,0.34782608695652173,0.9507169663042262,0.9042883890491211,69,4692
0,resnet18,pretrained,gs10,adaptive,train,gs10,1337,5,1,slice_level,0.47058823529411764,0.7330316742081447,0.9565408391650446,0.0035529543911170095,0.003431627043307974,0.8870430887983456,0.20995475113122172,0.9340713070528539,0.8340971281005246,1105,44200
0,resnet18,pretrained,gs10,adaptive,train,gs10,1337,5,1,subject_level,0.5565610859728507,0.751131221719457,0.9649844514838172,0.004914100892942955,0.01436190974237018,0.9323254400643275,0.3076923076923077,0.9597041830757624,0.857093758332489,221,48620
0,resnet18,pretrained,gs10,adaptive,test,gs10,1337,5,1,slice_level,0.6142857142857143,0.8142857142857143,0.9524020390851157,0.005154226507459368,0.00909848015622369,0.8739034693877551,0.21142857142857144,0.9287081388064793,0.8518715334023748,350,14000
0,resnet18,pretrained,gs10,adaptive,test,gs10,1337,5,1,subject_level,0.5857142857142857,0.8571428571428571,0.9608037335532053,0.006434140035084315,0.0371894187693085,0.9331115054717539,0.37142857142857144,0.9563898614474705,0.8771156192936512,70,4830
0,resnet18,pretrained,gs10,blind,train,raw,1337,5,1,slice_level,0.8552036199095022,0.918552036199095,0.9966380838894736,0.0015171631428990428,0.0011314141545107597,0.9060300260027435,0.4660633484162896,0.991860590477335,0.9807450488735647,1105,44200
0,resnet18,pretrained,gs10,blind,train,raw,1337,5,1,subject_level,0.7149321266968326,0.832579185520362,0.9958522694682643,0.0019475208148697382,0.00533904742483235,0.9742651479476073,0.6968325791855203,0.9952311122039864,0.9841043365303257,221,48620
0,resnet18,pretrained,gs10,blind,test,raw,1337,5,1,slice_level,0.9142857142857143,0.9571428571428572,0.9967020077364785,0.001708873680659703,0.0035809290029906802,0.8975711224489796,0.4742857142857143,0.9921347892284393,0.9804705562804427,350,14000
0,resnet18,pretrained,gs10,blind,test,raw,1337,5,1,subject_level,0.8,0.9142857142857143,0.9957189730235508,0.0022292469229016985,0.016923482157289983,0.9591259982253773,0.6285714285714286,0.9952195627348763,0.9835023892715604,70,4830
1,resnet18,pretrained,gs10,adaptive,train,gs10,1337,5,1,slice_level,0.43891402714932126,0.7013574660633484,0.8488050963544198,0.009911684159240031,0.004648818945242471,0.8685693781863599,0.22081447963800904,0.7993811297740332,0.7244937172019643,1105,44200
1,resnet18,pretrained,gs10,adaptive,train,gs10,1337,5,1,subject_level,0.5067873303167421,0.7420814479638009,0.8808855686791882,0.012035687584682826,0.015046600863438656,0.9369443705083844,0.40271493212669685,0.8715322325132552,0.789562696641436,221,48620
1,resnet18,pretrained,gs10,adaptive,test,gs10,1337,5,1,slice_level,0.6,0.8428571428571429,0.8412464252540044,0.011639925411769322,0.012685925134324602,0.863267857142857,0.23714285714285716,0.7944728328500476,0.7294987894211497,350,14000
1,resnet18,pretrained,gs10,adaptive,test,gs10,1337,5,1,subject_level,0.6142857142857143,0.9,0.8758565928254809,0.016839873790740967,0.03969895342098815,0.9421206743566992,0.38571428571428573,0.8697549939155579,0.7986435320313179,70,4830
1,resnet18,pretrained,gs10,blind,train,raw,1337,5,1,slice_level,0.8099547511312217,0.8642533936651584,0.9936680230080273,0.0023986117332769194,0.0012599569160651365,0.8469789316353064,0.39638009049773754,0.9848737246849958,0.9698852367328303,1105,44200
1,resnet18,pretrained,gs10,blind,train,raw,1337,5,1,subject_level,0.6108597285067874,0.755656108597285,0.9924816872199737,0.002489899078645318,0.0057118969349974425,0.9227450949370035,0.5610859728506787,0.9908435190964608,0.9758088694585787,221,48620
1,resnet18,pretrained,gs10,blind,test,raw,1337,5,1,slice_level,0.8571428571428571,0.9285714285714286,0.9928335521902357,0.003028996501650129,0.003986267283159707,0.8494302040816327,0.4085714285714286,0.9833415050165993,0.968952826840537,350,14000
1,resnet18,pretrained,gs10,blind,test,raw,1337,5,1,subject_level,0.7142857142857143,0.8571428571428571,0.9910579076835088,0.003532465866633824,0.017754150288445607,0.9321413782904466,0.5571428571428572,0.9899518549442291,0.9754505942820515,70,4830
2,resnet18,pretrained,gs10,adaptive,train,gs10,1337,5,1,slice_level,0.45045045045045046,0.6981981981981982,0.8603984622267989,0.009601346544317296,0.004573134770449083,0.8572938580472365,0.23333333333333334,0.8086046349357914,0.7348775514383037,1110,44400
2,resnet18,pretrained,gs10,adaptive,train,gs10,1337,5,1,subject_level,0.42792792792792794,0.7522522522522522,0.8894134333004823,0.010343374701233598,0.014660016918840172,0.935790198906256,0.3963963963963964,0.8786585102747152,0.7986201723725227,222,49062
2,resnet18,pretrained,gs10,adaptive,test,gs10,1337,5,1,slice_level,0.6376811594202898,0.855072463768116,0.8601174734640813,0.011909350968789364,0.01349420985881833,0.8484092627599242,0.1826086956521739,0.8111096226650736,0.7414593565939129,345,13800
2,resnet18,pretrained,gs10,adaptive,test,gs10,1337,5,1,subject_level,0.6086956521739131,0.855072463768116,0.8886834486671116,0.014722788679426994,0.04163875600889973,0.9330605903356932,0.391304347826087,0.8819931235866271,0.8061590784650934,69,4692
2,resnet18,pretrained,gs10,blind,train,raw,1337,5,1,slice_level,0.7927927927927928,0.9009009009009009,0.9942855453706002,0.0023323576729576867,0.001232456975943736,0.8477477680383085,0.38288288288288286,0.9857915780028781,0.9718157158228191,1110,44400
2,resnet18,pretrained,gs10,blind,train,raw,1337,5,1,subject_level,0.6171171171171171,0.7657657657657657,0.9930176871853906,0.002098554426485354,0.005598964217865655,0.9310251305481829,0.5495495495495496,0.9914816242080551,0.9774680857355929,222,49062
2,resnet18,pretrained,gs10,blind,test,raw,1337,5,1,slice_level,0.7971014492753623,0.8985507246376812,0.9940062908158787,0.002166186553844507,0.0038843884679448347,0.8255560806553244,0.3884057971014493,0.9855344292046367,0.9727088602081589,345,13800
2,resnet18,pretrained,gs10,blind,test,raw,1337,5,1,subject_level,0.7101449275362319,0.8405797101449275,0.9927544429682303,0.0027530279712400575,0.017640760438381763,0.9103917244276412,0.5362318840579711,0.9913587812064351,0.9784987042423811,69,4692
3,resnet18,pretrained,gs10,adaptive,train,gs10,1337,5,1,slice_level,0.5225225225225225,0.7612612612612613,0.9085781227897953,0.0072114172282519646,0.0045560709985291905,0.893865280821362,0.2648648648648649,0.8715449744516665,0.7689156282471644,1110,44400
3,resnet18,pretrained,gs10,adaptive,train,gs10,1337,5,1,subject_level,0.5225225225225225,0.7477477477477478,0.9270760492161587,0.008356957285253852,0.016345206186645204,0.9427789658314302,0.38288288288288286,0.9197553629810745,0.8115841311620425,222,49062
3,resnet18,pretrained,gs10,adaptive,test,gs10,1337,5,1,slice_level,0.6956521739130435,0.9130434782608695,0.9040756536566693,0.010598323483397995,0.01217958094228221,0.8698847931106911,0.32753623188405795,0.8654681326686472,0.7876866087015124,345,13800
3,resnet18,pretrained,gs10,adaptive,test,gs10,1337,5,1,subject_level,0.6376811594202898,0.8405797101449275,0.9225710958674334,0.011666157107422317,0.042004618550772255,0.9491116547438131,0.43478260869565216,0.916875409907189,0.8342612900748175,69,4692
3,resnet18,pretrained,gs10,blind,train,raw,1337,5,1,slice_level,0.8108108108108109,0.9009009009009009,0.9929619281141607,0.002842426300048828,0.0012896198990150682,0.8492515015015015,0.3837837837837838,0.982993848957457,0.967174537998062,1110,44400
3,resnet18,pretrained,gs10,blind,train,raw,1337,5,1,subject_level,0.6396396396396397,0.8018018018018018,0.9915217061837515,0.0025122130776310827,0.005761606927105301,0.9372756791278254,0.5585585585585585,0.9897782649542834,0.9738848477663964,222,49062
3,resnet18,pretrained,gs10,blind,test,raw,1337,5,1,slice_level,0.8985507246376812,0.9565217391304348,0.9932307203610738,0.0030120386593583703,0.004142967187732026,0.8277763074984248,0.4434782608695652,0.982759442191193,0.9672104645077733,345,13800
3,resnet18,pretrained,gs10,blind,test,raw,1337,5,1,subject_level,0.7246376811594203,0.8405797101449275,0.9914415625558384,0.0034846257472383804,0.018325460426833317,0.9192890766892768,0.5507246376811594,0.9899798312048981,0.9743656301767727,69,4692
4,resnet18,pretrained,gs10,adaptive,train,gs10,1337,5,1,slice_level,0.5585585585585585,0.7882882882882883,0.9374072361099828,0.005137021477158005,0.0032092508821127317,0.8850711589968348,0.2765765765765766,0.9125138775185422,0.8357291590509651,1110,44400
4,resnet18,pretrained,gs10,adaptive,train,gs10,1337,5,1,subject_level,0.581081081081081,0.8243243243243243,0.9508469926344382,0.007057701145206486,0.012673134374356753,0.9414399724415621,0.44594594594594594,0.9465412223661268,0.8674102842778613,222,49062
4,resnet18,pretrained,gs10,adaptive,test,gs10,1337,5,1,slice_level,0.5942028985507246,0.855072463768116,0.9284769996352817,0.00684886047805565,0.009188579159208399,0.8693101239235456,0.17101449275362318,0.901262376792189,0.8369399384139241,345,13800
4,resnet18,pretrained,gs10,adaptive,test,gs10,1337,5,1,subject_level,0.5652173913043478,0.855072463768116,0.9413994196532429,0.009227632612421892,0.035106690681498985,0.9246759825543325,0.30434782608695654,0.9376203884249148,0.8708317717195878,69,4692
4,resnet18,pretrained,gs10,blind,train,raw,1337,5,1,slice_level,0.8423423423423423,0.918918918918919,0.9947062140112525,0.002068804728018271,0.0012124924105592072,0.854143920947975,0.43243243243243246,0.986866941537943,0.9734719628229872,1110,44400
4,resnet18,pretrained,gs10,blind,train,raw,1337,5,1,subject_level,0.6486486486486487,0.7792792792792793,0.9935571744635299,0.0020767275814537528,0.005542117890457178,0.9418295787532671,0.6126126126126126,0.9922257782639684,0.9787723912159029,222,49062
4,resnet18,pretrained,gs10,blind,test,raw,1337,5,1,slice_level,0.8695652173913043,0.9710144927536232,0.9945553843525873,0.0028899873512378636,0.003986875631212109,0.8616084856122663,0.37681159420289856,0.9864377804424451,0.9716272581746612,345,13800
4,resnet18,pretrained,gs10,blind,test,raw,1337,5,1,subject_level,0.6956521739130435,0.927536231884058,0.9925891541052556,0.0026719924332439036,0.018038409532628197,0.9437247488787576,0.5797101449275363,0.9916407051293746,0.9767832571969313,69,4692
0,resnet18,pretrained,gs20,adaptive,train,gs20,1337,5,1,slice_level,0.416289592760181,0.6877828054298643,0.8704782562557928,0.008212854959306674,0.004397847699169997,0.875342427468725,0.21990950226244343,0.8244895931282734,0.7470037419143306,1105,44200
0,resnet18,pretrained,gs20,adaptive,train,gs20,1337,5,1,subject_level,0.46153846153846156,0.6968325791855203,0.8988340289344615,0.008845243249004243,0.014672382941208274,0.9367433006174022,0.334841628959276,0.8890808356833134,0.8056438932370766,221,48620
0,resnet18,pretrained,gs20,adaptive,test,gs20,1337,5,1,slice_level,0.5,0.8142857142857143,0.8657349867480142,0.011424314975738526,0.01163313225177782,0.8612467346938776,0.24857142857142858,0.8244497110162462,0.7571130165244851,350,14000
0,resnet18,pretrained,gs20,adaptive,test,gs20,1337,5,1,subject_level,0.5857142857142857,0.8857142857142857,0.8947572571890695,0.010782596894672938,0.038625920856637616,0.9403815439219166,0.35714285714285715,0.8895502005304609,0.8168212072326037,70,4830
0,resnet18,pretrained,gs20,blind,train,raw,1337,5,1,slice_level,0.8099547511312217,0.9049773755656109,0.9957589240095734,0.001985524035147412,0.0012003422232252036,0.8669739460699003,0.4253393665158371,0.9884764118971329,0.975487432362537,1105,44200
0,resnet18,pretrained,gs20,blind,train,raw,1337,5,1,subject_level,0.6515837104072398,0.7737556561085973,0.9945416029761819,0.0020292978480930244,0.005529401467784363,0.9505762204258346,0.6153846153846154,0.9932101379692285,0.9802116635207627,221,48620
0,resnet18,pretrained,gs20,blind,test,raw,1337,5,1,slice_level,0.9,0.9714285714285714,0.9958396392209189,0.0024525480610983713,0.0037712605404002326,0.8721103061224489,0.45714285714285713,0.9890143978595733,0.9758303693149771,350,14000
0,resnet18,pretrained,gs20,blind,test,raw,1337,5,1,subject_level,0.7142857142857143,0.8571428571428571,0.9942045058522906,0.002375636781964983,0.01734978383673089,0.9458192842354334,0.6285714285714286,0.9933935327189309,0.980183174002985,70,4830
1,resnet18,pretrained,gs20,adaptive,train,gs20,1337,5,1,slice_level,0.34841628959276016,0.6108597285067874,0.9052051197889164,0.006341044719402607,0.004507631852557014,0.8468700579431215,0.17375565610859728,0.8561479827936957,0.7672970422144929,1105,44200
1,resnet18,pretrained,gs20,adaptive,train,gs20,1337,5,1,subject_level,0.37104072398190047,0.5882352941176471,0.9248091446328487,0.006310125821316404,0.01562311145481211,0.9081141310113895,0.2579185520361991,0.9097913511737978,0.8157382297864033,221,48620
1,resnet18,pretrained,gs20,adaptive,test,gs20,1337,5,1,slice_level,0.38571428571428573,0.6857142857142857,0.8936436789376395,0.008335756404059274,0.011897714708798699,0.8140708163265306,0.16,0.842836548941476,0.7711264400184155,350,14000
1,resnet18,pretrained,gs20,adaptive,test,gs20,1337,5,1,subject_level,0.42857142857142855,0.6571428571428571,0.9141789419310433,0.008910920790263585,0.039802560822239944,0.9053978112984323,0.2571428571428571,0.9013803660869598,0.8253840569260205,70,4830
1,resnet18,pretrained,gs20,blind,train,raw,1337,5,1,slice_level,0.7104072398190046,0.8144796380090498,0.9946552679549515,0.00189130851046532,0.0012333505603640733,0.8503803566675538,0.3773755656108597,0.9864688569604002,0.9723548636636044,1105,44200
1,resnet18,pretrained,gs20,blind,train,raw,1337,5,1,subject_level,0.5701357466063348,0.7058823529411765,0.993511274659256,0.0020238929744219886,0.005653644484210743,0.9280152573005913,0.5475113122171946,0.9916933456697076,0.9775782959064502,221,48620
1,resnet18,pretrained,gs20,blind,test,raw,1337,5,1,slice_level,0.7857142857142857,0.8857142857142857,0.9945235311985016,0.0028747388294764926,0.003961191632385765,0.8493644897959184,0.3742857142857143,0.9851160790239062,0.9709991136831897,350,14000
1,resnet18,pretrained,gs20,blind,test,raw,1337,5,1,subject_level,0.7,0.8285714285714286,0.9926932224205562,0.0028049324240003314,0.017797731661370823,0.9305175983436853,0.6142857142857143,0.9911011065755572,0.9768515653985381,70,4830
2,resnet18,pretrained,gs20,adaptive,train,gs20,1337,5,1,slice_level,0.40540540540540543,0.6126126126126126,0.9595734670355514,0.0028893805301941195,0.002794919552822673,0.863330421637854,0.1864864864864865,0.9410179461444821,0.8557156848947745,1110,44400
2,resnet18,pretrained,gs20,adaptive,train,gs20,1337,5,1,subject_level,0.4864864864864865,0.7342342342342343,0.9677366458617889,0.00391123745892499,0.011774148085146202,0.9111342754029558,0.30180180180180183,0.9639779364203548,0.8768067402931214,222,49062
2,resnet18,pretrained,gs20,adaptive,test,gs20,1337,5,1,slice_level,0.391304347826087,0.7391304347826086,0.9577481245649033,0.003945208114126454,0.006776770448609107,0.8184473850031506,0.15072463768115943,0.9384813251702682,0.8892480251409005,345,13800
2,resnet18,pretrained,gs20,adaptive,test,gs20,1337,5,1,subject_level,0.5652173913043478,0.8405797101449275,0.9663458907085917,0.005251989848371865,0.028340152370325035,0.8925769425602629,0.21739130434782608,0.9634356973827749,0.9129785902207465,69,4692
2,resnet18,pretrained,gs20,blind,train,raw,1337,5,1,slice_level,0.8783783783783784,0.9459459459459459,0.9957008313488316,0.0021262877696269266,0.0012250481564593544,0.9093807320834348,0.5207207207207207,0.9892275840849489,0.9737260655105651,1110,44400
2,resnet18,pretrained,gs20,blind,train,raw,1337,5,1,subject_level,0.7477477477477478,0.8603603603603603,0.9944559695484402,0.002462760822193043,0.005666828061965806,0.9710662111298042,0.7252252252252253,0.9936206703250473,0.9780663462574184,222,49062
2,resnet18,pretrained,gs20,blind,test,raw,1337,5,1,slice_level,0.9130434782608695,0.9710144927536232,0.9957664565763612,0.0020147078279135885,0.0038256848507655272,0.9001010291955472,0.4608695652173913,0.9898742492648138,0.9757861653013505,345,13800
2,resnet18,pretrained,gs20,blind,test,raw,1337,5,1,subject_level,0.8260869565217391,0.9565217391304348,0.9946269012879634,0.0032013075939123182,0.01773462576818639,0.971320286148486,0.6956521739130435,0.9942386521809343,0.9800267111436993,69,4692
3,resnet18,pretrained,gs20,adaptive,train,gs20,1337,5,1,slice_level,0.35585585585585583,0.5945945945945946,0.9807065991131035,0.0014222785159274263,0.002769473738242612,0.8270342403214025,0.10540540540540541,0.9669571841622258,0.8541475994723874,1110,44400
3,resnet18,pretrained,gs20,adaptive,train,gs20,1337,5,1,subject_level,0.4144144144144144,0.5990990990990991,0.9842450575785594,0.001917668291040369,0.012555297199838064,0.8708355230612782,0.13963963963963963,0.9796902851478474,0.8656041248584998,222,49062
3,resnet18,pretrained,gs20,adaptive,test,gs20,1337,5,1,slice_level,0.43478260869565216,0.6956521739130435,0.9771590915279112,0.002145353434742361,0.0063969435615708,0.7724777357697961,0.1072463768115942,0.9552251675854558,0.9062067948346553,345,13800
3,resnet18,pretrained,gs20,adaptive,test,gs20,1337,5,1,subject_level,0.4057971014492754,0.6086956521739131,0.9812066330425981,0.0027346161828524823,0.028451336412758068,0.8471573569566453,0.14492753623188406,0.9738811116287673,0.9243955048021859,69,4692
3,resnet18,pretrained,gs20,blind,train,raw,1337,5,1,slice_level,0.8198198198198198,0.9099099099099099,0.9963239568310815,0.0017440544592367637,0.0011712939080966822,0.8665428333739145,0.44504504504504505,0.9897841422944456,0.9775865534243283,1110,44400
3,resnet18,pretrained,gs20,blind,train,raw,1337,5,1,subject_level,0.6036036036036037,0.8063063063063063,0.9950436184535155,0.0017864577942066364,0.005444225343363779,0.9469970153594955,0.6126126126126126,0.9937927757834529,0.9814999973293834,222,49062
3,resnet18,pretrained,gs20,blind,test,raw,1337,5,1,slice_level,0.927536231884058,0.9565217391304348,0.9963131633357726,0.0017718379048333652,0.003725032787770033,0.8578525519848771,0.4927536231884058,0.9898118546043617,0.9781076439351275,345,13800
3,resnet18,pretrained,gs20,blind,test,raw,1337,5,1,subject_level,0.7246376811594203,0.8405797101449275,0.9949649442797122,0.002327687498452007,0.017272373904352604,0.9301740860175198,0.6521739130434783,0.9939374146254166,0.9822642943692431,69,4692
4,resnet18,pretrained,gs20,adaptive,train,gs20,1337,5,1,slice_level,0.36936936936936937,0.6531531531531531,0.9289493037236703,0.004896283955187411,0.0034451350729140613,0.87789086721857,0.1972972972972973,0.9003915817350955,0.816943312228263,1110,44400
4,resnet18,pretrained,gs20,adaptive,train,gs20,1337,5,1,subject_level,0.46846846846846846,0.7522522522522522,0.9441056871736372,0.005838912349563461,0.013258723714095247,0.9302146557710945,0.34684684684684686,0.9385490855118176,0.8514989853102085,222,49062
4,resnet18,pretrained,gs20,adaptive,test,gs20,1337,5,1,slice_level,0.5652173913043478,0.8695652173913043,0.9245142850322999,0.007580399513244629,0.010119686679293713,0.880067422810334,0.20869565217391303,0.8950914135877637,0.8217240832983583,345,13800
4,resnet18,pretrained,gs20,adaptive,test,gs20,1337,5,1,subject_level,0.6231884057971014,0.8985507246376812,0.9389478676560996,0.008910839972288712,0.03799664596284645,0.9403733768239495,0.34782608695652173,0.9349831264951954,0.858563080379217,69,4692
4,resnet18,pretrained,gs20,blind,train,raw,1337,5,1,slice_level,0.8558558558558559,0.9054054054054054,0.9952591810677502,0.002128401318111935,0.001220575664905613,0.8889916605794983,0.47297297297297297,0.9881937764249407,0.9735813186176725,1110,44400
4,resnet18,pretrained,gs20,blind,train,raw,1337,5,1,subject_level,0.6891891891891891,0.8288288288288288,0.9940452632066366,0.0023194022543795473,0.005615784440541992,0.9572921337627219,0.6756756756756757,0.9929875742207777,0.978287743155836,222,49062
4,resnet18,pretrained,gs20,blind,test,raw,1337,5,1,slice_level,0.8985507246376812,0.9565217391304348,0.9950600603352422,0.0026998416237209153,0.003962200695135887,0.8866707624448646,0.4782608695652174,0.9878259928330131,0.9726577790362247,345,13800
4,resnet18,pretrained,gs20,blind,test,raw,1337,5,1,subject_level,0.7536231884057971,0.8985507246376812,0.9935575697733008,0.0031809392182723336,0.018182099054473034,0.9528182413482091,0.6956521739130435,0.9925458310306936,0.9772910780486955,69,4692
0,resnet18,pretrained,gs30,adaptive,train,gs30,1337,5,1,slice_level,0.35294117647058826,0.5927601809954751,0.873729919686037,0.007141723622024329,0.003961419774118255,0.8691214860465593,0.18371040723981902,0.8321833165522614,0.7581039585773222,1105,44200
0,resnet18,pretrained,gs30,adaptive,train,gs30,1337,5,1,subject_level,0.45701357466063347,0.7194570135746606,0.902469194043276,0.007916533029996432,0.013620840676331143,0.9288663492483029,0.3076923076923077,0.8943608484117154,0.8150012969921666,221,48620
0,resnet18,pretrained,gs30,adaptive,test,gs30,1337,5,1,slice_level,0.4714285714285714,0.8,0.8670814684459142,0.008215314149856568,0.009994828614539333,0.8347334693877552,0.18857142857142858,0.8295258186544691,0.7705986831741674,350,14000
0,resnet18,pretrained,gs30,adaptive,test,gs30,1337,5,1,subject_level,0.5571428571428572,0.9,0.8970271331923348,0.00860453758920942,0.034661980478891304,0.911049985211476,0.3,0.892050985779081,0.8284040828916104,70,4830
0,resnet18,pretrained,gs30,blind,train,raw,1337,5,1,slice_level,0.8190045248868778,0.8914027149321267,0.9952167984587035,0.0022844359346104962,0.001239401015465683,0.8893646628856902,0.4416289592760181,0.9876332357458399,0.9727092984075999,1105,44200
0,resnet18,pretrained,gs30,blind,train,raw,1337,5,1,subject_level,0.6742081447963801,0.8371040723981901,0.9938831901118766,0.0022595060896549828,0.005676877994629727,0.961143673999676,0.6923076923076923,0.9926462429680976,0.9776957444855825,221,48620
0,resnet18,pretrained,gs30,blind,test,raw,1337,5,1,slice_level,0.8428571428571429,0.9428571428571428,0.9952325556959425,0.002397348199571882,0.003926195859509919,0.8846981632653061,0.4657142857142857,0.9879620780263628,0.9722356140315532,350,14000
0,resnet18,pretrained,gs30,blind,test,raw,1337,5,1,subject_level,0.6857142857142857,0.9,0.9935617710862841,0.002623847552708217,0.017954251383032117,0.9547737355811889,0.6428571428571429,0.9927545768874032,0.9769704303509453,70,4830
1,resnet18,pretrained,gs30,adaptive,train,gs30,1337,5,1,slice_level,0.23076923076923078,0.4796380090497738,0.8580189050592448,0.007536893516644094,0.004503367178993325,0.8290536332179931,0.14570135746606336,0.7981308595087733,0.7329852835544094,1105,44200
1,resnet18,pretrained,gs30,adaptive,train,gs30,1337,5,1,subject_level,0.29411764705882354,0.49321266968325794,0.8886180719638842,0.007480317381172698,0.014095579358281323,0.904418558550845,0.23076923076923078,0.8705488219520086,0.7998015884372836,221,48620
1,resnet18,pretrained,gs30,adaptive,test,gs30,1337,5,1,slice_level,0.34285714285714286,0.6857142857142857,0.8441761502197811,0.009925875493458339,0.01147884886844882,0.8062686734693877,0.16285714285714287,0.7899780917167664,0.7346903943164008,350,14000
1,resnet18,pretrained,gs30,adaptive,test,gs30,1337,5,1,subject_level,0.4142857142857143,0.7,0.8786515372140067,0.009143509183611188,0.03598448847021375,0.8988583259390712,0.34285714285714286,0.8660128201757159,0.8055647354565298,70,4830
1,resnet18,pretrained,gs30,blind,train,raw,1337,5,1,slice_level,0.746606334841629,0.8687782805429864,0.9946831348794618,0.002122237132145808,0.0012738446939981024,0.8597930632050942,0.40542986425339367,0.9859464231119975,0.9701932047772731,1105,44200
1,resnet18,pretrained,gs30,blind,train,raw,1337,5,1,subject_level,0.5475113122171946,0.7104072398190046,0.9932500102401319,0.00205768368362841,0.005805682679596125,0.9332773694232306,0.5610859728506787,0.9913081750610835,0.9754191698813722,221,48620
1,resnet18,pretrained,gs30,blind,test,raw,1337,5,1,slice_level,0.8,0.8857142857142857,0.9944349808352334,0.0028953237192971366,0.004028548576336886,0.854120612244898,0.38857142857142857,0.9847644880839757,0.9695452615874154,350,14000
1,resnet18,pretrained,gs30,blind,test,raw,1337,5,1,subject_level,0.7142857142857143,0.8285714285714286,0.9925428705556052,0.003012958594730922,0.01811135762504169,0.9270511682934044,0.5714285714285714,0.9907505214214325,0.975340409604659,70,4830
2,resnet18,pretrained,gs30,adaptive,train,gs30,1337,5,1,slice_level,0.26126126126126126,0.5675675675675675,0.8402154002640698,0.00810836215276976,0.004374973212687617,0.8598350580310039,0.1945945945945946,0.7871743504528527,0.7190181105228157,1110,44400
2,resnet18,pretrained,gs30,adaptive,train,gs30,1337,5,1,subject_level,0.4144144144144144,0.6981981981981982,0.8753366980466757,0.007150952611957585,0.01371363010928706,0.9356923267893061,0.32882882882882886,0.8640507354929641,0.7891544134772065,222,49062
2,resnet18,pretrained,gs30,adaptive,test,gs30,1337,5,1,slice_level,0.4927536231884058,0.7971014492753623,0.8366109029106472,0.010734051897905874,0.011988263496238253,0.8373132745221593,0.16231884057971013,0.7888681831567184,0.7271697511664336,345,13800
2,resnet18,pretrained,gs30,adaptive,test,gs30,1337,5,1,subject_level,0.5797101449275363,0.8115942028985508,0.8753209364586982,0.011848447115524956,0.03827608803260154,0.9134234033878201,0.34782608695652173,0.8668588261673416,0.7989975756696422,69,4692
2,resnet18,pretrained,gs30,blind,train,raw,1337,5,1,slice_level,0.7837837837837838,0.8963963963963963,0.9941297871572478,0.002675507251206819,0.001373670881442088,0.865696798149501,0.42162162162162165,0.9835123549710523,0.9635028352689099,1110,44400
2,resnet18,pretrained,gs30,blind,train,raw,1337,5,1,subject_level,0.6306306306306306,0.7657657657657657,0.9923402892576682,0.0025425223079887597,0.006129989759191065,0.9412496451447168,0.6126126126126126,0.9902027050654093,0.9700174833181353,222,49062
2,resnet18,pretrained,gs30,blind,test,raw,1337,5,1,slice_level,0.8695652173913043,0.9565217391304348,0.9941349711971007,0.002585224483324134,0.004290267794757434,0.8642160260449485,0.39420289855072466,0.9847761207732602,0.965438260578591,345,13800
2,resnet18,pretrained,gs30,blind,test,raw,1337,5,1,subject_level,0.782608695652174,0.855072463768116,0.9923136113346487,0.0035710110180619836,0.019187326448551124,0.9396536812582627,0.6811594202898551,0.9912763091101162,0.9718652134102223,69,4692
3,resnet18,pretrained,gs30,adaptive,train,gs30,1337,5,1,slice_level,0.32882882882882886,0.6261261261261262,0.9072650450843949,0.005021034060297786,0.0033853205606794437,0.879856809512215,0.1945945945945946,0.8752025101635907,0.802949673399195,1110,44400
3,resnet18,pretrained,gs30,adaptive,train,gs30,1337,5,1,subject_level,0.4369369369369369,0.7207207207207207,0.9286153485646119,0.006319645825807039,0.012653485985120406,0.9343956130522109,0.2972972972972973,0.9220773591114594,0.8458443634978305,222,49062
3,resnet18,pretrained,gs30,adaptive,test,gs30,1337,5,1,slice_level,0.4782608695652174,0.7391304347826086,0.9013041249219922,0.0072726771451424865,0.008783007249829994,0.849777147658055,0.17971014492753623,0.8686084657475568,0.816635910242364,345,13800
3,resnet18,pretrained,gs30,adaptive,test,gs30,1337,5,1,subject_level,0.6231884057971014,0.782608695652174,0.9227563350096993,0.00799839392952297,0.031617003992415856,0.9302914612599923,0.2318840579710145,0.9179401725962542,0.8630009655731922,69,4692
3,resnet18,pretrained,gs30,blind,train,raw,1337,5,1,slice_level,0.7792792792792793,0.8783783783783784,0.9954268787358258,0.00208465204582558,0.0012148579206057565,0.8761261869978086,0.43513513513513513,0.9878761820964985,0.9740735315229442,1110,44400
3,resnet18,pretrained,gs30,blind,train,raw,1337,5,1,subject_level,0.6261261261261262,0.8153153153153153,0.9940001865228018,0.0018966563113100893,0.00557852985949868,0.9456201493164926,0.6486486486486487,0.9926323238256816,0.9787820259576946,222,49062
3,resnet18,pretrained,gs30,blind,test,raw,1337,5,1,slice_level,0.9130434782608695,0.927536231884058,0.9957119554713152,0.00226920497590217,0.0038668749064369044,0.8562276832598195,0.46956521739130436,0.987863612693289,0.9749692158984101,345,13800
3,resnet18,pretrained,gs30,blind,test,raw,1337,5,1,subject_level,0.7681159420289855,0.855072463768116,0.9938177414562391,0.0026965642320937004,0.01757816873166872,0.9338003632454872,0.6376811594202898,0.9928293452746626,0.9799148398058494,69,4692
4,resnet18,pretrained,gs30,adaptive,train,gs30,1337,5,1,slice_level,0.27927927927927926,0.5495495495495496,0.8427963954908354,0.007714662465963278,0.003982552766657292,0.8252823938803668,0.15855855855855855,0.789361141608642,0.7292779883782606,1110,44400
4,resnet18,pretrained,gs30,adaptive,train,gs30,1337,5,1,subject_level,0.36036036036036034,0.6306306306306306,0.8790771912884068,0.008187346093289487,0.012617532304395829,0.9121173576658472,0.3063063063063063,0.8668872356951773,0.8010798174810295,222,49062
4,resnet18,pretrained,gs30,adaptive,test,gs30,1337,5,1,slice_level,0.43478260869565216,0.6666666666666666,0.8353099779806276,0.009866438914036406,0.01226238855768157,0.8251908212560387,0.1391304347826087,0.7859797828439353,0.7245695273945297,345,13800
4,resnet18,pretrained,gs30,adaptive,test,gs30,1337,5,1,subject_level,0.5072463768115942,0.782608695652174,0.8715248272038888,0.009574700092923815,0.0386135531184466,0.9034032642672696,0.18840579710144928,0.8618321479230687,0.7946943389307406,69,4692
4,resnet18,pretrained,gs30,blind,train,raw,1337,5,1,slice_level,0.7612612612612613,0.8648648648648649,0.9941111717138205,0.002321313093374441,0.0012887079024326627,0.8544130752373995,0.40540540540540543,0.9844242995386725,0.9684403271167665,1110,44400
4,resnet18,pretrained,gs30,blind,train,raw,1337,5,1,subject_level,0.5855855855855856,0.7477477477477478,0.9925755826202599,0.0021080103543427613,0.005786426015080766,0.939844959916502,0.6126126126126126,0.990728840903119,0.9746687778124317,222,49062
4,resnet18,pretrained,gs30,blind,test,raw,1337,5,1,slice_level,0.782608695652174,0.9130434782608695,0.9940966540488644,0.003459025120389634,0.004301705444906501,0.8675323461457678,0.4057971014492754,0.9841992537180583,0.9656771452919296,345,13800
4,resnet18,pretrained,gs30,blind,test,raw,1337,5,1,subject_level,0.7101449275362319,0.855072463768116,0.9919177449267843,0.0034427625545556994,0.01919481465997903,0.9431316950220542,0.6231884057971014,0.9903565411982329,0.9716730526595266,69,4692
0,resnet18,pretrained,gs40,adaptive,train,gs40,1337,5,1,slice_level,0.2986425339366516,0.5520361990950227,0.8700567462325636,0.006344759895790756,0.0035758093852819497,0.8644120001637967,0.18733031674208145,0.8288257151707266,0.7633420093768862,1105,44200
0,resnet18,pretrained,gs40,adaptive,train,gs40,1337,5,1,subject_level,0.36199095022624433,0.669683257918552,0.9009778014135577,0.006056049021121064,0.012274313555836542,0.9267937612028643,0.27601809954751133,0.8926285119617686,0.8221929929056367,221,48620
0,resnet18,pretrained,gs40,adaptive,test,gs40,1337,5,1,slice_level,0.4,0.6857142857142857,0.864243313244411,0.007881466831479753,0.009523019580436604,0.8459180612244899,0.15428571428571428,0.8280935646806444,0.7713538988019739,350,14000
0,resnet18,pretrained,gs40,adaptive,test,gs40,1337,5,1,subject_level,0.5142857142857142,0.9,0.8969891863209861,0.008547818660736084,0.0335073302632996,0.9222330671398995,0.2714285714285714,0.8920842051506043,0.8311409361614204,70,4830
0,resnet18,pretrained,gs40,blind,train,raw,1337,5,1,slice_level,0.7828054298642534,0.8914027149321267,0.9952701850714187,0.0022133866586296807,0.0012404071483171095,0.8633193833050101,0.39819004524886875,0.9867650378343746,0.9726544469743292,1105,44200
0,resnet18,pretrained,gs40,blind,train,raw,1337,5,1,subject_level,0.6108597285067874,0.7692307692307693,0.9937122140534863,0.001973116289975956,0.005636256137584669,0.9491780378258952,0.5746606334841629,0.9921247069112855,0.9780094874917798,221,48620
0,resnet18,pretrained,gs40,blind,test,raw,1337,5,1,slice_level,0.8571428571428571,0.9285714285714286,0.9951865749699729,0.0029391893318721227,0.003914601212766554,0.8872060204081633,0.44,0.9873861948081425,0.9723718467652798,350,14000
0,resnet18,pretrained,gs40,blind,test,raw,1337,5,1,subject_level,0.7,0.9142857142857143,0.9932919987610408,0.0027856682028089253,0.017765239093984878,0.9581381248151434,0.5714285714285714,0.9924860460417612,0.9775150362379063,70,4830
1,resnet18,pretrained,gs40,adaptive,train,gs40,1337,5,1,slice_level,0.17194570135746606,0.4117647058823529,0.8374800903225377,0.0074802647888390725,0.003538414860161114,0.82725602465142,0.1411764705882353,0.7862642081614534,0.7342015785855406,1105,44200
1,resnet18,pretrained,gs40,adaptive,train,gs40,1337,5,1,subject_level,0.29411764705882354,0.5429864253393665,0.8748414745697608,0.006164908409118652,0.011352354536313412,0.9088037528082775,0.21266968325791855,0.8620201324985038,0.804970921783818,221,48620
1,resnet18,pretrained,gs40,adaptive,test,gs40,1337,5,1,slice_level,0.32857142857142857,0.6285714285714286,0.8281272275107248,0.009169090645653862,0.009578405992527093,0.8042048979591837,0.14857142857142858,0.7818645472185952,0.7363472784587315,350,14000
1,resnet18,pretrained,gs40,adaptive,test,gs40,1337,5,1,subject_level,0.45714285714285713,0.7857142857142857,0.8703838850770678,0.00856738771711077,0.03098710940352508,0.8883259390712808,0.2571428571428571,0.8618133434227535,0.8120228758509855,70,4830
1,resnet18,pretrained,gs40,blind,train,raw,1337,5,1,slice_level,0.7239819004524887,0.8642533936651584,0.9946008524204272,0.002029578340539026,0.001240046627975461,0.8604904997850167,0.3909502262443439,0.9862758199553684,0.9721013832254107,1105,44200
1,resnet18,pretrained,gs40,blind,train,raw,1337,5,1,subject_level,0.5520361990950227,0.7239819004524887,0.9932483003150284,0.0020154145508330334,0.005660447321528763,0.9369363668006201,0.5384615384615384,0.9915674668631402,0.9773022421590098,221,48620
1,resnet18,pretrained,gs40,blind,test,raw,1337,5,1,slice_level,0.8428571428571429,0.8857142857142857,0.9943737932613917,0.0028821587562561034,0.0039031600147219642,0.8562920408163265,0.3657142857142857,0.9856168629441943,0.9719022208537375,350,14000
1,resnet18,pretrained,gs40,blind,test,raw,1337,5,1,subject_level,0.6571428571428571,0.8285714285714286,0.99281513605799,0.0031539865902491977,0.01764766379658665,0.9374696835255841,0.5571428571428572,0.991448198897498,0.9776220053866289,70,4830
2,resnet18,pretrained,gs40,adaptive,train,gs40,1337,5,1,slice_level,0.19369369369369369,0.4774774774774775,0.8885874055527352,0.005147301130466633,0.0032973680508885162,0.8552503043584125,0.15045045045045044,0.8512782147338799,0.7864269945535574,1110,44400
2,resnet18,pretrained,gs40,adaptive,train,gs40,1337,5,1,subject_level,0.35585585585585583,0.6531531531531531,0.9146635231671033,0.004744718740652273,0.011860848603736575,0.9106406455373068,0.2702702702702703,0.9065866628745655,0.8380344142989044,222,49062
2,resnet18,pretrained,gs40,adaptive,test,gs40,1337,5,1,slice_level,0.391304347826087,0.6811594202898551,0.8850196936856145,0.006805407828178959,0.008260419916199602,0.7916618357487922,0.11304347826086956,0.8501154046127761,0.803489151182382,345,13800
2,resnet18,pretrained,gs40,adaptive,test,gs40,1337,5,1,subject_level,0.5362318840579711,0.782608695652174,0.9118033302003059,0.007150605104971623,0.029770023337956787,0.872697283072019,0.2608695652173913,0.9064185567524122,0.8569765294578883,69,4692
2,resnet18,pretrained,gs40,blind,train,raw,1337,5,1,slice_level,0.8243243243243243,0.9054054054054054,0.9962342298245644,0.0017090807626913259,0.0011593636119033436,0.8862705340475612,0.45045045045045046,0.9902499214485959,0.978276780607464,1110,44400
2,resnet18,pretrained,gs40,blind,train,raw,1337,5,1,subject_level,0.6441441441441441,0.8063063063063063,0.9952166996023677,0.001730604751690014,0.005410176567599043,0.9549990249513302,0.6756756756756757,0.9942383578231743,0.9821913755507141,222,49062
2,resnet18,pretrained,gs40,blind,test,raw,1337,5,1,slice_level,0.8260869565217391,0.9565217391304348,0.9960703841154126,0.0016634611115939376,0.0036380435340106487,0.8705445284604074,0.45507246376811594,0.990798252389051,0.9797596562642982,345,13800
2,resnet18,pretrained,gs40,blind,test,raw,1337,5,1,subject_level,0.8115942028985508,0.927536231884058,0.9952142998792123,0.0024686749430670256,0.017012962774522064,0.9433201131744444,0.6376811594202898,0.9947522990945457,0.9837065759700074,69,4692
3,resnet18,pretrained,gs40,adaptive,train,gs40,1337,5,1,slice_level,0.25675675675675674,0.4864864864864865,0.9709379383035608,0.0019145559620212865,0.0035703541954291295,0.8616241680870059,0.12342342342342343,0.9458736217236734,0.8173902878883454,1110,44400
3,resnet18,pretrained,gs40,adaptive,train,gs40,1337,5,1,subject_level,0.31981981981981983,0.5225225225225225,0.9767356686763935,0.002190245164407266,0.015529815569050141,0.8976298972324409,0.15765765765765766,0.9662897863366582,0.835232259689034,222,49062
3,resnet18,pretrained,gs40,adaptive,test,gs40,1337,5,1,slice_level,0.30434782608695654,0.4927536231884058,0.9651588253352953,0.0024473952210467796,0.008909609762654789,0.7938312329342575,0.1246376811594203,0.9297110600747924,0.8488815982380639,345,13800
3,resnet18,pretrained,gs40,adaptive,test,gs40,1337,5,1,subject_level,0.2753623188405797,0.4927536231884058,0.9726344753002775,0.003499006015667017,0.03842714218341786,0.8600624559842841,0.17391304347826086,0.9575876852740413,0.8746329546546388,69,4692
3,resnet18,pretrained,gs40,blind,train,raw,1337,5,1,slice_level,0.8423423423423423,0.9054054054054054,0.9978179480578449,0.0010092623598940737,0.0010842196040300165,0.8903693389335281,0.43243243243243246,0.9940199377300503,0.9846089646421574,1110,44400
3,resnet18,pretrained,gs40,blind,train,raw,1337,5,1,subject_level,0.6486486486486487,0.8198198198198198,0.9971369996264174,0.0012279453578296008,0.005192198782219543,0.9609730802099641,0.5765765765765766,0.9964700827190468,0.9870260136954371,222,49062
3,resnet18,pretrained,gs40,blind,test,raw,1337,5,1,slice_level,0.9420289855072463,0.9855072463768116,0.997873446215754,0.0011255931163179703,0.0034437038753505635,0.8781862003780718,0.48695652173913045,0.9940457086632217,0.9855002111930778,345,13800
3,resnet18,pretrained,gs40,blind,test,raw,1337,5,1,subject_level,0.782608695652174,0.8840579710144928,0.9970872514489768,0.001631145891935929,0.016475040735541912,0.9438112358995268,0.6231884057971014,0.9964404546696207,0.9878508897541124,69,4692
4,resnet18,pretrained,gs40,adaptive,train,gs40,1337,5,1,slice_level,0.2072072072072072,0.46396396396396394,0.8437686151749378,0.006881592509982822,0.004277646255276694,0.8318462990017046,0.14054054054054055,0.7891282379090249,0.7223926619326209,1110,44400
4,resnet18,pretrained,gs40,adaptive,train,gs40,1337,5,1,subject_level,0.2972972972972973,0.545045045045045,0.8802763663970672,0.006539522527574419,0.013645617199038063,0.9038332541909649,0.22972972972972974,0.8659043250320194,0.7927368751633916,222,49062
4,resnet18,pretrained,gs40,adaptive,test,gs40,1337,5,1,slice_level,0.37681159420289856,0.7101449275362319,0.8361522408499233,0.009947672270346378,0.012463643505791391,0.8253604284814114,0.11594202898550725,0.7852644400320191,0.721224398219931,345,13800
4,resnet18,pretrained,gs40,adaptive,test,gs40,1337,5,1,subject_level,0.4057971014492754,0.7971014492753623,0.8732200757316921,0.009776972342228544,0.04013722951429478,0.9010835588173518,0.15942028985507245,0.8614284033360688,0.7911452239685758,69,4692
4,resnet18,pretrained,gs40,blind,train,raw,1337,5,1,slice_level,0.7972972972972973,0.8918918918918919,0.9953368357172957,0.0018755592204429009,0.0012177132706678061,0.8620628297216135,0.41081081081081083,0.9874671864079999,0.9737263579156484,1110,44400
4,resnet18,pretrained,gs40,blind,train,raw,1337,5,1,subject_level,0.5630630630630631,0.7252252252252253,0.9940827029782373,0.0018997280984311491,0.005579241878680281,0.9478702898814187,0.5765765765765766,0.9926220951853572,0.9787946692628228,222,49062
4,resnet18,pretrained,gs40,blind,test,raw,1337,5,1,slice_level,0.8260869565217391,0.927536231884058,0.9953096664470175,0.0022708773612976074,0.003952076014104313,0.8677905902121403,0.4405797101449275,0.9873692265455274,0.9731809171731921,345,13800
4,resnet18,pretrained,gs40,blind,test,raw,1337,5,1,subject_level,0.6811594202898551,0.8695652173913043,0.9937337835629781,0.0029097104418104973,0.018057540005099945,0.945076108578277,0.6666666666666666,0.9923325206922449,0.977945199822221,69,4692
0,resnet18,pretrained,gs50,adaptive,train,gs50,1337,5,1,slice_level,0.18099547511312217,0.4117647058823529,0.8444736144121956,0.0074264485372137696,0.0038730659083846737,0.8330595708523576,0.14570135746606336,0.7927884054939132,0.7325554444104838,1105,44200
0,resnet18,pretrained,gs50,adaptive,train,gs50,1337,5,1,subject_level,0.2850678733031674,0.5882352941176471,0.8808811048037326,0.005507594050325419,0.012452387044467538,0.9048979899525549,0.26244343891402716,0.8681679869669056,0.8024825327303713,221,48620
0,resnet18,pretrained,gs50,adaptive,test,gs50,1337,5,1,slice_level,0.24285714285714285,0.6714285714285714,0.8357729102884021,0.010289334399359567,0.009448641079611011,0.8014363265306124,0.13142857142857142,0.7906292876175471,0.7441549968421459,350,14000
0,resnet18,pretrained,gs50,adaptive,test,gs50,1337,5,1,subject_level,0.35714285714285715,0.8428571428571429,0.8743134149483272,0.007426163979939052,0.03050085109259401,0.8851227447500739,0.2714285714285714,0.8663537783282144,0.8157973209029646,70,4830
0,resnet18,pretrained,gs50,blind,train,raw,1337,5,1,slice_level,0.7601809954751131,0.8823529411764706,0.9956464236138632,0.002023813411660863,0.0012178337164602466,0.8768582543354968,0.4,0.9880317547202649,0.9744906152993845,1105,44200
0,resnet18,pretrained,gs50,blind,train,raw,1337,5,1,subject_level,0.5746606334841629,0.7737556561085973,0.9943063253730671,0.0019986467663518984,0.005589706100506615,0.9560092954689707,0.6018099547511312,0.992902850133801,0.9792759037248296,221,48620
0,resnet18,pretrained,gs50,blind,test,raw,1337,5,1,slice_level,0.8285714285714286,0.9714285714285714,0.9950901338032314,0.0024064123630523683,0.0038655109304402556,0.8833098979591838,0.4057142857142857,0.9875824979373387,0.9733000866983618,350,14000
0,resnet18,pretrained,gs50,blind,test,raw,1337,5,1,subject_level,0.6857142857142857,0.9142857142857143,0.9935121425560542,0.002591601439884731,0.01770873737654516,0.945349009168885,0.6,0.9923549320016588,0.9780267953502465,70,4830
1,resnet18,pretrained,gs50,adaptive,train,gs50,1337,5,1,slice_level,0.15384615384615385,0.38009049773755654,0.8303446621377004,0.005872819488404563,0.0033347215756301964,0.8268627587477734,0.10950226244343891,0.7800778090684123,0.7313853746935792,1105,44200
1,resnet18,pretrained,gs50,adaptive,train,gs50,1337,5,1,subject_level,0.22171945701357465,0.5203619909502263,0.8725141801985141,0.00539175282776086,0.011004323236711694,0.9065011977641735,0.15384615384615385,0.8589728380220508,0.8051925812898865,221,48620
1,resnet18,pretrained,gs50,adaptive,test,gs50,1337,5,1,slice_level,0.3,0.6,0.8221198465142932,0.007058018445968628,0.00889465962536633,0.810106836734694,0.1457142857142857,0.7779402252605984,0.7361220046281814,350,14000
1,resnet18,pretrained,gs50,adaptive,test,gs50,1337,5,1,subject_level,0.44285714285714284,0.8,0.8679488905838557,0.007467672654560634,0.02914938224213464,0.9029784087548063,0.34285714285714286,0.8604260436126164,0.814163499194396,70,4830
1,resnet18,pretrained,gs50,blind,train,raw,1337,5,1,slice_level,0.7239819004524887,0.8190045248868778,0.9950138298095081,0.002125407236194179,0.0012294247317679934,0.8568947503122377,0.38552036199095024,0.986795758391937,0.9731090625554188,1105,44200
1,resnet18,pretrained,gs50,blind,train,raw,1337,5,1,subject_level,0.5656108597285068,0.7194570135746606,0.9935324990371773,0.0019614534680120546,0.005617759523415997,0.9327796039467586,0.5248868778280543,0.9918652718962587,0.9781023514719472,221,48620
1,resnet18,pretrained,gs50,blind,test,raw,1337,5,1,slice_level,0.8142857142857143,0.9,0.9946387580462864,0.0026098217282976423,0.0039015604382646937,0.8741691836734694,0.40285714285714286,0.9865770278658186,0.9721680496888502,350,14000
1,resnet18,pretrained,gs50,blind,test,raw,1337,5,1,subject_level,0.7,0.8428571428571429,0.9932259082794189,0.0034341633319854735,0.017776457805718696,0.9465246968352559,0.6142857142857143,0.9919977477618627,0.9775061581692587,70,4830
2,resnet18,pretrained,gs50,adaptive,train,gs50,1337,5,1,slice_level,0.15315315315315314,0.3963963963963964,0.897954088073593,0.004793450639054582,0.0033150302279774135,0.8265227355734112,0.12162162162162163,0.8577076045242515,0.7934786938708108,1110,44400
2,resnet18,pretrained,gs50,adaptive,train,gs50,1337,5,1,subject_level,0.25225225225225223,0.5495495495495496,0.9217569849512599,0.004685154369285515,0.012022451029855523,0.8847164701695702,0.18018018018018017,0.9107756995939994,0.843253895512203,222,49062
2,resnet18,pretrained,gs50,adaptive,test,gs50,1337,5,1,slice_level,0.2608695652173913,0.6086956521739131,0.8940021551173666,0.005584935347239177,0.00803951786129155,0.7813651543793321,0.09855072463768116,0.8591282835905103,0.8146230934797853,345,13800
2,resnet18,pretrained,gs50,adaptive,test,gs50,1337,5,1,subject_level,0.37681159420289856,0.782608695652174,0.9185575333194457,0.005795595438584038,0.02908766474844753,0.8650895140664961,0.17391304347826086,0.9124702249748119,0.8652384836299747,69,4692
2,resnet18,pretrained,gs50,blind,train,raw,1337,5,1,slice_level,0.7522522522522522,0.8693693693693694,0.997439414531261,0.0011203635383296657,0.0011080203253801006,0.8708939310932554,0.4117117117117117,0.9925547962790137,0.9826570606218265,1110,44400
2,resnet18,pretrained,gs50,blind,train,raw,1337,5,1,subject_level,0.5675675675675675,0.7612612612612613,0.9966350431377823,0.0011288923723203643,0.005254004609997611,0.9416582107361121,0.5585585585585585,0.9956088318481101,0.9856460381747701,222,49062
2,resnet18,pretrained,gs50,blind,test,raw,1337,5,1,slice_level,0.782608695652174,0.8840579710144928,0.9974106308342754,0.0011204740275507388,0.0034992733254920745,0.8814770006301198,0.3826086956521739,0.9933109183242356,0.9837649075449377,345,13800
2,resnet18,pretrained,gs50,blind,test,raw,1337,5,1,subject_level,0.7101449275362319,0.8985507246376812,0.9968946247861006,0.0017543538756992507,0.01667247059336607,0.9556506912784017,0.6666666666666666,0.9963240312493366,0.9867925602253542,69,4692
3,resnet18,pretrained,gs50,adaptive,train,gs50,1337,5,1,slice_level,0.14414414414414414,0.31981981981981983,0.8393699207284429,0.006416838985305649,0.0032901825343451658,0.8006689392094799,0.11441441441441441,0.7864718766899796,0.7411223551563851,1110,44400
3,resnet18,pretrained,gs50,adaptive,train,gs50,1337,5,1,subject_level,0.22972972972972974,0.5225225225225225,0.8779006484929506,0.005071577993599144,0.010459124676983905,0.8840547316302483,0.21621621621621623,0.8635751242573196,0.813820288235829,222,49062
3,resnet18,pretrained,gs50,adaptive,test,gs50,1337,5,1,slice_level,0.2463768115942029,0.5652173913043478,0.8346372151720352,0.0076736946036850195,0.00950381200949567,0.7658101239235454,0.10434782608695652,0.7834982125655464,0.7432260058453117,345,13800
3,resnet18,pretrained,gs50,adaptive,test,gs50,1337,5,1,subject_level,0.3188405797101449,0.6376811594202898,0.8737618413524352,0.006484577621238819,0.02978174993093463,0.8542353929599564,0.14492753623188406,0.8619613180989805,0.8182344293731558,69,4692
3,resnet18,pretrained,gs50,blind,train,raw,1337,5,1,slice_level,0.7387387387387387,0.8288288288288288,0.9950092236200968,0.0019225993671932735,0.0012432710049455767,0.8585743750507263,0.3567567567567568,0.9862849712371826,0.9719298754645898,1110,44400
3,resnet18,pretrained,gs50,blind,train,raw,1337,5,1,subject_level,0.5,0.7207207207207207,0.9936156600445241,0.0020280305866722586,0.005663706876991971,0.9389660848325396,0.5045045045045045,0.9916969129631111,0.9772485242112131,222,49062
3,resnet18,pretrained,gs50,blind,test,raw,1337,5,1,slice_level,0.9130434782608695,0.9710144927536232,0.995398980119954,0.002602886462557143,0.003996511222794652,0.8598072883847931,0.4115942028985507,0.9866253260253133,0.9721565115667772,345,13800
3,resnet18,pretrained,gs50,blind,test,raw,1337,5,1,subject_level,0.6956521739130435,0.8985507246376812,0.9933283976886583,0.002910643384076547,0.01800438669928606,0.9433448237518071,0.6376811594202898,0.9921322223069011,0.9775729767298557,69,4692
4,resnet18,pretrained,gs50,adaptive,train,gs50,1337,5,1,slice_level,0.20270270270270271,0.4144144144144144,0.8653575458505132,0.005650737264134863,0.003214006240873992,0.8280364418472526,0.12702702702702703,0.8203962639645414,0.7681379798511128,1110,44400
4,resnet18,pretrained,gs50,adaptive,train,gs50,1337,5,1,subject_level,0.22522522522522523,0.5135135135135135,0.8989098810397826,0.005121243161124152,0.010993740775177742,0.8984518485710855,0.17567567567567569,0.8870963064936904,0.8306946428842324,222,49062
4,resnet18,pretrained,gs50,adaptive,test,gs50,1337,5,1,slice_level,0.3333333333333333,0.6376811594202898,0.8540273792501809,0.00690229474634364,0.009279683954419865,0.8000489392984668,0.12753623188405797,0.8118923311648162,0.7645666027112283,345,13800
4,resnet18,pretrained,gs50,adaptive,test,gs50,1337,5,1,subject_level,0.391304347826087,0.6956521739130435,0.8895441509675288,0.007188923980878747,0.03181052156656548,0.8717551923100683,0.18840579710144928,0.8799335205036661,0.8288970180967377,69,4692
4,resnet18,pretrained,gs50,blind,train,raw,1337,5,1,slice_level,0.6621621621621622,0.8108108108108109,0.9967403156800313,0.0011177079097644703,0.0011774827888747258,0.8276695986527068,0.3117117117117117,0.9897196846502321,0.9770433506342742,1110,44400
4,resnet18,pretrained,gs50,blind,train,raw,1337,5,1,subject_level,0.47297297297297297,0.6531531531531531,0.9959672904229379,0.0012026829225522978,0.005516498211167149,0.908168364646902,0.46396396396396394,0.9939795225053221,0.9812693736387579,222,49062
4,resnet18,pretrained,gs50,blind,test,raw,1337,5,1,slice_level,0.782608695652174,0.8985507246376812,0.9966509523599044,0.0014053859572479691,0.0037226272288008013,0.8390547153959251,0.34492753623188405,0.9900663000949915,0.9783202910552854,345,13800
4,resnet18,pretrained,gs50,blind,test,raw,1337,5,1,subject_level,0.5797101449275363,0.8115942028985508,0.9954122443130051,0.001892764499222023,0.017326689581724182,0.9399270420203368,0.463768115942029,0.9943143483521282,0.9824496652337088,69,4692
0,resnet18,scratch,raw,adaptive,train,raw,1337,5,1,slice_level,0.7918552036199095,0.8687782805429864,0.9949539508754851,0.0013845271654258486,0.002205670214409843,0.8984455887471591,0.18823529411764706,0.9888555996018837,0.8367269772365352,1105,44200
0,resnet18,scratch,raw,adaptive,train,raw,1337,5,1,subject_level,0.5882352941176471,0.751131221719457,0.995035478432254,0.0013169589625224808,0.01048753719684158,0.9410837764843623,0.21266968325791855,0.993400222845207,0.8407062736283551,221,48620
0,resnet18,scratch,raw,adaptive,test,raw,1337,5,1,slice_level,0.7142857142857143,0.8142857142857143,0.9936901143618992,0.0015332511493137905,0.006604721210896969,0.8362303061224489,0.30857142857142855,0.9736558352197919,0.8961028233553682,350,14000
0,resnet18,scratch,raw,adaptive,test,raw,1337,5,1,subject_level,0.5285714285714286,0.6428571428571429,0.9933659672737122,0.0020966427666800364,0.030858309673411504,0.8870570837030464,0.44285714285714284,0.9846915245056153,0.9059636246405279,70,4830
1,resnet18,scratch,raw,adaptive,train,raw,1337,5,1,slice_level,0.7692307692307693,0.8823529411764706,0.994657549653118,0.001452514488772569,0.0021522913414698383,0.8789361294813783,0.167420814479638,0.9884639211369856,0.799731900671084,1105,44200
1,resnet18,scratch,raw,adaptive,train,raw,1337,5,1,subject_level,0.5972850678733032,0.7013574660633484,0.9947395046911628,0.001306451553672687,0.010217470845957687,0.9244377860627528,0.20361990950226244,0.9930841809484214,0.8025535290033324,221,48620
1,resnet18,scratch,raw,adaptive,test,raw,1337,5,1,slice_level,0.8142857142857143,0.8428571428571429,0.9919837244919368,0.001920339890888759,0.007770279023264136,0.8042568367346941,0.33714285714285713,0.9672469551222665,0.8895188357553312,350,14000
1,resnet18,scratch,raw,adaptive,test,raw,1337,5,1,subject_level,0.44285714285714284,0.6142857142857143,0.9918792562825339,0.0021675331251961843,0.03753174679087741,0.8571798284531204,0.38571428571428573,0.9808094024658203,0.9017111014567053,70,4830
2,resnet18,scratch,raw,adaptive,train,raw,1337,5,1,slice_level,0.8468468468468469,0.9279279279279279,0.9869437717102669,0.0029973293746913877,0.0016280762858579757,0.9236032383735088,0.4981981981981982,0.9787081285102948,0.9405789103043509,1110,44400
2,resnet18,scratch,raw,adaptive,train,raw,1337,5,1,subject_level,0.6666666666666666,0.8288288288288288,0.9886348212624455,0.0024609332149093215,0.007469472544569825,0.9702790567257976,0.6801801801801802,0.9873608702474886,0.9488499960792054,222,49062
2,resnet18,scratch,raw,adaptive,test,raw,1337,5,1,slice_level,0.8840579710144928,0.9565217391304348,0.9868808950203053,0.0029304822285970054,0.004588659157625575,0.9052130854862424,0.5507246376811594,0.978446154145227,0.9514617593262507,345,13800
2,resnet18,scratch,raw,adaptive,test,raw,1337,5,1,subject_level,0.7246376811594203,0.8985507246376812,0.9885780647181083,0.003673564696657485,0.02099975306486738,0.9533773181610388,0.6666666666666666,0.987099277800408,0.9596837038477567,69,4692
3,resnet18,scratch,raw,adaptive,train,raw,1337,5,1,slice_level,0.7837837837837838,0.8873873873873874,0.9932330911223953,0.0017097866212999499,0.0022079557707944367,0.8919938823959094,0.2936936936936937,0.9867299323683386,0.8295046211537477,1110,44400
3,resnet18,scratch,raw,adaptive,train,raw,1337,5,1,subject_level,0.6081081081081081,0.7432432432432432,0.9936628266497776,0.001626962745511854,0.010336872748191561,0.94003294599479,0.45495495495495497,0.9920285623352807,0.8351018892268633,222,49062
3,resnet18,scratch,raw,adaptive,test,raw,1337,5,1,slice_level,0.8695652173913043,0.8840579710144928,0.9909650864808456,0.0025067182554714923,0.005548141356827557,0.8016768536021844,0.34202898550724636,0.9741465812144072,0.9310688783206802,345,13800
3,resnet18,scratch,raw,adaptive,test,raw,1337,5,1,subject_level,0.4782608695652174,0.7246376811594203,0.9905070204665696,0.0019959556883659916,0.02503432576423106,0.8714061554048209,0.37681159420289856,0.9860892192177151,0.9423091244031909,69,4692
4,resnet18,scratch,raw,adaptive,train,raw,1337,5,1,slice_level,0.8153153153153153,0.8963963963963963,0.9881733580752536,0.002336379912522462,0.0020094765360710453,0.890272116711306,0.16486486486486487,0.9798738260526915,0.9027578351854741,1110,44400
4,resnet18,scratch,raw,adaptive,train,raw,1337,5,1,subject_level,0.6171171171171171,0.7657657657657657,0.9897190313618462,0.0018619497617085774,0.009368617502922142,0.9320858402734398,0.18468468468468469,0.9879439134855528,0.9101634927831721,222,49062
4,resnet18,scratch,raw,adaptive,test,raw,1337,5,1,slice_level,0.7536231884057971,0.855072463768116,0.9870583734650543,0.0029979235884072123,0.005328598594212014,0.853121298046629,0.33043478260869563,0.9730599270350692,0.934245553634305,345,13800
4,resnet18,scratch,raw,adaptive,test,raw,1337,5,1,subject_level,0.5652173913043478,0.7246376811594203,0.9885981756707897,0.0027031276537024455,0.024231047760965168,0.9087114051669817,0.5217391304347826,0.9835787147715471,0.9444195130825652,69,4692
0,resnet18,scratch,gs0,adaptive,train,gs0,1337,5,1,slice_level,0.7692307692307693,0.8416289592760181,0.9941216305370244,0.0017157458611742943,0.002272869776344407,0.8661694273254029,0.13574660633484162,0.985404304897084,0.7967401715937783,1105,44200
0,resnet18,scratch,gs0,adaptive,train,gs0,1337,5,1,subject_level,0.5339366515837104,0.6787330316742082,0.9938233664672299,0.0013577768166140732,0.010665683615194188,0.9057471740396946,0.15384615384615385,0.9914292086303503,0.8025839514205947,221,48620
0,resnet18,scratch,gs0,adaptive,test,gs0,1337,5,1,slice_level,0.7714285714285715,0.8571428571428571,0.9928987954344068,0.002300574949809483,0.008030262868851423,0.8098219387755101,0.26,0.9605014586448669,0.8637858755205359,350,14000
0,resnet18,scratch,gs0,adaptive,test,gs0,1337,5,1,subject_level,0.37142857142857144,0.6,0.9917734035423824,0.002368858882359096,0.037293284865362306,0.8606063294883171,0.3142857142857143,0.9746301591396331,0.8768127585605064,70,4830
0,resnet18,scratch,gs0,blind,train,raw,1337,5,1,slice_level,0.7692307692307693,0.832579185520362,0.999800775115846,7.940849028022042e-05,0.0009215064359959468,0.8314631150058354,0.3375565610859729,0.9993832435003772,0.9985277486750982,1105,44200
0,resnet18,scratch,gs0,blind,train,raw,1337,5,1,subject_level,0.45701357466063347,0.6199095022624435,0.9997636190366961,5.666513788214636e-05,0.004588414815873986,0.9054642522768688,0.4343891402714932,0.999639659715454,0.9987814244629178,221,48620
0,resnet18,scratch,gs0,blind,test,raw,1337,5,1,slice_level,0.8285714285714286,0.9142857142857143,0.999800192458289,8.00515924181257e-05,0.002914581963393305,0.8453946938775511,0.38285714285714284,0.9993809126104627,0.9983771186428411,350,14000
0,resnet18,scratch,gs0,blind,test,raw,1337,5,1,subject_level,0.5857142857142857,0.7285714285714285,0.9997684580939157,0.0001120856830051967,0.01451771892607212,0.90298876072168,0.5714285714285714,0.9996174003396715,0.998623811273101,70,4830
1,resnet18,scratch,gs0,adaptive,train,gs0,1337,5,1,slice_level,0.751131221719457,0.8416289592760181,0.9921583228521218,0.0016977339308725762,0.002158619215336894,0.8755371921131836,0.15475113122171946,0.98525958233829,0.8429916979729859,1105,44200
1,resnet18,scratch,gs0,adaptive,train,gs0,1337,5,1,subject_level,0.5972850678733032,0.751131221719457,0.9926917053995089,0.0016686403913195856,0.010250605240346215,0.9124165892664696,0.18099547511312217,0.9909894927594457,0.8485628005648924,221,48620
1,resnet18,scratch,gs0,adaptive,test,gs0,1337,5,1,slice_level,0.8142857142857143,0.8714285714285714,0.9913486974579947,0.002152348416192191,0.007038046206746783,0.8364413265306121,0.22857142857142856,0.9710828939505985,0.8847321358237947,350,14000
1,resnet18,scratch,gs0,adaptive,test,gs0,1337,5,1,subject_level,0.5,0.6571428571428571,0.9914214628083365,0.0022033963884626117,0.03292517119220325,0.9011742088139603,0.3142857142857143,0.984492860521589,0.8966046877035689,70,4830
1,resnet18,scratch,gs0,blind,train,raw,1337,5,1,slice_level,0.6244343891402715,0.7194570135746606,0.9991381521678079,0.0002588022887976461,0.0009797599987860146,0.7785021088839295,0.29683257918552036,0.9969382781248827,0.9934388599136836,1105,44200
1,resnet18,scratch,gs0,blind,train,raw,1337,5,1,subject_level,0.3755656108597285,0.5248868778280543,0.9990411238972418,0.00019989914484153505,0.004814891235237073,0.8408813105978398,0.39819004524886875,0.9981101638051719,0.9946344785291146,221,48620
1,resnet18,scratch,gs0,blind,test,raw,1337,5,1,slice_level,0.7142857142857143,0.8142857142857143,0.999072061266218,0.00028088177953447616,0.0030950317891048533,0.7600466326530612,0.26571428571428574,0.9968544801643916,0.9933342561636652,350,14000
1,resnet18,scratch,gs0,blind,test,raw,1337,5,1,subject_level,0.44285714285714284,0.6285714285714286,0.9989480240004404,0.0002709124769483294,0.01515497976381864,0.8486512866015972,0.4142857142857143,0.9982712353978839,0.9947170189448765,70,4830
2,resnet18,scratch,gs0,adaptive,train,gs0,1337,5,1,slice_level,0.7747747747747747,0.8648648648648649,0.995543515897012,0.0010956780867533641,0.0021359383370853154,0.8782458404350296,0.17207207207207206,0.9892872168137147,0.8022089041212389,1110,44400
2,resnet18,scratch,gs0,adaptive,train,gs0,1337,5,1,subject_level,0.545045045045045,0.6936936936936937,0.9954955577850342,0.001200437814265758,0.010223673216092426,0.9151946828814874,0.20270270270270271,0.9936494521192603,0.8069425493042631,222,49062
2,resnet18,scratch,gs0,adaptive,test,gs0,1337,5,1,slice_level,0.7101449275362319,0.855072463768116,0.9941150321476702,0.0015357845071433246,0.007677725212567527,0.8114596723377442,0.3101449275362319,0.9699720030245573,0.879147340843211,345,13800
2,resnet18,scratch,gs0,adaptive,test,gs0,1337,5,1,subject_level,0.391304347826087,0.6521739130434783,0.9932780032572539,0.002017269099968067,0.03651546357550483,0.8707791245042441,0.30434782608695654,0.9828528010326884,0.8912816375163714,69,4692
2,resnet18,scratch,gs0,blind,train,raw,1337,5,1,slice_level,0.7117117117117117,0.7882882882882883,0.999885890666429,3.918468415200173e-05,0.0009077313741006226,0.8065345345345345,0.3387387387387387,0.9996862141935675,0.9993555804147377,1110,44400
2,resnet18,scratch,gs0,blind,train,raw,1337,5,1,subject_level,0.49099099099099097,0.6441441441441441,0.9998750662481463,3.304084142049154e-05,0.004529957332321115,0.8791666804385405,0.4774774774774775,0.999810064161146,0.9994788500770977,222,49062
2,resnet18,scratch,gs0,blind,test,raw,1337,5,1,slice_level,0.782608695652174,0.8840579710144928,0.9998900976733885,4.269247469694718e-05,0.0029213816008490066,0.8108826927116152,0.3217391304347826,0.9996933225272359,0.9993355323352675,345,13800
2,resnet18,scratch,gs0,blind,test,raw,1337,5,1,subject_level,0.5072463768115942,0.7536231884057971,0.9998692014942998,4.331702771394149e-05,0.014576185373184473,0.891378479558175,0.4927536231884058,0.9998202099316362,0.9994617505959741,69,4692
3,resnet18,scratch,gs0,adaptive,train,gs0,1337,5,1,slice_level,0.8063063063063063,0.9099099099099099,0.992887754429568,0.001745244941195926,0.002126308611640287,0.8777816532748964,0.17207207207207206,0.9867129320496911,0.8398409722356109,1110,44400
3,resnet18,scratch,gs0,adaptive,train,gs0,1337,5,1,subject_level,0.5495495495495496,0.7342342342342343,0.9934055501813287,0.0013513041509164345,0.010076219635503786,0.9230867011073687,0.23873873873873874,0.9919708040920464,0.8439567112856092,222,49062
3,resnet18,scratch,gs0,adaptive,test,gs0,1337,5,1,slice_level,0.7391304347826086,0.782608695652174,0.9904178484626438,0.0026325419329214787,0.005639923385519913,0.7753796471329553,0.3159420289855073,0.9700761681017669,0.9259309926499492,345,13800
3,resnet18,scratch,gs0,adaptive,test,gs0,1337,5,1,subject_level,0.463768115942029,0.6086956521739131,0.9903256953626439,0.002132194629613904,0.02558618546396062,0.8377735152031827,0.4057971014492754,0.9835670452187026,0.9392471393254306,69,4692
3,resnet18,scratch,gs0,blind,train,raw,1337,5,1,slice_level,0.7342342342342343,0.8063063063063063,0.9990537335743775,0.0003700594644288759,0.000970908793828425,0.7735619775180587,0.34234234234234234,0.9967823379748576,0.9937287900737815,1110,44400
3,resnet18,scratch,gs0,blind,train,raw,1337,5,1,subject_level,0.38288288288288286,0.4954954954954955,0.9988689763588948,0.00023384781571121903,0.004757034273499304,0.8437074563863117,0.40540540540540543,0.9980681012342641,0.9949979011503494,222,49062
3,resnet18,scratch,gs0,blind,test,raw,1337,5,1,slice_level,0.8405797101449275,0.927536231884058,0.9990747700566831,0.00038994308831035227,0.0031309256876778345,0.7948137996219282,0.37971014492753624,0.9971040183219357,0.9934799535334974,345,13800
3,resnet18,scratch,gs0,blind,test,raw,1337,5,1,subject_level,0.5507246376811594,0.6811594202898551,0.998937706152598,0.0003969202870907991,0.015375552348036697,0.8706447607398348,0.5507246376811594,0.9982863751010619,0.9946799385857602,69,4692
4,resnet18,scratch,gs0,adaptive,train,gs0,1337,5,1,slice_level,0.7567567567567568,0.8603603603603603,0.9940617693974091,0.0013172768794738495,0.0021443533310498875,0.8654918127587046,0.15585585585585585,0.9865178649489944,0.8189173696680112,1110,44400
4,resnet18,scratch,gs0,adaptive,train,gs0,1337,5,1,subject_level,0.545045045045045,0.7027027027027027,0.9944803913434347,0.001350541641046335,0.010235838055073677,0.9016725848999299,0.16666666666666666,0.9920511449779477,0.8250658584267446,222,49062
4,resnet18,scratch,gs0,adaptive,test,gs0,1337,5,1,slice_level,0.6956521739130435,0.7971014492753623,0.99273497470911,0.0015138940534729888,0.007621621706293545,0.8291896660365469,0.11884057971014493,0.9690280563589455,0.8522020696794641,345,13800
4,resnet18,scratch,gs0,adaptive,test,gs0,1337,5,1,subject_level,0.42028985507246375,0.5507246376811594,0.9926858786223591,0.001646453919618026,0.03599593396959962,0.8687837453822108,0.17391304347826086,0.9814498303593069,0.8634198687633996,69,4692
4,resnet18,scratch,gs0,blind,train,raw,1337,5,1,slice_level,0.8333333333333334,0.8738738738738738,0.9995823967027234,0.0001696984510164003,0.0009254630348804567,0.8547780009739468,0.44414414414414416,0.9989253574663455,0.9976921137885467,1110,44400
4,resnet18,scratch,gs0,blind,train,raw,1337,5,1,subject_level,0.5990990990990991,0.7432432432432432,0.9995172171442358,0.00013674567411611747,0.004595001465179496,0.9189206633562754,0.6396396396396397,0.9993541597783029,0.9981151020661495,222,49062
4,resnet18,scratch,gs0,blind,test,raw,1337,5,1,slice_level,0.782608695652174,0.9130434782608695,0.9995681375697039,0.00020940321079198864,0.002990899742513463,0.8853379542113002,0.43478260869565216,0.9989716450373332,0.9973438927142516,345,13800
4,resnet18,scratch,gs0,blind,test,raw,1337,5,1,subject_level,0.6231884057971014,0.855072463768116,0.9994854546975398,0.0001868355101433353,0.014852520915261213,0.9509402374686484,0.6666666666666666,0.999371916487597,0.997736439312104,69,4692
0,resnet18,scratch,gs10,adaptive,train,gs10,1337,5,1,slice_level,0.7013574660633484,0.8190045248868778,0.9910256323231831,0.0011596107914436996,0.0020904933619713285,0.8522271145144449,0.1592760180995475,0.9791418453147508,0.8906176108020732,1105,44200
0,resnet18,scratch,gs10,adaptive,train,gs10,1337,5,1,subject_level,0.4660633484162896,0.6153846153846154,0.9923702300403991,0.0011485863594987273,0.009935985182357185,0.8878417629748478,0.18552036199095023,0.987760037588318,0.8990657647706167,221,48620
0,resnet18,scratch,gs10,adaptive,test,gs10,1337,5,1,slice_level,0.7,0.8285714285714286,0.9924968693937574,0.00125154938016619,0.006107072991185954,0.7932319387755101,0.15142857142857144,0.9737257775238582,0.9088026453341757,350,14000
0,resnet18,scratch,gs10,adaptive,test,gs10,1337,5,1,subject_level,0.4714285714285714,0.5857142857142857,0.9932352679116385,0.0018003949097224643,0.028885195324463504,0.8411180124223603,0.24285714285714285,0.9830778079373496,0.9168982282064964,70,4830
0,resnet18,scratch,gs10,blind,train,raw,1337,5,1,slice_level,0.669683257918552,0.7737556561085973,0.9990051194553462,0.00035321847346033987,0.0010750809377817884,0.7820760426690689,0.2841628959276018,0.9951576799828542,0.985989840203281,1105,44200
0,resnet18,scratch,gs10,blind,train,raw,1337,5,1,subject_level,0.31221719457013575,0.4253393665158371,0.9988669976929194,0.00019607204117925997,0.005243265763245422,0.8390177496179625,0.36199095022624433,0.9970827547673187,0.9879548263581679,221,48620
0,resnet18,scratch,gs10,blind,test,raw,1337,5,1,slice_level,0.7,0.8571428571428571,0.998941855771201,0.0003509317125592913,0.003296704979480377,0.7871275510204082,0.31142857142857144,0.9955409262861524,0.9884039634125573,350,14000
0,resnet18,scratch,gs10,blind,test,raw,1337,5,1,subject_level,0.4857142857142857,0.6285714285714286,0.9988315394946508,0.0005789339542388916,0.016109610109456947,0.8327255249926057,0.38571428571428573,0.9972769669124059,0.990107108075673,70,4830
1,resnet18,scratch,gs10,adaptive,train,gs10,1337,5,1,slice_level,0.6787330316742082,0.8235294117647058,0.9910300441457136,0.0012181759959432334,0.0022114230097562276,0.8470601134292909,0.13755656108597286,0.9799777055757618,0.8361676832777343,1105,44200
1,resnet18,scratch,gs10,adaptive,train,gs10,1337,5,1,subject_level,0.4343891402714932,0.6153846153846154,0.9922918685421145,0.001077131448288309,0.010510384682481645,0.8798718383027672,0.167420814479638,0.9873492682681364,0.8420264213498803,221,48620
1,resnet18,scratch,gs10,adaptive,test,gs10,1337,5,1,slice_level,0.6571428571428571,0.8142857142857143,0.9904935675007956,0.0015825884682791574,0.007110773738739746,0.8143231632653061,0.12,0.9649066708769117,0.8694072395328964,350,14000
1,resnet18,scratch,gs10,adaptive,test,gs10,1337,5,1,subject_level,0.4714285714285714,0.5714285714285714,0.9920713978154319,0.001938682794570923,0.03395789132586547,0.869270925761609,0.24285714285714285,0.979245377438409,0.8849736477277294,70,4830
1,resnet18,scratch,gs10,blind,train,raw,1337,5,1,slice_level,0.7737556561085973,0.8371040723981901,0.9992011300039507,0.0002801817466770362,0.0009553084430196302,0.8368694846542865,0.3990950226244344,0.9979743292968197,0.9953698424260001,1105,44200
1,resnet18,scratch,gs10,blind,train,raw,1337,5,1,subject_level,0.5610859728506787,0.7104072398190046,0.9991086508353911,0.00021922885023091174,0.004718483830233235,0.9033819387958328,0.579185520361991,0.998755537546598,0.9961427487901874,221,48620
1,resnet18,scratch,gs10,blind,test,raw,1337,5,1,slice_level,0.8428571428571429,0.9142857142857143,0.9991691648960114,0.0003055214881896973,0.003002161768797253,0.8433159183673469,0.43714285714285717,0.9979730783190046,0.9956498240402767,350,14000
1,resnet18,scratch,gs10,blind,test,raw,1337,5,1,subject_level,0.7142857142857143,0.9,0.999102177790233,0.00036193813596452985,0.014813182835600206,0.9196332446021888,0.6714285714285714,0.998850735596248,0.9965179680420498,70,4830
2,resnet18,scratch,gs10,adaptive,train,gs10,1337,5,1,slice_level,0.6846846846846847,0.8423423423423423,0.9970149996581378,0.0006531683711318283,0.0020461696528342997,0.875304906257609,0.13513513513513514,0.992466671348692,0.7734202433296957,1110,44400
2,resnet18,scratch,gs10,adaptive,train,gs10,1337,5,1,subject_level,0.44144144144144143,0.6171171171171171,0.9970735445752874,0.0006376464624662657,0.00990359596320772,0.9122602638103433,0.19369369369369369,0.9954872018582112,0.7748132677203089,222,49062
2,resnet18,scratch,gs10,adaptive,test,gs10,1337,5,1,slice_level,0.6666666666666666,0.7681159420289855,0.9957946651223777,0.0009454912033633909,0.007162620799373026,0.767293740810754,0.2985507246376812,0.9707776349523793,0.9091744880486226,345,13800
2,resnet18,scratch,gs10,adaptive,test,gs10,1337,5,1,subject_level,0.30434782608695654,0.6086956521739131,0.9952249699744625,0.0014995042828546054,0.03476324277943459,0.8069022820218195,0.2898550724637681,0.9828568273696346,0.9193416240752912,69,4692
2,resnet18,scratch,gs10,blind,train,raw,1337,5,1,slice_level,0.6306306306306306,0.7117117117117117,0.9997420286810076,8.804599444071452e-05,0.000980242412445043,0.7436869978086194,0.24414414414414415,0.9977116253461924,0.9935985722909639,1110,44400
2,resnet18,scratch,gs10,blind,train,raw,1337,5,1,subject_level,0.2747747747747748,0.34234234234234234,0.9996881044662751,6.948317493404354e-05,0.004838984134514724,0.7852385986328754,0.28378378378378377,0.9986632630094752,0.99457320400376,222,49062
2,resnet18,scratch,gs10,blind,test,raw,1337,5,1,slice_level,0.6666666666666666,0.7971014492753623,0.9997335542803225,9.601789972056513e-05,0.003163473522020639,0.7680233144297416,0.2492753623188406,0.9978954007660134,0.993219509008138,345,13800
2,resnet18,scratch,gs10,blind,test,raw,1337,5,1,subject_level,0.3333333333333333,0.42028985507246375,0.9996760763983795,7.448852926060773e-05,0.015623768805053787,0.8209332567305435,0.2753623188405797,0.9988200474476469,0.99413620604985,69,4692
3,resnet18,scratch,gs10,adaptive,train,gs10,1337,5,1,slice_level,0.7297297297297297,0.8513513513513513,0.9911094254201597,0.001292978589599197,0.0022176605972318766,0.8718639619349079,0.11981981981981982,0.9831194242915592,0.8284128191080448,1110,44400
3,resnet18,scratch,gs10,adaptive,train,gs10,1337,5,1,subject_level,0.45045045045045046,0.6081081081081081,0.9923630305775651,0.0011350939402709136,0.010456096752219507,0.9139854664496954,0.16216216216216217,0.9899147644236281,0.8342549375013397,222,49062
3,resnet18,scratch,gs10,adaptive,test,gs10,1337,5,1,slice_level,0.7391304347826086,0.7971014492753623,0.9884810482246288,0.002018298791802448,0.006714114055469417,0.78214986347406,0.26956521739130435,0.9645924042964327,0.8982531943874082,345,13800
3,resnet18,scratch,gs10,adaptive,test,gs10,1337,5,1,subject_level,0.2753623188405797,0.4927536231884058,0.9893846434095631,0.00150166732677515,0.030943521203986114,0.8429673696825927,0.2898550724637681,0.9789436399072841,0.9119843395533261,69,4692
3,resnet18,scratch,gs10,blind,train,raw,1337,5,1,slice_level,0.6846846846846847,0.7702702702702703,0.9985247584613594,0.0004713511144792711,0.0010486569453286728,0.7718667113059006,0.3063063063063063,0.9941184737660863,0.9874088419383173,1110,44400
3,resnet18,scratch,gs10,blind,train,raw,1337,5,1,subject_level,0.32432432432432434,0.47297297297297297,0.9983229680104299,0.00027414699932476423,0.005077516282531056,0.8371442862698824,0.34684684684684686,0.9964281331311475,0.9896778544001571,222,49062
3,resnet18,scratch,gs10,blind,test,raw,1337,5,1,slice_level,0.7536231884057971,0.8840579710144928,0.998566670694213,0.0005437740381213202,0.0033112462556016617,0.7804012812434362,0.34492753623188405,0.994847649767779,0.9887534691069437,345,13800
3,resnet18,scratch,gs10,blind,test,raw,1337,5,1,subject_level,0.4782608695652174,0.5942028985507246,0.9983436188836029,0.00046804590501647067,0.016034597935883896,0.8588609041600257,0.391304347826087,0.9970756855563842,0.991002715977968,69,4692
4,resnet18,scratch,gs10,adaptive,train,gs10,1337,5,1,slice_level,0.7027027027027027,0.7792792792792793,0.9902726707157788,0.001361663545574154,0.002211278483275794,0.8318548616183751,0.14234234234234233,0.9767838546284684,0.8501575242694434,1110,44400
4,resnet18,scratch,gs10,adaptive,train,gs10,1337,5,1,subject_level,0.42792792792792794,0.509009009009009,0.9914647072285145,0.0010849704613556733,0.010417190871226627,0.8654438344422446,0.16666666666666666,0.9857552140145689,0.8595969136129322,222,49062
4,resnet18,scratch,gs10,adaptive,test,gs10,1337,5,1,slice_level,0.7101449275362319,0.8260869565217391,0.9899184479229692,0.0017988267152205758,0.007253758474320605,0.8141938668346985,0.10144927536231885,0.9655902266502381,0.8704389733659185,345,13800
4,resnet18,scratch,gs10,adaptive,test,gs10,1337,5,1,subject_level,0.42028985507246375,0.5652173913043478,0.9909012023953424,0.0018234702124111893,0.03416865699641083,0.867128136698914,0.17391304347826086,0.9806192361790201,0.8834284526523828,69,4692
4,resnet18,scratch,gs10,blind,train,raw,1337,5,1,slice_level,0.8288288288288288,0.8963963963963963,0.9994466702143351,0.00020910061157501496,0.0009302539910349223,0.8507027940102265,0.4423423423423423,0.9986312472068511,0.9971941294876842,1110,44400
4,resnet18,scratch,gs10,blind,train,raw,1337,5,1,subject_level,0.6036036036036037,0.7387387387387387,0.9993877255164825,0.00019912461976747254,0.004611751993883167,0.9166998568826867,0.5945945945945946,0.9991741862382975,0.997729116833986,222,49062
4,resnet18,scratch,gs10,blind,test,raw,1337,5,1,slice_level,0.8405797101449275,0.9130434782608695,0.9994455852370331,0.00027868022089419156,0.003011861917279337,0.8827160260449486,0.4434782608695652,0.9986736079920893,0.9966924393911293,345,13800
4,resnet18,scratch,gs10,blind,test,raw,1337,5,1,subject_level,0.6811594202898551,0.855072463768116,0.9993394621904346,0.00025511306265126103,0.01492607181864804,0.9512506640967666,0.5797101449275363,0.9991967401642731,0.9972369030994528,69,4692
0,resnet18,scratch,gs20,adaptive,train,gs20,1337,5,1,slice_level,0.6199095022624435,0.832579185520362,0.982926855259891,0.0009178592069116652,0.001217332527429135,0.8892327143178888,0.40180995475113124,0.9776313591327063,0.960837037971926,1105,44200
0,resnet18,scratch,gs20,adaptive,train,gs20,1337,5,1,subject_level,0.5113122171945701,0.755656108597285,0.9879357367079722,0.0010796887842238758,0.0057960251342016374,0.9394650265890617,0.579185520361991,0.9864194703317876,0.9695066112260277,221,48620
0,resnet18,scratch,gs20,adaptive,test,gs20,1337,5,1,slice_level,0.6285714285714286,0.9571428571428572,0.9827023497649602,0.0010754585266113282,0.0037131355410175665,0.888175612244898,0.4257142857142857,0.9778588191100529,0.9632686291592462,350,14000
0,resnet18,scratch,gs20,adaptive,test,gs20,1337,5,1,subject_level,0.5857142857142857,0.8571428571428571,0.9875946172646114,0.0015611018453325545,0.017693223511534076,0.945150842945874,0.5,0.9864550011498587,0.9718372727156179,70,4830
0,resnet18,scratch,gs20,blind,train,raw,1337,5,1,slice_level,0.8235294117647058,0.8914027149321267,0.9986309252713061,0.0005722881981690005,0.0009654056095429675,0.8510626829917487,0.4171945701357466,0.9969875945764429,0.9940513656703056,1105,44200
0,resnet18,scratch,gs20,blind,train,raw,1337,5,1,subject_level,0.6244343891402715,0.7782805429864253,0.9985242197416487,0.00035747440691986774,0.004737588992064221,0.9300545275858025,0.579185520361991,0.9982077107170588,0.9952729786560399,221,48620
0,resnet18,scratch,gs20,blind,test,raw,1337,5,1,slice_level,0.8714285714285714,0.9142857142857143,0.9986252648489816,0.0005867719650268554,0.0030366069171577693,0.8471278571428571,0.38857142857142857,0.9970534934316363,0.9942847302300589,350,14000
0,resnet18,scratch,gs20,blind,test,raw,1337,5,1,subject_level,0.6857142857142857,0.7857142857142857,0.9984981042998178,0.0005325938974108015,0.014913475619895117,0.9170260278024254,0.6285714285714286,0.9981940925121308,0.9954335415585441,70,4830
1,resnet18,scratch,gs20,adaptive,train,gs20,1337,5,1,slice_level,0.5067873303167421,0.669683257918552,0.9937227751334868,0.0005678607327905715,0.002104194641505195,0.8090728895804755,0.11040723981900452,0.9845675834163821,0.7935554750836813,1105,44200
1,resnet18,scratch,gs20,adaptive,train,gs20,1337,5,1,subject_level,0.27601809954751133,0.43891402714932126,0.9944567755876084,0.0005507609423469095,0.009991522623453609,0.8387097930017813,0.12217194570135746,0.9904727701148296,0.7990576510221464,221,48620
1,resnet18,scratch,gs20,adaptive,test,gs20,1337,5,1,slice_level,0.45714285714285713,0.5857142857142857,0.9913282820156643,0.0009756267070770263,0.00765191492890673,0.7409324489795919,0.11714285714285715,0.9553575590678623,0.8768187002560922,350,14000
1,resnet18,scratch,gs20,adaptive,test,gs20,1337,5,1,subject_level,0.2714285714285714,0.42857142857142855,0.9915874838829041,0.001822762829916818,0.0361671423007335,0.8076249630286897,0.22857142857142856,0.9731627489839282,0.8931683634934218,70,4830
1,resnet18,scratch,gs20,blind,train,raw,1337,5,1,slice_level,0.7375565610859729,0.8190045248868778,0.9990654026760775,0.0003475180039039025,0.0009754948466552665,0.790825976126615,0.34570135746606334,0.9968636568854837,0.9936910635637481,1105,44200
1,resnet18,scratch,gs20,blind,train,raw,1337,5,1,subject_level,0.4298642533936652,0.5656108597285068,0.9988931053364438,0.0002286091649154732,0.004783554325023523,0.8639175636713566,0.47058823529411764,0.9981066144969128,0.9949440558203843,221,48620
1,resnet18,scratch,gs20,blind,test,raw,1337,5,1,slice_level,0.8285714285714286,0.8857142857142857,0.9990221117224012,0.00039020351001194543,0.003097741342415767,0.7915061224489796,0.39714285714285713,0.9967993422916958,0.9932246639047351,350,14000
1,resnet18,scratch,gs20,blind,test,raw,1337,5,1,subject_level,0.6,0.7571428571428571,0.998781395809991,0.00045104963438851494,0.015164619045598167,0.8628083407275953,0.5,0.9980986135346549,0.9945235557684493,70,4830
2,resnet18,scratch,gs20,adaptive,train,gs20,1337,5,1,slice_level,0.5540540540540541,0.7792792792792793,0.9815074186604302,0.0009404890709095173,0.0012202092099238423,0.8822854070286503,0.35315315315315315,0.9759046702771573,0.9586755238016983,1110,44400
2,resnet18,scratch,gs20,adaptive,train,gs20,1337,5,1,subject_level,0.4954954954954955,0.6981981981981982,0.9869215601199383,0.0009756923258841575,0.0057887468038143606,0.937982589413432,0.5180180180180181,0.9854559790980708,0.9681294681507786,222,49062
2,resnet18,scratch,gs20,adaptive,test,gs20,1337,5,1,slice_level,0.5797101449275363,0.8405797101449275,0.9810084035431129,0.0009500842163528221,0.0037680634034230657,0.8796687670657425,0.30434782608695654,0.9760210382765618,0.9612184171097866,345,13800
2,resnet18,scratch,gs20,adaptive,test,gs20,1337,5,1,subject_level,0.5797101449275363,0.8115942028985508,0.9866888143014216,0.0011199997818988302,0.01788405990363031,0.9426004176087575,0.5362318840579711,0.9857049955837969,0.9707884471434767,69,4692
2,resnet18,scratch,gs20,blind,train,raw,1337,5,1,slice_level,0.8828828828828829,0.9279279279279279,0.9977142292637009,0.0009159002755139325,0.0009679999559077325,0.8691603157211265,0.4837837837837838,0.9956937206758035,0.992654582078124,1110,44400
2,resnet18,scratch,gs20,blind,train,raw,1337,5,1,subject_level,0.7342342342342343,0.8243243243243243,0.9976600118585535,0.0006342761151425473,0.004718060122786073,0.9559269279062601,0.7072072072072072,0.9974397120175061,0.9943944363152128,222,49062
2,resnet18,scratch,gs20,blind,test,raw,1337,5,1,slice_level,0.9420289855072463,0.9855072463768116,0.9976707947426948,0.0008725869482842045,0.0031075722342222066,0.8789540012602395,0.4666666666666667,0.9958266427551491,0.9927347987285559,345,13800
2,resnet18,scratch,gs20,blind,test,raw,1337,5,1,subject_level,0.7536231884057971,0.927536231884058,0.9976618298585864,0.0008700766425201858,0.015162051007475542,0.959351100238457,0.7246376811594203,0.9975411468657894,0.9944430548389651,69,4692
3,resnet18,scratch,gs20,adaptive,train,gs20,1337,5,1,slice_level,0.7387387387387387,0.8468468468468469,0.991786791666134,0.0012574512679297645,0.002175110681737597,0.8830625659443228,0.14864864864864866,0.9852632920484286,0.8155224814192131,1110,44400
3,resnet18,scratch,gs20,adaptive,train,gs20,1337,5,1,subject_level,0.5495495495495496,0.7162162162162162,0.9928405948050387,0.001240506902471319,0.010340191711260526,0.9194583173120534,0.18468468468468469,0.9911152290868329,0.8209046860684155,222,49062
3,resnet18,scratch,gs20,adaptive,test,gs20,1337,5,1,slice_level,0.6376811594202898,0.8405797101449275,0.9887874342393184,0.0013949249101721723,0.0071110940079434195,0.7965352867044738,0.23478260869565218,0.9623631988746533,0.883814719768538,345,13800
3,resnet18,scratch,gs20,adaptive,test,gs20,1337,5,1,subject_level,0.37681159420289856,0.5507246376811594,0.9898554509964542,0.002125029114709384,0.032899555385760636,0.8564531672782535,0.2898550724637681,0.9790586293607518,0.8994485263769075,69,4692
3,resnet18,scratch,gs20,blind,train,raw,1337,5,1,slice_level,0.581081081081081,0.6891891891891891,0.999682079027365,9.226584219717765e-05,0.0010049438955123864,0.7502869694018343,0.21981981981981982,0.9971888149643804,0.9915617470725162,1110,44400
3,resnet18,scratch,gs20,blind,train,raw,1337,5,1,subject_level,0.24774774774774774,0.36486486486486486,0.9996493421159349,7.516870627532134e-05,0.004952871890923193,0.7939012909203688,0.23423423423423423,0.9984243552427035,0.9928428611191276,222,49062
3,resnet18,scratch,gs20,blind,test,raw,1337,5,1,slice_level,0.6376811594202898,0.7246376811594203,0.9996794298075248,9.157260258992513e-05,0.003189945586727581,0.7534202898550725,0.25507246376811593,0.9977508396342181,0.9925527403363283,345,13800
3,resnet18,scratch,gs20,blind,test,raw,1337,5,1,subject_level,0.30434782608695654,0.4492753623188406,0.9996050803557687,0.0001113984895789105,0.015748172836459202,0.8028713690895387,0.2753623188405797,0.9987569900526516,0.9934959893717485,69,4692
4,resnet18,scratch,gs20,adaptive,train,gs20,1337,5,1,slice_level,0.42792792792792794,0.6216216216216216,0.99343535975293,0.0005328663297601648,0.0021183018169894413,0.7999354557259962,0.1036036036036036,0.9853808889517913,0.8269157114282654,1110,44400
4,resnet18,scratch,gs20,adaptive,train,gs20,1337,5,1,subject_level,0.3108108108108108,0.46396396396396394,0.9945339437003609,0.0005000958571562896,0.009984306712123053,0.8406824183851211,0.15315315315315314,0.9911446254532617,0.8321994843589298,222,49062
4,resnet18,scratch,gs20,adaptive,test,gs20,1337,5,1,slice_level,0.5217391304347826,0.7536231884057971,0.9911982857662699,0.0010461694952370465,0.006883003499250913,0.7459764755303508,0.15942028985507245,0.9679898377777874,0.9070638431522293,345,13800
4,resnet18,scratch,gs20,adaptive,test,gs20,1337,5,1,subject_level,0.36231884057971014,0.463768115942029,0.9923484610474628,0.0013856386792832527,0.03231443799492242,0.8118413086721772,0.2318840579710145,0.9824102451835853,0.9205677400312156,69,4692
4,resnet18,scratch,gs20,blind,train,raw,1337,5,1,slice_level,0.536036036036036,0.6801801801801802,0.9986319337879215,0.0003608022187207196,0.0010440381988987898,0.7263748681113544,0.25135135135135134,0.9938450402504689,0.9878384851415952,1110,44400
4,resnet18,scratch,gs20,blind,train,raw,1337,5,1,subject_level,0.3333333333333333,0.42792792792792794,0.9985529713265531,0.00026799537040091847,0.005060535884957324,0.7895247271240913,0.36036036036036034,0.9962744326204866,0.9902099998456219,222,49062
4,resnet18,scratch,gs20,blind,test,raw,1337,5,1,slice_level,0.7246376811594203,0.782608695652174,0.9986017095869866,0.0005075257757435675,0.00340334663801975,0.7422068893089687,0.2811594202898551,0.9940443762834521,0.9862939797492994,345,13800
4,resnet18,scratch,gs20,blind,test,raw,1337,5,1,subject_level,0.43478260869565216,0.6231884057971014,0.9983178999113,0.000368621902189393,0.016413850858267666,0.8174660538443481,0.43478260869565216,0.9967210646988689,0.9891191963598653,69,4692
0,resnet18,scratch,gs30,adaptive,train,gs30,1337,5,1,slice_level,0.18099547511312217,0.3936651583710407,0.9809201815549065,0.0005818872430205885,0.001114374391178335,0.8349182142052785,0.14841628959276018,0.9758007910456593,0.9655781404505488,1105,44200
0,resnet18,scratch,gs30,adaptive,train,gs30,1337,5,1,subject_level,0.2081447963800905,0.46153846153846156,0.9868684405654804,0.0004400346613577588,0.00531154756573328,0.8984542141382706,0.2398190045248869,0.9853493339335757,0.9750730316796355,221,48620
0,resnet18,scratch,gs30,adaptive,test,gs30,1337,5,1,slice_level,0.24285714285714285,0.6285714285714286,0.9804998661790575,0.0006445365292685372,0.0033959255587043507,0.8068879591836734,0.13142857142857142,0.9758300084727151,0.9678963561058045,350,14000
0,resnet18,scratch,gs30,adaptive,test,gs30,1337,5,1,subject_level,0.44285714285714284,0.7428571428571429,0.9866781107016972,0.000623610189982823,0.01620510243145483,0.8871709553386571,0.24285714285714285,0.9855516578469957,0.9774877949160818,70,4830
0,resnet18,scratch,gs30,blind,train,raw,1337,5,1,slice_level,0.8190045248868778,0.8778280542986425,0.9974849785075468,0.0009699752427873568,0.000982884104032811,0.8647493499314101,0.43981900452488687,0.9951070947345025,0.9916525499205784,1105,44200
0,resnet18,scratch,gs30,blind,train,raw,1337,5,1,subject_level,0.6787330316742082,0.7873303167420814,0.9974014634999754,0.0006442471866693971,0.004774426657925634,0.9475515634219387,0.669683257918552,0.9970615754300113,0.9936097875059705,221,48620
0,resnet18,scratch,gs30,blind,test,raw,1337,5,1,slice_level,0.8857142857142857,0.9428571428571428,0.9974457706723895,0.0009879350662231445,0.0031002219400501677,0.8698240816326532,0.47714285714285715,0.9952128379685539,0.9916664859397071,350,14000
0,resnet18,scratch,gs30,blind,test,raw,1337,5,1,subject_level,0.7,0.8857142857142857,0.9973665773868561,0.0009610491139548166,0.01507870972688709,0.94276545400769,0.6428571428571429,0.9970844013350351,0.9935227095463754,70,4830
1,resnet18,scratch,gs30,adaptive,train,gs30,1337,5,1,slice_level,0.47058823529411764,0.6968325791855203,0.9829709794186898,0.0008368513702806844,0.0014590859482680107,0.8787911181179747,0.167420814479638,0.977301138882184,0.9439071394752593,1105,44200
1,resnet18,scratch,gs30,adaptive,train,gs30,1337,5,1,subject_level,0.42081447963800905,0.6561085972850679,0.9878994690347042,0.0008628020459170795,0.006954646218416378,0.9201758116783403,0.27149321266968324,0.9862175923666803,0.9525037046066777,221,48620
1,resnet18,scratch,gs30,adaptive,test,gs30,1337,5,1,slice_level,0.5571428571428572,0.8,0.9822648014341082,0.001115597997392927,0.003907081641123763,0.8015715306122448,0.22857142857142856,0.973855881180082,0.9584026818658624,350,14000
1,resnet18,scratch,gs30,adaptive,test,gs30,1337,5,1,subject_level,0.44285714285714284,0.7,0.9871614064489093,0.001260932002748762,0.018291718406336647,0.8709331558710441,0.34285714285714286,0.9841309598514012,0.9686269876379404,70,4830
1,resnet18,scratch,gs30,blind,train,raw,1337,5,1,slice_level,0.8280542986425339,0.8959276018099548,0.9977501865425801,0.0007525846968948572,0.0009783109072153352,0.8652983558895191,0.4579185520361991,0.9956777601759897,0.9922379842036451,1105,44200
1,resnet18,scratch,gs30,blind,train,raw,1337,5,1,subject_level,0.6787330316742082,0.8009049773755657,0.9977040970487292,0.0005947186936080725,0.004772883913652525,0.9362788063679732,0.6832579185520362,0.997366798948918,0.9939328891475325,221,48620
1,resnet18,scratch,gs30,blind,test,raw,1337,5,1,slice_level,0.8714285714285714,0.9142857142857143,0.9976894421236856,0.0008174887725285121,0.00307505940685847,0.8675432653061226,0.4542857142857143,0.9955751167024884,0.9924767280731882,350,14000
1,resnet18,scratch,gs30,blind,test,raw,1337,5,1,subject_level,0.7571428571428571,0.8571428571428571,0.9976647564343044,0.0008355711187635149,0.014978518283792904,0.9406092871931382,0.7,0.997397665466581,0.9942942699660425,70,4830
2,resnet18,scratch,gs30,adaptive,train,gs30,1337,5,1,slice_level,0.5945945945945946,0.7612612612612613,0.9918070145555444,0.001004194622641211,0.0021191751715509003,0.8517396112328545,0.14954954954954955,0.9844110136096542,0.8101110002828074,1110,44400
2,resnet18,scratch,gs30,adaptive,train,gs30,1337,5,1,subject_level,0.45045045045045046,0.6216216216216216,0.9931908217636315,0.0010578731695810954,0.010089607672295995,0.890423075637702,0.18468468468468469,0.9906708877365868,0.8153848588292916,222,49062
2,resnet18,scratch,gs30,adaptive,test,gs30,1337,5,1,slice_level,0.6086956521739131,0.782608695652174,0.9895009666249373,0.0016529724217843318,0.007069467654640692,0.7883862633900441,0.1855072463768116,0.9637762698574343,0.8809799974141778,345,13800
2,resnet18,scratch,gs30,adaptive,test,gs30,1337,5,1,subject_level,0.34782608695652173,0.5797101449275363,0.9906156477720841,0.0018265057301175766,0.03292479914059673,0.8583095494026218,0.2608695652173913,0.9808064949685249,0.8966651511047502,69,4692
2,resnet18,scratch,gs30,blind,train,raw,1337,5,1,slice_level,0.6756756756756757,0.7567567567567568,0.999823931638185,6.120242514051833e-05,0.000916305790458143,0.7247825967859752,0.2882882882882883,0.9991895008194553,0.9986287867834976,1110,44400
2,resnet18,scratch,gs30,blind,train,raw,1337,5,1,subject_level,0.36936936936936937,0.45495495495495497,0.999782415660652,4.5011977891664244e-05,0.004558208041933474,0.7913262718509141,0.36936936936936937,0.999508826313792,0.9989491526535101,222,49062
2,resnet18,scratch,gs30,blind,test,raw,1337,5,1,slice_level,0.7681159420289855,0.855072463768116,0.9998171951459802,6.81790752687316e-05,0.0029538473472053156,0.7660010501995379,0.3565217391304348,0.9992469125899716,0.9984695634245873,345,13800
2,resnet18,scratch,gs30,blind,test,raw,1337,5,1,subject_level,0.391304347826087,0.5507246376811594,0.9997717461724213,6.943854732789855e-05,0.014698777563761974,0.8374785326859162,0.42028985507246375,0.9995401259781658,0.998769158279906,69,4692
3,resnet18,scratch,gs30,adaptive,train,gs30,1337,5,1,slice_level,0.4594594594594595,0.6441441441441441,0.9916155579927806,0.0007476607958475748,0.002173816196847002,0.8033525586397208,0.11351351351351352,0.9786205523185901,0.8197292910281334,1110,44400
3,resnet18,scratch,gs30,adaptive,train,gs30,1337,5,1,subject_level,0.2927927927927928,0.45495495495495497,0.9930301257618913,0.000810474157333374,0.010244401045949073,0.8332465705279695,0.14414414414414414,0.9867936131116506,0.8274059504905938,222,49062
3,resnet18,scratch,gs30,adaptive,test,gs30,1337,5,1,slice_level,0.4492753623188406,0.6376811594202898,0.9895744660626287,0.0013155030167621114,0.006802888431896766,0.7354899180844361,0.16521739130434782,0.9527136224767436,0.8872909394878408,345,13800
3,resnet18,scratch,gs30,adaptive,test,gs30,1337,5,1,subject_level,0.2028985507246377,0.37681159420289856,0.9913439094156459,0.001084509103194527,0.03202125651464946,0.7734163608732718,0.14492753623188406,0.972391116446343,0.9055581454692594,69,4692
3,resnet18,scratch,gs30,blind,train,raw,1337,5,1,slice_level,0.7702702702702703,0.8108108108108109,0.9989719804342803,0.00040766140362163923,0.0009618440190925858,0.8178032830127425,0.35135135135135137,0.9971815539372934,0.994344467034748,1110,44400
3,resnet18,scratch,gs30,blind,train,raw,1337,5,1,subject_level,0.4864864864864865,0.6441441441441441,0.998818715144922,0.0002775750718675218,0.004722624819994242,0.9043971665195831,0.5135135135135135,0.998326002746015,0.9954733303732696,222,49062
3,resnet18,scratch,gs30,blind,test,raw,1337,5,1,slice_level,0.8260869565217391,0.927536231884058,0.998982096063918,0.00040299736935159433,0.0030782794667596836,0.7991530140726738,0.39420289855072466,0.9971948105355968,0.994671781628892,345,13800
3,resnet18,scratch,gs30,blind,test,raw,1337,5,1,subject_level,0.6086956521739131,0.6956521739130435,0.9987644760505013,0.0003883614056352256,0.015084658398468426,0.8894386992352077,0.5072463768115942,0.9984113332154094,0.995917219144609,69,4692
4,resnet18,scratch,gs30,adaptive,train,gs30,1337,5,1,slice_level,0.3963963963963964,0.6081081081081081,0.9921718889528567,0.0004697197729402834,0.002110394806001201,0.8008347942537132,0.08288288288288288,0.9829811006515949,0.8040262995270996,1110,44400
4,resnet18,scratch,gs30,adaptive,train,gs30,1337,5,1,subject_level,0.3108108108108108,0.44594594594594594,0.9938935820046846,0.000568828872732214,0.009986215942279176,0.8409831961103822,0.08558558558558559,0.9900942318611317,0.8115930747374267,222,49062
4,resnet18,scratch,gs30,adaptive,test,gs30,1337,5,1,slice_level,0.3333333333333333,0.5362318840579711,0.9888924852661465,0.0009177802265554235,0.006710541819262764,0.7260147027935308,0.12753623188405797,0.9573064030080601,0.8982992396687252,345,13800
4,resnet18,scratch,gs30,adaptive,test,gs30,1337,5,1,subject_level,0.3333333333333333,0.4927536231884058,0.9904787531797437,0.001264507355897323,0.031594928758947746,0.7930118487218454,0.17391304347826086,0.9764395658520685,0.9162572839464881,69,4692
4,resnet18,scratch,gs30,blind,train,raw,1337,5,1,slice_level,0.7792792792792793,0.8468468468468469,0.9993819817229435,0.0002305743930576084,0.0009269180727560442,0.8283990747504262,0.3900900900900901,0.9985394606719146,0.9973788606596959,1110,44400
4,resnet18,scratch,gs30,blind,train,raw,1337,5,1,subject_level,0.5630630630630631,0.7072072072072072,0.9993163172726158,0.00015447268614897857,0.004592464473266322,0.9076733575938662,0.5990990990990991,0.9991169579931207,0.9979545196803724,222,49062
4,resnet18,scratch,gs30,blind,test,raw,1337,5,1,slice_level,0.7971014492753623,0.8985507246376812,0.9993420778841212,0.0002709134765293287,0.0029960878031409306,0.8494091577399706,0.37971014492753624,0.9985002391580222,0.9969851301891216,345,13800
4,resnet18,scratch,gs30,blind,test,raw,1337,5,1,subject_level,0.6086956521739131,0.8115942028985508,0.9992876173793406,0.00025387518647788227,0.014848583701836027,0.9242481806837417,0.5652173913043478,0.99907430358555,0.9975622587369632,69,4692
0,resnet18,scratch,gs40,adaptive,train,gs40,1337,5,1,slice_level,0.167420814479638,0.38461538461538464,0.980595488623796,0.0005869307129631215,0.0012050171586056977,0.8361052906369649,0.14027149321266968,0.9749593182386855,0.9589277821644399,1105,44200
0,resnet18,scratch,gs40,adaptive,train,gs40,1337,5,1,subject_level,0.23076923076923078,0.49321266968325794,0.9865762451115776,0.0004708491838895358,0.005732544980167803,0.8862188250929268,0.24434389140271492,0.9848164654425366,0.9686286668456763,221,48620
0,resnet18,scratch,gs40,adaptive,test,gs40,1337,5,1,slice_level,0.2714285714285714,0.5142857142857142,0.9800092961106982,0.0006530838353293282,0.00345562417392752,0.7965508163265307,0.12,0.9744227073873792,0.9659376503867763,350,14000
0,resnet18,scratch,gs40,adaptive,test,gs40,1337,5,1,subject_level,0.38571428571428573,0.7,0.9862321640763964,0.0007468921797616141,0.01638219195551106,0.8821827861579414,0.24285714285714285,0.9846860894135067,0.9762341759589889,70,4830
0,resnet18,scratch,gs40,blind,train,raw,1337,5,1,slice_level,0.8371040723981901,0.9140271493212669,0.9972392700915962,0.0009969640101782336,0.001003890746584946,0.8572280563461027,0.4316742081447964,0.9944669541190653,0.9898786408882335,1105,44200
0,resnet18,scratch,gs40,blind,train,raw,1337,5,1,subject_level,0.6742081447963801,0.7782805429864253,0.9971770355604354,0.0006538616046646602,0.004860098458978251,0.9355443265810581,0.6606334841628959,0.9967040629947886,0.9921149523132674,221,48620
0,resnet18,scratch,gs40,blind,test,raw,1337,5,1,slice_level,0.8428571428571429,0.9428571428571428,0.997260399375643,0.001163132701601301,0.003166983206756413,0.8508573469387755,0.42,0.9944391596317291,0.9898937447709697,350,14000
0,resnet18,scratch,gs40,blind,test,raw,1337,5,1,subject_level,0.6714285714285714,0.8428571428571429,0.9970851404326303,0.0009566605091094971,0.015314586819814784,0.9213132209405501,0.6142857142857143,0.9966351994446345,0.992122958720841,70,4830
1,resnet18,scratch,gs40,adaptive,train,gs40,1337,5,1,slice_level,0.2579185520361991,0.4479638009049774,0.9889156915483431,0.00048314688971679134,0.0021420844943300563,0.7818814725333224,0.10226244343891402,0.9710114792461308,0.8642760849787908,1105,44200
1,resnet18,scratch,gs40,adaptive,train,gs40,1337,5,1,subject_level,0.2081447963800905,0.3257918552036199,0.9913802306037144,0.0007803877014919644,0.01013697897467543,0.8070831417717231,0.1493212669683258,0.9824413034171541,0.8753423669869299,221,48620
1,resnet18,scratch,gs40,adaptive,test,gs40,1337,5,1,slice_level,0.35714285714285715,0.4857142857142857,0.9882520999227251,0.0008081342492784773,0.005813970556482672,0.6792704081632653,0.08285714285714285,0.9540177094936371,0.9129432205302375,350,14000
1,resnet18,scratch,gs40,adaptive,test,gs40,1337,5,1,subject_level,0.18571428571428572,0.2857142857142857,0.9909684981618608,0.0011761776038578579,0.027397485316864083,0.7364034309375924,0.1,0.9718687508787428,0.9301062845912286,70,4830
1,resnet18,scratch,gs40,blind,train,raw,1337,5,1,slice_level,0.669683257918552,0.746606334841629,0.9996862373740425,8.359133388122282e-05,0.0009396077877508974,0.7555322884461825,0.27963800904977376,0.9987780644882858,0.9970170598790656,1105,44200
1,resnet18,scratch,gs40,blind,train,raw,1337,5,1,subject_level,0.39819004524886875,0.5384615384615384,0.999679052991565,5.860781777498409e-05,0.004668655497658307,0.8233211292300991,0.4117647058823529,0.9992400146177991,0.9974689566944421,221,48620
1,resnet18,scratch,gs40,blind,test,raw,1337,5,1,slice_level,0.7857142857142857,0.8,0.9996883494513376,0.00012536559786115373,0.002950752340257168,0.7633240816326532,0.2885714285714286,0.9986739008767265,0.9973780512554304,350,14000
1,resnet18,scratch,gs40,blind,test,raw,1337,5,1,subject_level,0.5571428571428572,0.7,0.999612866129194,0.00011431830269949776,0.014619127115500825,0.8408577343981072,0.5571428571428572,0.9992707218442645,0.9979802793967798,70,4830
2,resnet18,scratch,gs40,adaptive,train,gs40,1337,5,1,slice_level,0.24324324324324326,0.4099099099099099,0.9899905882440172,0.00048692349915031917,0.001825031391785455,0.7866625882639396,0.1063063063063063,0.9739414523313711,0.9132945044144049,1110,44400
2,resnet18,scratch,gs40,adaptive,train,gs40,1337,5,1,subject_level,0.20270270270270271,0.35585585585585583,0.9923757706676517,0.00060172768326493,0.008668246546860886,0.8263431433145264,0.13063063063063063,0.9849325982300011,0.9245366060416953,222,49062
2,resnet18,scratch,gs40,adaptive,test,gs40,1337,5,1,slice_level,0.36231884057971014,0.5652173913043478,0.9902038660602294,0.0005657690158788708,0.0052437709401483125,0.7256199327872296,0.05507246376811594,0.9709473672120468,0.9323468537218329,345,13800
2,resnet18,scratch,gs40,adaptive,test,gs40,1337,5,1,subject_level,0.15942028985507245,0.37681159420289856,0.9923082192738851,0.0008457674496415733,0.02464068114109661,0.7736727331134092,0.057971014492753624,0.9830266176790431,0.9441940250781897,69,4692
2,resnet18,scratch,gs40,blind,train,raw,1337,5,1,slice_level,0.6801801801801802,0.7837837837837838,0.9997399924574671,8.979493433290774e-05,0.0009204788201148747,0.7615171556691827,0.3036036036036036,0.9991071417525008,0.9982235704818825,1110,44400
2,resnet18,scratch,gs40,blind,train,raw,1337,5,1,subject_level,0.38288288288288286,0.5315315315315315,0.9997142628506497,5.5595829680159284e-05,0.004575841367949505,0.8469343900583964,0.38738738738738737,0.9994921456049154,0.9986069188148208,222,49062
2,resnet18,scratch,gs40,blind,test,raw,1337,5,1,slice_level,0.6811594202898551,0.8260869565217391,0.9997343343237172,0.00010127088297968325,0.00295787095092237,0.7688734509556815,0.2579710144927536,0.9991760798122572,0.9982990872816763,345,13800
2,resnet18,scratch,gs40,blind,test,raw,1337,5,1,subject_level,0.4492753623188406,0.6086956521739131,0.9997023551360421,7.470707962478417e-05,0.014710608761811602,0.8428082953408206,0.4057971014492754,0.9995221556096837,0.9986406311151418,69,4692
3,resnet18,scratch,gs40,adaptive,train,gs40,1337,5,1,slice_level,0.36036036036036034,0.6576576576576577,0.9824577639768789,0.0007719504940617191,0.001252718540411946,0.8510433304926549,0.22072072072072071,0.976954356990419,0.9576253925948529,1110,44400
3,resnet18,scratch,gs40,adaptive,train,gs40,1337,5,1,subject_level,0.38288288288288286,0.6081081081081081,0.9875943961444201,0.0007457091464652671,0.0059603753747200375,0.9015327544739309,0.36936936936936937,0.9860690711317835,0.9666145755801373,222,49062
3,resnet18,scratch,gs40,adaptive,test,gs40,1337,5,1,slice_level,0.5652173913043478,0.8260869565217391,0.9814979243969572,0.0009127639342045438,0.0035254546420891647,0.7731469229153539,0.20579710144927535,0.9754566560620846,0.96739075600669,345,13800
3,resnet18,scratch,gs40,adaptive,test,gs40,1337,5,1,subject_level,0.4057971014492754,0.5652173913043478,0.9867742346680682,0.0008707167445749476,0.01664926457232323,0.8526693601195992,0.21739130434782608,0.9850031785343004,0.9767823975282354,69,4692
3,resnet18,scratch,gs40,blind,train,raw,1337,5,1,slice_level,0.8513513513513513,0.8963963963963963,0.9981482058495015,0.0007427890558500547,0.001005644170642906,0.8482703514325136,0.4540540540540541,0.9954875465985891,0.9903033963610997,1110,44400
3,resnet18,scratch,gs40,blind,train,raw,1337,5,1,subject_level,0.5855855855855856,0.7162162162162162,0.9979442747326585,0.0005681375125506977,0.0048901681339385,0.9243929174374326,0.6126126126126126,0.9973011306814246,0.9920886176121638,222,49062
3,resnet18,scratch,gs40,blind,test,raw,1337,5,1,slice_level,0.8840579710144928,0.9420289855072463,0.9982023748798646,0.0007593433062235514,0.0032185039388528767,0.8460722537282084,0.48985507246376814,0.995637992153997,0.9907156855904538,345,13800
3,resnet18,scratch,gs40,blind,test,raw,1337,5,1,subject_level,0.6956521739130435,0.7681159420289855,0.9979669918184695,0.000773533530857252,0.015649619593244533,0.9187624325092356,0.6956521739130435,0.997421391632246,0.99243121716779,69,4692
4,resnet18,scratch,gs40,adaptive,train,gs40,1337,5,1,slice_level,0.30180180180180183,0.5405405405405406,0.9832698426268123,0.000805738809946421,0.0016519828177233402,0.8283616893920949,0.1927927927927928,0.9727761787337226,0.9335894520902955,1110,44400
4,resnet18,scratch,gs40,adaptive,train,gs40,1337,5,1,subject_level,0.27927927927927926,0.43243243243243246,0.9877837751362775,0.0007537772526612153,0.007704303855797998,0.8704795201218096,0.24324324324324326,0.9836428992383115,0.9438210866224906,222,49062
4,resnet18,scratch,gs40,adaptive,test,gs40,1337,5,1,slice_level,0.4927536231884058,0.6666666666666666,0.9824254175891047,0.0009995906249336574,0.004538621034716134,0.8275914723797521,0.20579710144927535,0.972272395223811,0.9474732943030372,345,13800
4,resnet18,scratch,gs40,adaptive,test,gs40,1337,5,1,subject_level,0.463768115942029,0.6811594202898551,0.9869791675305021,0.0012066355649975762,0.021050064784029255,0.888196992722735,0.36231884057971014,0.98318629593089,0.958039157289475,69,4692
4,resnet18,scratch,gs40,blind,train,raw,1337,5,1,slice_level,0.7837837837837838,0.8423423423423423,0.9989774318428727,0.00033939260620254654,0.0009459641917822631,0.8049561825338852,0.35945945945945945,0.9975915544741862,0.9955374720638936,1110,44400
4,resnet18,scratch,gs40,blind,train,raw,1337,5,1,subject_level,0.5315315315315315,0.6576576576576577,0.9989284787092123,0.00022396794310561172,0.004663367929809668,0.8860415998730784,0.527027027027027,0.9985480480365925,0.9964782748564074,222,49062
4,resnet18,scratch,gs40,blind,test,raw,1337,5,1,slice_level,0.7536231884057971,0.855072463768116,0.9988903766093047,0.0004212320714757062,0.003059807486589188,0.8211457676958622,0.34202898550724636,0.9975898599279099,0.995040924432485,345,13800
4,resnet18,scratch,gs40,blind,test,raw,1337,5,1,subject_level,0.5217391304347826,0.7391304347826086,0.9988264787024346,0.00025997991147248643,0.015085616783387419,0.8951252208507852,0.4782608695652174,0.9985281004421953,0.9959602394575556,69,4692
0,resnet18,scratch,gs50,adaptive,train,gs50,1337,5,1,slice_level,0.19457013574660634,0.3665158371040724,0.9924573949559242,0.000330353754138515,0.0021195921275714135,0.7448851067750456,0.09321266968325792,0.9815531832060663,0.8583724930592522,1105,44200
0,resnet18,scratch,gs50,adaptive,train,gs50,1337,5,1,subject_level,0.167420814479638,0.3212669683257919,0.9943216739736531,0.0004270602675045238,0.00983316108913106,0.7895730766438778,0.18099547511312217,0.9892907965237199,0.864964669150906,221,48620
0,resnet18,scratch,gs50,adaptive,test,gs50,1337,5,1,slice_level,0.3142857142857143,0.4714285714285714,0.990107637643814,0.0005041207586015974,0.004910924641548523,0.6770259183673469,0.06,0.9691937363147736,0.9448931701992239,350,14000
0,resnet18,scratch,gs50,adaptive,test,gs50,1337,5,1,subject_level,0.2,0.42857142857142855,0.9922065598624094,0.0005975195339747838,0.022813215239771773,0.74466430050281,0.08571428571428572,0.9818268273557935,0.9571045510763955,70,4830
0,resnet18,scratch,gs50,blind,train,raw,1337,5,1,slice_level,0.7013574660633484,0.7828054298642534,0.998146153952741,0.0006148755820088796,0.001118769122253918,0.7765779058577834,0.3339366515837104,0.9923755756870114,0.9823219561792607,1105,44200
0,resnet18,scratch,gs50,blind,train,raw,1337,5,1,subject_level,0.38461538461538464,0.502262443438914,0.9979612255527962,0.00042221125434426703,0.0053919370800290444,0.8262237762237763,0.39819004524886875,0.9952783549533171,0.985135965165117,221,48620
0,resnet18,scratch,gs50,blind,test,raw,1337,5,1,slice_level,0.7,0.7857142857142857,0.9980870238372258,0.0006705888680049351,0.0034561824053525926,0.7743114285714287,0.3028571428571429,0.992487496478217,0.9836536921220166,350,14000
0,resnet18,scratch,gs50,blind,test,raw,1337,5,1,subject_level,0.44285714285714284,0.6285714285714286,0.9978046442781175,0.0005908991609300886,0.016723862516560724,0.8250340136054423,0.4142857142857143,0.9950250932148524,0.9861303531605264,70,4830
1,resnet18,scratch,gs50,adaptive,train,gs50,1337,5,1,slice_level,0.11764705882352941,0.3031674208144796,0.9828503379994388,0.0005240464642037093,0.0013381189617172422,0.8041934337953769,0.11221719457013575,0.9761814386057098,0.9529777572138817,1105,44200
1,resnet18,scratch,gs50,adaptive,train,gs50,1337,5,1,subject_level,0.16289592760180996,0.3167420814479638,0.9878712242545046,0.0005206597876225122,0.006334515768882915,0.8445453335591744,0.14479638009049775,0.9854574413860545,0.9618145507066547,221,48620
1,resnet18,scratch,gs50,adaptive,test,gs50,1337,5,1,slice_level,0.18571428571428572,0.44285714285714284,0.9823844603129795,0.000635298660823277,0.0034770394209772348,0.7329623469387756,0.07428571428571429,0.9757308987208775,0.9679566745502608,350,14000
1,resnet18,scratch,gs50,adaptive,test,gs50,1337,5,1,subject_level,0.21428571428571427,0.5285714285714286,0.9877951060022626,0.0005778125354221889,0.016385850802596125,0.8262703342206447,0.14285714285714285,0.9856981481824603,0.9778112892902169,70,4830
1,resnet18,scratch,gs50,blind,train,raw,1337,5,1,slice_level,0.7647058823529411,0.8461538461538461,0.9978045842766222,0.0006813584949096404,0.0009687515613054056,0.8629106488401139,0.41900452488687784,0.9959615229481485,0.9929995882605536,1105,44200
1,resnet18,scratch,gs50,blind,train,raw,1337,5,1,subject_level,0.6334841628959276,0.7601809954751131,0.9978597679289218,0.0004651522204886734,0.004740982537676171,0.9379376678684637,0.6606334841628959,0.9975309202034549,0.9945659876825975,221,48620
1,resnet18,scratch,gs50,blind,test,raw,1337,5,1,slice_level,0.8714285714285714,0.9142857142857143,0.9978228832994188,0.0007305409227098738,0.0030459968406440956,0.8564305102040816,0.40285714285714286,0.9959906331130437,0.9932797783740929,350,14000
1,resnet18,scratch,gs50,blind,test,raw,1337,5,1,subject_level,0.7571428571428571,0.8714285714285714,0.9978659817150661,0.0006499205316816058,0.014879275845097644,0.9411047027506656,0.6714285714285714,0.99767883845738,0.9949673757543228,70,4830
2,resnet18,scratch,gs50,adaptive,train,gs50,1337,5,1,slice_level,0.15315315315315314,0.32882882882882886,0.9859356987583745,0.0004580463912035968,0.00156087759747967,0.8160545308822338,0.09099099099099099,0.9770747424782933,0.9362741235798007,1110,44400
2,resnet18,scratch,gs50,adaptive,train,gs50,1337,5,1,subject_level,0.13963963963963963,0.36486486486486486,0.9898814623420303,0.0005157721472216082,0.007414615058617012,0.8488227894030755,0.11711711711711711,0.9861229735988755,0.9453576488929024,222,49062
2,resnet18,scratch,gs50,adaptive,test,gs50,1337,5,1,slice_level,0.3333333333333333,0.5797101449275363,0.9854412268901217,0.0007257781166961228,0.004297909448328225,0.774326927116152,0.08695652173913043,0.9759299573690995,0.9530037048718204,345,13800
2,resnet18,scratch,gs50,adaptive,test,gs50,1337,5,1,subject_level,0.21739130434782608,0.4492753623188406,0.9895767379498136,0.0007711389790410581,0.020223281089810356,0.8388592361960538,0.07246376811594203,0.9858819263568823,0.9626710743016904,69,4692
2,resnet18,scratch,gs50,blind,train,raw,1337,5,1,slice_level,0.7477477477477478,0.8873873873873874,0.9992248066910753,0.00024136498167708114,0.0009346657937606545,0.8194767064361659,0.3747747747747748,0.9982965370019277,0.9966257609346428,1110,44400
2,resnet18,scratch,gs50,blind,train,raw,1337,5,1,subject_level,0.545045045045045,0.6891891891891891,0.9992305053783966,0.0001622271967363787,0.0046283992947087635,0.8931290652276344,0.5315315315315315,0.99898835560223,0.9973159854364747,222,49062
2,resnet18,scratch,gs50,blind,test,raw,1337,5,1,slice_level,0.7971014492753623,0.8985507246376812,0.9992199229157489,0.00023309908051421678,0.0030019866687286158,0.8132440663726108,0.4028985507246377,0.998317417545595,0.9967365154235259,345,13800
2,resnet18,scratch,gs50,blind,test,raw,1337,5,1,subject_level,0.6666666666666666,0.782608695652174,0.9992022281107695,0.00024058162302210712,0.014859876284996668,0.8897259596970484,0.5797101449275363,0.999010341754858,0.9974197910976329,69,4692
3,resnet18,scratch,gs50,adaptive,train,gs50,1337,5,1,slice_level,0.0945945945945946,0.23873873873873874,0.9817992381684415,0.0005593434110418097,0.00136207493215061,0.7924704975245516,0.0891891891891892,0.9746848425349673,0.9495887226524117,1110,44400
3,resnet18,scratch,gs50,adaptive,train,gs50,1337,5,1,subject_level,0.10810810810810811,0.2747747747747748,0.9871590083783811,0.0004479672994699564,0.006430109121694087,0.8312068641957354,0.0990990990990991,0.9844997033879563,0.9592467735827,222,49062
3,resnet18,scratch,gs50,adaptive,test,gs50,1337,5,1,slice_level,0.17391304347826086,0.43478260869565216,0.9812439714652904,0.000675610874010169,0.0036099021275784226,0.7330756143667296,0.1246376811594203,0.973696568046791,0.9647455598090006,345,13800
3,resnet18,scratch,gs50,adaptive,test,gs50,1337,5,1,subject_level,0.2463768115942029,0.4927536231884058,0.9869993640028912,0.0004994946977366571,0.01695982844609281,0.7963462322547166,0.2028985507246377,0.9843605817228124,0.9754142302762517,69,4692
3,resnet18,scratch,gs50,blind,train,raw,1337,5,1,slice_level,0.8108108108108109,0.8963963963963963,0.9989786080948941,0.00043493536141541627,0.000945685677039479,0.8456610056001947,0.409009009009009,0.9976882321340543,0.9955494311008904,1110,44400
3,resnet18,scratch,gs50,blind,train,raw,1337,5,1,subject_level,0.6081081081081081,0.7207207207207207,0.9988622654665698,0.0002883812328716656,0.004659143782027804,0.930278006390884,0.6036036036036037,0.9986138110225266,0.9964803338322976,222,49062
3,resnet18,scratch,gs50,blind,test,raw,1337,5,1,slice_level,0.9130434782608695,0.9420289855072463,0.9990616224814153,0.00043429499087126357,0.0030364915863543315,0.8395498844780509,0.45217391304347826,0.99781343591386,0.9957672929591027,345,13800
3,resnet18,scratch,gs50,blind,test,raw,1337,5,1,subject_level,0.7246376811594203,0.7536231884057971,0.998891936696094,0.000372972177422565,0.014951679140221382,0.9352273990881796,0.6231884057971014,0.9987249694008759,0.9966702114692226,69,4692
4,resnet18,scratch,gs50,adaptive,train,gs50,1337,5,1,slice_level,0.22072072072072071,0.3918918918918919,0.9920031777373305,0.00037014511254456666,0.0022689567413181067,0.7506940487785083,0.07477477477477477,0.9757311021422481,0.7948683166755615,1110,44400
4,resnet18,scratch,gs50,adaptive,train,gs50,1337,5,1,subject_level,0.16666666666666666,0.2882882882882883,0.9935764042106835,0.000490534681457657,0.010332088720321923,0.7726286118575468,0.08108108108108109,0.9859828248217299,0.8040337713145922,222,49062
4,resnet18,scratch,gs50,adaptive,test,gs50,1337,5,1,slice_level,0.2753623188405797,0.5942028985507246,0.9888046280197476,0.0007225568743719571,0.008036464270528244,0.6827430161730729,0.06666666666666667,0.9422508650931759,0.8755130361776421,345,13800
4,resnet18,scratch,gs50,adaptive,test,gs50,1337,5,1,subject_level,0.2028985507246377,0.3333333333333333,0.9898103847019915,0.0028484861056009927,0.039071600749224854,0.7278778556160964,0.10144927536231885,0.9666881690854612,0.8987130616288965,69,4692
4,resnet18,scratch,gs50,blind,train,raw,1337,5,1,slice_level,0.8018018018018018,0.8603603603603603,0.9993129673304858,0.00022696159981392525,0.0009351971929972606,0.83051562373184,0.4,0.9982812154400456,0.9966849376247809,1110,44400
4,resnet18,scratch,gs50,blind,train,raw,1337,5,1,subject_level,0.5315315315315315,0.6801801801801802,0.999238184980444,0.00019458553812525293,0.004624149476824043,0.9130565535573486,0.5405405405405406,0.9989940832864057,0.9973906490000066,222,49062
4,resnet18,scratch,gs50,blind,test,raw,1337,5,1,slice_level,0.782608695652174,0.855072463768116,0.9992930068485979,0.00031889694324438125,0.00302141271126659,0.8578979206049149,0.3652173913043478,0.998346585812776,0.9963429433496102,345,13800
4,resnet18,scratch,gs50,blind,test,raw,1337,5,1,subject_level,0.5797101449275363,0.7681159420289855,0.9991966304571732,0.00024192834245985833,0.014946938357383444,0.931307683754031,0.5217391304347826,0.9990044650824174,0.9969965572780966,69,4692
